place_name,full_url,service_name,service_attribue
Le Refuge de Pantin,'https://soliguide.fr/fr/fiche/le-refuge-de-pantin-50',Laverie,
Le Refuge de Pantin,'https://soliguide.fr/fr/fiche/le-refuge-de-pantin-50',Douche,Aucun service adapté
Le Refuge de Pantin,'https://soliguide.fr/fr/fiche/le-refuge-de-pantin-50',Accompagnement social,
Le Refuge de Pantin,'https://soliguide.fr/fr/fiche/le-refuge-de-pantin-50',Bagagerie,
CAARUD PROSES Saint-Denis,'https://soliguide.fr/fr/fiche/caarud-proses-saint-denis-136',Accueil de jour,
CAARUD PROSES Saint-Denis,'https://soliguide.fr/fr/fiche/caarud-proses-saint-denis-136',Infirmerie,
CAARUD PROSES Saint-Denis,'https://soliguide.fr/fr/fiche/caarud-proses-saint-denis-136',Accompagnement à l'emploi,Accompagnement social
CAARUD PROSES Saint-Denis,'https://soliguide.fr/fr/fiche/caarud-proses-saint-denis-136',Toilettes,
CAARUD PROSES Saint-Denis,'https://soliguide.fr/fr/fiche/caarud-proses-saint-denis-136',Conseil logement,Accompagnement social
CAARUD PROSES Saint-Denis,'https://soliguide.fr/fr/fiche/caarud-proses-saint-denis-136',Permanence juridique,Accompagnement social
CAARUD PROSES Saint-Denis,'https://soliguide.fr/fr/fiche/caarud-proses-saint-denis-136',Domiciliation,Accompagnement social
CAARUD PROSES Saint-Denis,'https://soliguide.fr/fr/fiche/caarud-proses-saint-denis-136',Prise,
CAARUD PROSES Saint-Denis,'https://soliguide.fr/fr/fiche/caarud-proses-saint-denis-136',Wifi,
CAARUD PROSES Saint-Denis,'https://soliguide.fr/fr/fiche/caarud-proses-saint-denis-136',Activités diverses,Addiction
CAARUD PROSES Montreuil,'https://soliguide.fr/fr/fiche/caarud-proses-montreuil-137',Accueil de jour,
CAARUD PROSES Montreuil,'https://soliguide.fr/fr/fiche/caarud-proses-montreuil-137',Accompagnement social,
CAARUD PROSES Montreuil,'https://soliguide.fr/fr/fiche/caarud-proses-montreuil-137',Espace de repos,
CAARUD PROSES Montreuil,'https://soliguide.fr/fr/fiche/caarud-proses-montreuil-137',Bibliothèque,
CAARUD PROSES Montreuil,'https://soliguide.fr/fr/fiche/caarud-proses-montreuil-137',Ordinateur,
CAARUD PROSES Montreuil,'https://soliguide.fr/fr/fiche/caarud-proses-montreuil-137',Infirmerie,
CAARUD PROSES Montreuil,'https://soliguide.fr/fr/fiche/caarud-proses-montreuil-137',Douche,
CAARUD PROSES Montreuil,'https://soliguide.fr/fr/fiche/caarud-proses-montreuil-137',Laverie,
CAARUD PROSES Montreuil,'https://soliguide.fr/fr/fiche/caarud-proses-montreuil-137',Psychologie,
CAARUD Yucca,'https://soliguide.fr/fr/fiche/caarud-yucca-bondy-138',Accueil de jour,
CAARUD Yucca,'https://soliguide.fr/fr/fiche/caarud-yucca-bondy-138',Dépistage,Addiction
CAARUD Yucca,'https://soliguide.fr/fr/fiche/caarud-yucca-bondy-138',Douche,
CAARUD Yucca,'https://soliguide.fr/fr/fiche/caarud-yucca-bondy-138',Laverie,
CAARUD Yucca,'https://soliguide.fr/fr/fiche/caarud-yucca-bondy-138',Toilettes,
CAARUD Yucca,'https://soliguide.fr/fr/fiche/caarud-yucca-bondy-138',Ordinateur,Point d'information et d’orientation
CAARUD Yucca,'https://soliguide.fr/fr/fiche/caarud-yucca-bondy-138',Accueil de jour,
CAARUD Yucca,'https://soliguide.fr/fr/fiche/caarud-yucca-bondy-138',Activités diverses,
CAARUD Aurore,'https://soliguide.fr/fr/fiche/caarud-aurore-aulnay-sous-bois-139',Addiction,Accueil de jour
CAARUD Aurore,'https://soliguide.fr/fr/fiche/caarud-aurore-aulnay-sous-bois-139',Accueil de jour,
CAARUD Aurore,'https://soliguide.fr/fr/fiche/caarud-aurore-aulnay-sous-bois-139',Conseil administratif,Point d'information et d’orientation
CAARUD Aurore,'https://soliguide.fr/fr/fiche/caarud-aurore-aulnay-sous-bois-139',Douche,
CAARUD Aurore,'https://soliguide.fr/fr/fiche/caarud-aurore-aulnay-sous-bois-139',Wifi,
CAARUD Aurore,'https://soliguide.fr/fr/fiche/caarud-aurore-aulnay-sous-bois-139',Prise,
CAARUD Aurore,'https://soliguide.fr/fr/fiche/caarud-aurore-aulnay-sous-bois-139',Toilettes,
Toilettes publiques,'https://soliguide.fr/fr/fiche/sanisette-saint-ouen-1361',Toilettes,
Toilettes publiques,'https://soliguide.fr/fr/fiche/sanisette-paris-1543',Toilettes,
CMP Pantin,'https://soliguide.fr/fr/fiche/cmp-pantin-2177',Psychologie,
Restos du Coeur - Centre dactivités d'Aubervilliers,'https://soliguide.fr/fr/fiche/centre-de-distribution-des-restos-du-coeur-aubervilliers-2362',Colis alimentaire,Épicerie sociale et solidaire
Restos du Coeur - Centre dactivités d'Aulnay-sous-Bois,'https://soliguide.fr/fr/fiche/centre-de-distribution-des-restos-du-coeur-aulnay-sous-bois-2363',Colis alimentaire,Épicerie sociale et solidaire
Restos du Coeur - Centre dactivités de Bondy,'https://soliguide.fr/fr/fiche/centre-de-distribution-des-restos-du-coeur-bondy-2365',Colis alimentaire,Épicerie sociale et solidaire
Restos du Coeur - Centre dactivités de Drancy,'https://soliguide.fr/fr/fiche/centre-de-distribution-des-restos-du-coeur-drancy-2366',Colis alimentaire,Épicerie sociale et solidaire
Restos du Coeur - Centre dactivités de Drancy,'https://soliguide.fr/fr/fiche/centre-de-distribution-des-restos-du-coeur-drancy-2366',Toilettes,
Restos du Coeur - Centre dactivités de Drancy,'https://soliguide.fr/fr/fiche/centre-de-distribution-des-restos-du-coeur-drancy-2366',Prise,
Restos du Coeur - Centre dactivités de Drancy,'https://soliguide.fr/fr/fiche/centre-de-distribution-des-restos-du-coeur-drancy-2366',Activités diverses,
Restos du Coeur - Centre dactivités de La Courneuve,'https://soliguide.fr/fr/fiche/centre-de-distribution-des-restos-du-coeur-la-courneuve-2368',Colis alimentaire,Épicerie sociale et solidaire
Restos du Coeur - Centre dactivités de La Courneuve,'https://soliguide.fr/fr/fiche/centre-de-distribution-des-restos-du-coeur-la-courneuve-2368',Bibliothèque,
Restos du Coeur - Centre dactivités du Pré-Saint-Gervais,'https://soliguide.fr/fr/fiche/centre-de-distribution-des-restos-du-coeur-le-pre-saint-gervais-2370',Colis alimentaire,Épicerie sociale et solidaire
Restos du Coeur - Centre dactivités du Pré-Saint-Gervais,'https://soliguide.fr/fr/fiche/centre-de-distribution-des-restos-du-coeur-le-pre-saint-gervais-2370',Accompagnement social,
Restos du Coeur - Centre dactivités des Lilas,'https://soliguide.fr/fr/fiche/centre-de-distribution-des-restos-du-coeur-les-lilas-2371',Colis alimentaire,Épicerie sociale et solidaire
Restos du Coeur - Centre dactivités de Noisy-le-Grand,'https://soliguide.fr/fr/fiche/centre-de-distribution-des-restos-du-coeur-noisy-le-grand-2372',Colis alimentaire,Épicerie sociale et solidaire
Restos du Coeur - Centre dactivités de Noisy-le-Grand,'https://soliguide.fr/fr/fiche/centre-de-distribution-des-restos-du-coeur-noisy-le-grand-2372',Prise,
Restos du Coeur - Centre dactivités de Noisy-le-Grand,'https://soliguide.fr/fr/fiche/centre-de-distribution-des-restos-du-coeur-noisy-le-grand-2372',Fontaine à eau,
Restos du Coeur - Centre dactivités de Noisy-le-Grand,'https://soliguide.fr/fr/fiche/centre-de-distribution-des-restos-du-coeur-noisy-le-grand-2372',Bibliothèque,
Restos du Coeur - Centre dactivités de Noisy-le-Grand,'https://soliguide.fr/fr/fiche/centre-de-distribution-des-restos-du-coeur-noisy-le-grand-2372',Vêtements,
Restos du Coeur - Centre dactivités de Noisy-le-Sec,'https://soliguide.fr/fr/fiche/centre-de-distribution-des-restos-du-coeur-noisy-le-sec-2373',Colis alimentaire,Épicerie sociale et solidaire
Restos du Coeur - Centre dactivités de Pantin,'https://soliguide.fr/fr/fiche/centre-de-distribution-des-restos-du-coeur-pantin-2374',Colis alimentaire,Épicerie sociale et solidaire
Restos du Coeur - Centre dactivités de Pierrefitte,'https://soliguide.fr/fr/fiche/centre-de-distribution-des-restos-du-coeur-pierrefitte-sur-seine-2376',Colis alimentaire,Épicerie sociale et solidaire
Restos du Coeur - Centre dactivités de Saint-Denis,'https://soliguide.fr/fr/fiche/centre-de-distribution-des-restos-du-coeur-saint-denis-2378',Colis alimentaire,Épicerie sociale et solidaire
Restos du Coeur - Centre dactivités de Saint-Ouen,'https://soliguide.fr/fr/fiche/centre-de-distribution-des-restos-du-coeur-saint-ouen-2379',Colis alimentaire,Épicerie sociale et solidaire
Restos du Coeur - Centre dactivités de Stains,'https://soliguide.fr/fr/fiche/centre-de-distribution-des-restos-du-coeur-stains-2380',Colis alimentaire,Épicerie sociale et solidaire
Restos du Coeur - Centre dactivités de Tremblay-en-France,'https://soliguide.fr/fr/fiche/centre-de-distribution-des-restos-du-coeur-tremblay-en-france-2381',Colis alimentaire,Épicerie sociale et solidaire
Restos du Coeur - Centre dactivités de Villepinte,'https://soliguide.fr/fr/fiche/centre-de-distribution-des-restos-du-coeur-villepinte-2383',Colis alimentaire,Épicerie sociale et solidaire
Le Pôle Social,'https://soliguide.fr/fr/fiche/le-pole-social-epinay-sur-seine-2384',Douche,Accueil de jour
Le Pôle Social,'https://soliguide.fr/fr/fiche/le-pole-social-epinay-sur-seine-2384',Conseil administratif,Conseil budget
Restos du Coeur - Centre dactivités du Bourget,'https://soliguide.fr/fr/fiche/centre-de-distribution-des-restos-du-coeur-paris-2385',Colis alimentaire,Épicerie sociale et solidaire
Restos du Coeur - Centre dactivités de Neuilly-sur-Marne,'https://soliguide.fr/fr/fiche/centre-de-distribution-des-restos-du-coeur-neuilly-sur-marne-2386',Colis alimentaire,Épicerie sociale et solidaire
Restos du Coeur - Centre dactivités de Montreuil,'https://soliguide.fr/fr/fiche/les-restos-du-coeur-de-montreuil-2388',Vêtements,Boutique Solidaire
Restos du Coeur - Centre dactivités de Montreuil,'https://soliguide.fr/fr/fiche/les-restos-du-coeur-de-montreuil-2388',Colis alimentaire,Panier alimentaire
Restos du Coeur - Centre dactivités de Montreuil,'https://soliguide.fr/fr/fiche/les-restos-du-coeur-de-montreuil-2388',Bien-être,Coiffure
Restos du Coeur - Centre dactivités de Montreuil,'https://soliguide.fr/fr/fiche/les-restos-du-coeur-de-montreuil-2388',Accompagnement à l'emploi,Accompagnement à l’emploi
Restos du Coeur - Centre dactivités de Sevran,'https://soliguide.fr/fr/fiche/centre-de-distribution-des-restos-du-coeur-sevran-2389',Colis alimentaire,Épicerie sociale et solidaire
Association Speranza,'https://soliguide.fr/fr/fiche/association-speranza-le-blanc-mesnil-2404',Épicerie sociale et solidaire,
Boutique Coup de Main - Pantin,'https://soliguide.fr/fr/fiche/boutique-coup-de-main-pantin-2454',Magasin solidaire,Boutique Solidaire
Boutique Coup de Main - Pantin,'https://soliguide.fr/fr/fiche/boutique-coup-de-main-pantin-2454',Insertion par l'activité économique,Accompagnement à l’emploi
Boutique Coup de Main - Bagnolet,'https://soliguide.fr/fr/fiche/boutique-coup-de-main-bagnolet-2455',Vêtements,
Boutique Coup de Main - Bagnolet,'https://soliguide.fr/fr/fiche/boutique-coup-de-main-bagnolet-2455',Magasin solidaire,Boutique Solidaire
Boutique Coup de Main - Bagnolet,'https://soliguide.fr/fr/fiche/boutique-coup-de-main-bagnolet-2455',Insertion par l'activité économique,Accompagnement à l’emploi
Habitat-Cité,'https://soliguide.fr/fr/fiche/permanence-acces-aux-droits-pour-les-russophones-pantin-2648',Permanence juridique,Accompagnement social
Association Ikambere « La Maison Accueillante »,'https://soliguide.fr/fr/fiche/association-ikambere-la-maison-accueillante-saint-denis-2661',Accompagnement à l'emploi,Accompagnement à l’emploi
Association Ikambere « La Maison Accueillante »,'https://soliguide.fr/fr/fiche/association-ikambere-la-maison-accueillante-saint-denis-2661',Bien-être,Activités diverses
Association Ikambere « La Maison Accueillante »,'https://soliguide.fr/fr/fiche/association-ikambere-la-maison-accueillante-saint-denis-2661',Ordinateur,Atelier numérique
Association Ikambere « La Maison Accueillante »,'https://soliguide.fr/fr/fiche/association-ikambere-la-maison-accueillante-saint-denis-2661',Colis alimentaire,Épicerie sociale et solidaire
Association Ikambere « La Maison Accueillante »,'https://soliguide.fr/fr/fiche/association-ikambere-la-maison-accueillante-saint-denis-2661',Activités diverses,
Association Ikambere « La Maison Accueillante »,'https://soliguide.fr/fr/fiche/association-ikambere-la-maison-accueillante-saint-denis-2661',Activités diverses,nutrition
Association Ikambere « La Maison Accueillante »,'https://soliguide.fr/fr/fiche/association-ikambere-la-maison-accueillante-saint-denis-2661',Activités diverses,Point d'information et d’orientation
Association Ikambere « La Maison Accueillante »,'https://soliguide.fr/fr/fiche/association-ikambere-la-maison-accueillante-saint-denis-2661',Activités diverses,
SPADA 93,'https://soliguide.fr/fr/fiche/spada-93-aubervilliers-2666',Accompagnement social,
SPADA 93,'https://soliguide.fr/fr/fiche/spada-93-aubervilliers-2666',Domiciliation,
SPADA 93,'https://soliguide.fr/fr/fiche/spada-93-aubervilliers-2666',Conseil administratif,
SPADA 93,'https://soliguide.fr/fr/fiche/spada-93-aubervilliers-2666',Dépistage,Point d'information et d’orientation
Mission Locale d'Aubervilliers / AISPJA,'https://soliguide.fr/fr/fiche/mission-locale-aubervilliers-2677',Accompagnement à l'emploi,
Mission Locale d'Aubervilliers / AISPJA,'https://soliguide.fr/fr/fiche/mission-locale-aubervilliers-2677',Ordinateur,
Mission Locale d'Aubervilliers / AISPJA,'https://soliguide.fr/fr/fiche/mission-locale-aubervilliers-2677',Conseil administratif,
Mission Locale La Lyr - Bobigny,'https://soliguide.fr/fr/fiche/mission-locale-mire-antenne-de-bobigny-2683',Accompagnement à l'emploi,
Mission Locale Paris Terres d'Envol - Antenne du Blanc-Mesnil,'https://soliguide.fr/fr/fiche/mission-locale-mire-antenne-du-blanc-mesnil-le-blanc-mesnil-2687',Accompagnement à l'emploi,
Mission Locale Paris Terres d'Envol - Antenne de Drancy,'https://soliguide.fr/fr/fiche/mission-locale-mire-antenne-de-drancy-2690',Accompagnement à l'emploi,Accompagnement à l’emploi
PASS - GHI Montfermeil,'https://soliguide.fr/fr/fiche/pass-du-ghi-montfermeil-2695',Accompagnement social,Accès aux droits de santé
La Place Santé,'https://soliguide.fr/fr/fiche/centre-de-sante-association-sante-bien-etre-saint-denis-2696',Généraliste,Médecin généraliste
La Place Santé,'https://soliguide.fr/fr/fiche/centre-de-sante-association-sante-bien-etre-saint-denis-2696',Gynécologie,Médecin généraliste
La Place Santé,'https://soliguide.fr/fr/fiche/centre-de-sante-association-sante-bien-etre-saint-denis-2696',Conseil administratif,Point d'information et d’orientation
Mission Locale Intercommunale - antenne de Bondy,'https://soliguide.fr/fr/fiche/mission-locale-bondy-2699',Accompagnement à l'emploi,
Mission Locale Intercommunale - antenne de Bondy,'https://soliguide.fr/fr/fiche/mission-locale-bondy-2699',Accompagnement social,
point-justice du Pré Saint-Gervais,'https://soliguide.fr/fr/fiche/point-acces-aux-droits-le-pre-saint-gervais-2702',Conseil logement,Permanence juridique
Mission Locale CODE - antenne d'Épinay-sur-Seine,'https://soliguide.fr/fr/fiche/mission-locale-epinay-sur-seine-2706',Accompagnement à l'emploi,
Mission Locale CODE - antenne d'Épinay-sur-Seine,'https://soliguide.fr/fr/fiche/mission-locale-epinay-sur-seine-2706',Accompagnement social,
Mission Locale CODE- antenne de Saint-Ouen-sur-Seine,'https://soliguide.fr/fr/fiche/mission-locale-de-saint-ouen-2708',Accompagnement à l'emploi,
Mission Locale CODE- antenne de Saint-Ouen-sur-Seine,'https://soliguide.fr/fr/fiche/mission-locale-de-saint-ouen-2708',Accompagnement social,
PASS - Hôpital Avicenne,'https://soliguide.fr/fr/fiche/pass-de-hopital-avicenne-bobigny-2714',Généraliste,Médecin généraliste
Mission Locale CODE - antenne de Villetaneuse,'https://soliguide.fr/fr/fiche/mission-locale-de-villetaneuse-2715',Accompagnement à l'emploi,
Mission Locale CODE - antenne de Villetaneuse,'https://soliguide.fr/fr/fiche/mission-locale-de-villetaneuse-2715',Accompagnement social,
PASS - Hôpital Jean Verdier,'https://soliguide.fr/fr/fiche/pass-de-hopital-jean-verdier-paris-2744',Généraliste,Polyclinique
point-justice de Livry-Gargan,'https://soliguide.fr/fr/fiche/point-acces-aux-droits-livry-gargan-2750',Conseil logement,Permanence juridique
point-justice de Livry-Gargan,'https://soliguide.fr/fr/fiche/point-acces-aux-droits-livry-gargan-2750',Accompagnement social,Conseil administratif
point-justice de Livry-Gargan,'https://soliguide.fr/fr/fiche/point-acces-aux-droits-livry-gargan-2750',Permanence juridique,Conseil administratif
Mission Locale de La Courneuve,'https://soliguide.fr/fr/fiche/mission-locale-intercommunale-de-la-courneuve-2751',Accompagnement à l'emploi,
PASS - CHI Robert Ballanger,'https://soliguide.fr/fr/fiche/chi-robert-ballanger-pass-aulnay-sous-bois-2758',Accompagnement social,
PASS - CHI Robert Ballanger,'https://soliguide.fr/fr/fiche/chi-robert-ballanger-pass-aulnay-sous-bois-2758',Généraliste,Médecin généraliste
Mission Locale de la Dhuys - Clichy-sous-Bois,'https://soliguide.fr/fr/fiche/mission-locale-de-la-dhuys-clichy-sous-bois-2759',Accompagnement à l'emploi,
point-justice de Drancy,'https://soliguide.fr/fr/fiche/point-acces-aux-droits-drancy-2764',Permanence juridique,Aucun service adapté
point-justice de Drancy,'https://soliguide.fr/fr/fiche/point-acces-aux-droits-drancy-2764',Écrivain public,
PASS - Centre hospitalier de Saint-Denis Delafontaine,'https://soliguide.fr/fr/fiche/pass-du-centre-hospitalier-de-saint-denis-2766',Accompagnement social,Ouverture aux droits de santé
PASS - Centre hospitalier de Saint-Denis Delafontaine,'https://soliguide.fr/fr/fiche/pass-du-centre-hospitalier-de-saint-denis-2766',Généraliste,Conseil logement
PASS - Centre hospitalier de Saint-Denis Delafontaine,'https://soliguide.fr/fr/fiche/pass-du-centre-hospitalier-de-saint-denis-2766',Dentaire,Conseil logement
PASS - Centre hospitalier de Saint-Denis Delafontaine,'https://soliguide.fr/fr/fiche/pass-du-centre-hospitalier-de-saint-denis-2766',Soins enfants,Conseil logement
PASS - Centre hospitalier de Saint-Denis Delafontaine,'https://soliguide.fr/fr/fiche/pass-du-centre-hospitalier-de-saint-denis-2766',Oto-rhino-laryngologie,Conseil logement
PASS - Centre hospitalier de Saint-Denis Delafontaine,'https://soliguide.fr/fr/fiche/pass-du-centre-hospitalier-de-saint-denis-2766',Ophtalmologie,Conseil logement
PASS - Centre hospitalier de Saint-Denis Delafontaine,'https://soliguide.fr/fr/fiche/pass-du-centre-hospitalier-de-saint-denis-2766',Stomatologie,Conseil logement
PASS - Centre hospitalier de Saint-Denis Delafontaine,'https://soliguide.fr/fr/fiche/pass-du-centre-hospitalier-de-saint-denis-2766',Rhumatologie,Conseil logement
PASS - Centre hospitalier de Saint-Denis Delafontaine,'https://soliguide.fr/fr/fiche/pass-du-centre-hospitalier-de-saint-denis-2766',Gastro-entérologie,Conseil logement
PASS - Centre hospitalier de Saint-Denis Delafontaine,'https://soliguide.fr/fr/fiche/pass-du-centre-hospitalier-de-saint-denis-2766',Gynécologie,
Mission Locale Intercommunale - antenne de Montreuil,'https://soliguide.fr/fr/fiche/mission-locale-intercommunale-antenne-de-montreuil-2770',Accompagnement social,
Mission Locale Intercommunale - antenne de Montreuil,'https://soliguide.fr/fr/fiche/mission-locale-intercommunale-antenne-de-montreuil-2770',Accompagnement à l'emploi,
Maison des services publics de Montfermeil,'https://soliguide.fr/fr/fiche/maison-des-services-publics-de-montfermeil-2772',Conseil logement,Accompagnement social
Maison des services publics de Montfermeil,'https://soliguide.fr/fr/fiche/maison-des-services-publics-de-montfermeil-2772',Accompagnement social,Conseil administratif
Mission Locale de la Lyr - Pantin,'https://soliguide.fr/fr/fiche/mission-locale-de-la-lyr-pantin-2774',Accompagnement social,
Mission Locale de la Lyr - Pantin,'https://soliguide.fr/fr/fiche/mission-locale-de-la-lyr-pantin-2774',Accompagnement à l'emploi,
Mission Locale de la Marne aux Bois - Rosny,'https://soliguide.fr/fr/fiche/mission-locale-de-la-marne-aux-bois-rosny-rosny-sous-bois-2777',Accompagnement social,
Mission Locale de la Marne aux Bois - Rosny,'https://soliguide.fr/fr/fiche/mission-locale-de-la-marne-aux-bois-rosny-rosny-sous-bois-2777',Accompagnement à l'emploi,
point-justice de Montreuil Centre-Ville,'https://soliguide.fr/fr/fiche/point-acces-aux-droits-de-montreuil-centre-ville-2778',Permanence juridique,Aucun service adapté
Mission Locale CODE - antenne de Pierre?tte,'https://soliguide.fr/fr/fiche/mission-locale-objectif-emploi-antenne-de-pierre-tte-pierrefitte-sur-seine-2779',Accompagnement social,
Mission Locale CODE - antenne de Pierre?tte,'https://soliguide.fr/fr/fiche/mission-locale-objectif-emploi-antenne-de-pierre-tte-pierrefitte-sur-seine-2779',Accompagnement à l'emploi,
Mission Locale CODE - Saint-Denis (Siège),'https://soliguide.fr/fr/fiche/mission-locale-objectif-emploi-antenne-de-saint-denis-centre-ville-2784',Accompagnement social,
Mission Locale CODE - Saint-Denis (Siège),'https://soliguide.fr/fr/fiche/mission-locale-objectif-emploi-antenne-de-saint-denis-centre-ville-2784',Accompagnement à l'emploi,
Bureau d'accompagnement vers l'emploi,'https://soliguide.fr/fr/fiche/bureau-accompagnement-vers-emploi-la-courneuve-2786',Accompagnement à l'emploi,Accompagnement à l’emploi
Bureau d'accompagnement vers l'emploi,'https://soliguide.fr/fr/fiche/bureau-accompagnement-vers-emploi-la-courneuve-2786',Accompagnement à l'emploi,Aucun service adapté
Planning Familial 93,'https://soliguide.fr/fr/fiche/planning-familial-93-saint-denis-2787',Accompagnement social,Aucun service adapté
Planning Familial 93,'https://soliguide.fr/fr/fiche/planning-familial-93-saint-denis-2787',Généraliste,Consultation médicale
SOS Femmes 93  - Lieu d'Accueil et d'Orientation,'https://soliguide.fr/fr/fiche/sos-femmes-93-lieu-accueil-et-d-orientation-bondy-2789',Domiciliation,
SOS Femmes 93  - Lieu d'Accueil et d'Orientation,'https://soliguide.fr/fr/fiche/sos-femmes-93-lieu-accueil-et-d-orientation-bondy-2789',Laverie,
SOS Femmes 93  - Lieu d'Accueil et d'Orientation,'https://soliguide.fr/fr/fiche/sos-femmes-93-lieu-accueil-et-d-orientation-bondy-2789',Douche,
SOS Femmes 93  - Lieu d'Accueil et d'Orientation,'https://soliguide.fr/fr/fiche/sos-femmes-93-lieu-accueil-et-d-orientation-bondy-2789',Conseil administratif,Aide aux démarches
SOS Femmes 93  - Lieu d'Accueil et d'Orientation,'https://soliguide.fr/fr/fiche/sos-femmes-93-lieu-accueil-et-d-orientation-bondy-2789',Activités diverses,Aucun service adapté
CSAPA Docteur Pesqué,'https://soliguide.fr/fr/fiche/csapa-docteur-pesque-aubervilliers-2793',Addiction,
CSAPA Docteur Pesqué,'https://soliguide.fr/fr/fiche/csapa-docteur-pesque-aubervilliers-2793',Psychologie,Addiction
Secours Populaire - Comité de Drancy,'https://soliguide.fr/fr/fiche/secours-populaire-comite-de-drancy-2795',Conseil administratif,Accueil de jour
Secours Populaire - Comité de Drancy,'https://soliguide.fr/fr/fiche/secours-populaire-comite-de-drancy-2795',Vêtements,Aucun service adapté
CSAPA Balagny,'https://soliguide.fr/fr/fiche/csapa-balagny-aulnay-sous-bois-2796',Infirmerie,
CSAPA Balagny,'https://soliguide.fr/fr/fiche/csapa-balagny-aulnay-sous-bois-2796',Psychologie,
AIDES Saint-Denis,'https://soliguide.fr/fr/fiche/aides-saint-denis-2802',Dépistage,
Secours Populaire - Comité de La Courneuve,'https://soliguide.fr/fr/fiche/secours-populaire-comite-de-la-courneuve-aubervilliers-2805',Colis alimentaire,
CeGIDD Départemental de Bobigny,'https://soliguide.fr/fr/fiche/cegidd-bobigny-2807',Dépistage,Permanence juridique
CeGIDD Départemental de Bobigny,'https://soliguide.fr/fr/fiche/cegidd-bobigny-2807',Dépistage,Suivi Grossesse
CeGIDD Départemental de Bobigny,'https://soliguide.fr/fr/fiche/cegidd-bobigny-2807',Gynécologie,Psychologie
CeGIDD Départemental de Bobigny,'https://soliguide.fr/fr/fiche/cegidd-bobigny-2807',Psychologie,Conseil aux parents
Mission Locale Intercommunale - antenne de Sevran,'https://soliguide.fr/fr/fiche/mission-locale-intercommunale-antenne-de-sevran-2808',Accompagnement social,
Mission Locale Intercommunale - antenne de Sevran,'https://soliguide.fr/fr/fiche/mission-locale-intercommunale-antenne-de-sevran-2808',Accompagnement à l'emploi,
Secours Populaire - Comité des Lilas,'https://soliguide.fr/fr/fiche/secours-populaire-comite-de-les-lilas-2809',Colis alimentaire,
Secours Populaire - Comité des Lilas,'https://soliguide.fr/fr/fiche/secours-populaire-comite-de-les-lilas-2809',Conseil administratif,
Mission Locale Intercommunale - antenne de Villemomble,'https://soliguide.fr/fr/fiche/mission-locale-intercommunale-antenne-de-villemomble-2811',Accompagnement social,
Mission Locale Intercommunale - antenne de Villemomble,'https://soliguide.fr/fr/fiche/mission-locale-intercommunale-antenne-de-villemomble-2811',Accompagnement à l'emploi,
CSAPA Oppelia Cap 93,'https://soliguide.fr/fr/fiche/csapa-cap93-le-blanc-mesnil-2813',Généraliste,Médecin généraliste
CSAPA Oppelia Cap 93,'https://soliguide.fr/fr/fiche/csapa-cap93-le-blanc-mesnil-2813',Psychologie,
CSAPA Oppelia Cap 93,'https://soliguide.fr/fr/fiche/csapa-cap93-le-blanc-mesnil-2813',Addiction,
Mission Locale Intercommunale - antenne de Tremblay-en-France,'https://soliguide.fr/fr/fiche/mission-locale-intercommunale-antenne-de-tremblay-en-france-2814',Accompagnement social,
Mission Locale Intercommunale - antenne de Tremblay-en-France,'https://soliguide.fr/fr/fiche/mission-locale-intercommunale-antenne-de-tremblay-en-france-2814',Accompagnement à l'emploi,
ASKOLA,'https://soliguide.fr/fr/fiche/aset-93-saint-denis-2816',Accompagnement social,Conseil aux parents
Maison de Justice et du Droit d'Epinay-sur-Seine,'https://soliguide.fr/fr/fiche/la-maison-de-la-justice-et-du-droit-epinay-sur-seine-2822',Permanence juridique,Accompagnement social
Maison de Justice et du Droit de Clichy-sous-Bois,'https://soliguide.fr/fr/fiche/maison-de-la-justice-et-du-droit-de-clichy-sous-bois-montfermeil-2824',Permanence juridique,Aucun service adapté
Maison de Justice et du Droit de Clichy-sous-Bois,'https://soliguide.fr/fr/fiche/maison-de-la-justice-et-du-droit-de-clichy-sous-bois-montfermeil-2824',Permanence juridique,Aucun service adapté
Maison de Justice et du Droit de Clichy-sous-Bois,'https://soliguide.fr/fr/fiche/maison-de-la-justice-et-du-droit-de-clichy-sous-bois-montfermeil-2824',Permanence juridique,Aucun service adapté
Espace Tête à Tête,'https://soliguide.fr/fr/fiche/espace-tete-tete-rosny-sous-bois-2825',Musée,Aucun service adapté
Espace Tête à Tête,'https://soliguide.fr/fr/fiche/espace-tete-tete-rosny-sous-bois-2825',Activités diverses,
Espace Tête à Tête,'https://soliguide.fr/fr/fiche/espace-tete-tete-rosny-sous-bois-2825',Ordinateur,Aucun service adapté
Espace Tête à Tête,'https://soliguide.fr/fr/fiche/espace-tete-tete-rosny-sous-bois-2825',Bibliothèque,Aucun service adapté
Centre de Soins d'Accompagnement et de Prévention en Addictologie (CSAPA) -  Le Chat,'https://soliguide.fr/fr/fiche/csapa-le-chat-saint-denis-2827',Accompagnement social,
Association Femmes Relais Médiatrices Interculturelles,'https://soliguide.fr/fr/fiche/association-femmes-relais-mediatrices-interculturelles-bobigny-2828',Cours de français,Conseil administratif
Association Femmes Relais Médiatrices Interculturelles,'https://soliguide.fr/fr/fiche/association-femmes-relais-mediatrices-interculturelles-bobigny-2828',Accompagnement à l'emploi,Accompagnement à l’emploi
Association Femmes Relais Médiatrices Interculturelles,'https://soliguide.fr/fr/fiche/association-femmes-relais-mediatrices-interculturelles-bobigny-2828',Colis alimentaire,Épicerie sociale et solidaire
Association Femmes Relais Médiatrices Interculturelles,'https://soliguide.fr/fr/fiche/association-femmes-relais-mediatrices-interculturelles-bobigny-2828',Activités sportives,
CeGIDD Hôpital André Grégoire - Montreuil,'https://soliguide.fr/fr/fiche/cegidd-hopital-andre-gregoire-montreuil-2831',Dépistage,
CeGIDD du Centre hospitalier de Saint-Denis,'https://soliguide.fr/fr/fiche/cegidd-du-centre-hospitalier-de-saint-denis-2833',Dépistage,Addiction
CeGIDD du Centre hospitalier de Saint-Denis,'https://soliguide.fr/fr/fiche/cegidd-du-centre-hospitalier-de-saint-denis-2833',Suivi grossesse,Conseil aux parents
CeGIDD du Centre hospitalier de Saint-Denis,'https://soliguide.fr/fr/fiche/cegidd-du-centre-hospitalier-de-saint-denis-2833',Vaccination,Addiction
CeGIDD du Centre hospitalier de Saint-Denis,'https://soliguide.fr/fr/fiche/cegidd-du-centre-hospitalier-de-saint-denis-2833',Dépistage,Prise
Secours Populaire - Comité de l'île Saint-Denis,'https://soliguide.fr/fr/fiche/secours-populaire-comite-de-ile-saint-denis-2834',Colis alimentaire,Panier alimentaire
Secours Populaire - Comité de l'île Saint-Denis,'https://soliguide.fr/fr/fiche/secours-populaire-comite-de-ile-saint-denis-2834',Colis alimentaire,Panier alimentaire
CASITA Maison des adolescents,'https://soliguide.fr/fr/fiche/casita-maison-des-adolescents-bobigny-2837',Accompagnement social,Conseil administratif
CASITA Maison des adolescents,'https://soliguide.fr/fr/fiche/casita-maison-des-adolescents-bobigny-2837',Infirmerie,
CASADO Maison des adolescents,'https://soliguide.fr/fr/fiche/casado-maisons-des-adolescents-paris-2840',Psychologie,
CASADO Maison des adolescents,'https://soliguide.fr/fr/fiche/casado-maisons-des-adolescents-paris-2840',Psychologie,Groupe de Parole Parents
CSAPA la Mosaïque,'https://soliguide.fr/fr/fiche/csapa-la-mosaique-montreuil-2841',Accompagnement social,
CSAPA la Mosaïque,'https://soliguide.fr/fr/fiche/csapa-la-mosaique-montreuil-2841',Infirmerie,
CSAPA la Mosaïque,'https://soliguide.fr/fr/fiche/csapa-la-mosaique-montreuil-2841',Psychologie,
CSAPA la Mosaïque,'https://soliguide.fr/fr/fiche/csapa-la-mosaique-montreuil-2841',Addiction,
Secours Populaire - Comité de Livry Gargan,'https://soliguide.fr/fr/fiche/secours-populaire-comite-de-livry-gargan-2843',Conseil administratif,
Secours Catholique de Clichy-sous-Bois,'https://soliguide.fr/fr/fiche/secours-catholique-de-clichy-accueil-social-clichy-sous-bois-2845',Soutien scolaire,
France Services de villetaneuse -Maison Commune-Espace Numerique,'https://soliguide.fr/fr/fiche/service-tranquillite-publique-et-acces-aux-droits-villetaneuse-2850',Permanence juridique,Conseil administratif
CAUP Montreuil,'https://soliguide.fr/fr/fiche/caup-montreuil-2853',Infirmerie,
point-justice de Sevran,'https://soliguide.fr/fr/fiche/point-acces-aux-droits-sevran-2854',Permanence juridique,Conseil administratif
point-justice de Sevran,'https://soliguide.fr/fr/fiche/point-acces-aux-droits-sevran-2854',Permanence juridique,Conseil administratif
Secours Populaire - Comité de Montreuil,'https://soliguide.fr/fr/fiche/secours-populaire-comite-de-montreuil-2857',Colis alimentaire,Épicerie sociale et solidaire
Secours Populaire - Comité de Montreuil,'https://soliguide.fr/fr/fiche/secours-populaire-comite-de-montreuil-2857',Vêtements,Boutique Solidaire
Secours Populaire - Comité de Montreuil,'https://soliguide.fr/fr/fiche/secours-populaire-comite-de-montreuil-2857',Magasin solidaire,Boutique Solidaire
Secours Populaire - Comité de Montreuil,'https://soliguide.fr/fr/fiche/secours-populaire-comite-de-montreuil-2857',Conseil administratif,
Secours Populaire - Comité de Montreuil,'https://soliguide.fr/fr/fiche/secours-populaire-comite-de-montreuil-2857',Écrivain public,
Mission Locale Noisy-le-Grand,'https://soliguide.fr/fr/fiche/mission-locale-noisy-le-grand-2858',Accompagnement social,
Mission Locale Noisy-le-Grand,'https://soliguide.fr/fr/fiche/mission-locale-noisy-le-grand-2858',Accompagnement à l'emploi,
Accueil de jour Emmaüs alternatives,'https://soliguide.fr/fr/fiche/accueil-de-jour-emmaus-montreuil-2864',Accueil de jour,
Accueil de jour Emmaüs alternatives,'https://soliguide.fr/fr/fiche/accueil-de-jour-emmaus-montreuil-2864',Colis alimentaire,Panier alimentaire
Accueil de jour Emmaüs alternatives,'https://soliguide.fr/fr/fiche/accueil-de-jour-emmaus-montreuil-2864',Téléphone,
Neptune,'https://soliguide.fr/fr/fiche/neptune-montreuil-2868',Insertion par l'activité économique,Accompagnement à l’emploi
Neptune,'https://soliguide.fr/fr/fiche/neptune-montreuil-2868',Magasin solidaire,Boutique Solidaire
Association EFOR,'https://soliguide.fr/fr/fiche/association-efor-la-courneuve-2870',Cours de français,
Association EFOR,'https://soliguide.fr/fr/fiche/association-efor-la-courneuve-2870',Cours de français,
Secours Populaire - Comité de Noisy-le-Sec,'https://soliguide.fr/fr/fiche/comite-du-secours-populaire-de-noisy-le-sec-2871',Colis alimentaire,Colis bébé
Secours Populaire - Comité de Noisy-le-Sec,'https://soliguide.fr/fr/fiche/comite-du-secours-populaire-de-noisy-le-sec-2871',Conseil administratif,
Secours Populaire - Comité de Noisy-le-Sec,'https://soliguide.fr/fr/fiche/comite-du-secours-populaire-de-noisy-le-sec-2871',Activités diverses,
Secours Populaire - Comité de Pantin,'https://soliguide.fr/fr/fiche/secours-populaire-de-pantin-2873',Colis alimentaire,Panier alimentaire
Secours Populaire - Comité de Pantin,'https://soliguide.fr/fr/fiche/secours-populaire-de-pantin-2873',Vêtements,
Secours Populaire - Comité de Pantin,'https://soliguide.fr/fr/fiche/secours-populaire-de-pantin-2873',Conseil administratif,
Secours Populaire - Comité de Pantin,'https://soliguide.fr/fr/fiche/secours-populaire-de-pantin-2873',Distribution de repas,Accueil de jour
Centre Social Esperanto,'https://soliguide.fr/fr/fiche/atelier-socio-linguistique-montreuil-2875',Écrivain public,
Centre Social Esperanto,'https://soliguide.fr/fr/fiche/atelier-socio-linguistique-montreuil-2875',Accompagnement à l'emploi,Accompagnement à l’emploi
Association des Femmes de la Boissière (AFB),'https://soliguide.fr/fr/fiche/association-des-femmes-de-la-boissiere-afb-montreuil-2877',Cours de français,Aucun service adapté
Association des Femmes de la Boissière (AFB),'https://soliguide.fr/fr/fiche/association-des-femmes-de-la-boissiere-afb-montreuil-2877',Cours de français,Aucun service adapté
Maison de Justice et du Droit de Pantin,'https://soliguide.fr/fr/fiche/maison-de-la-justice-et-du-droit-de-pantin-2886',Conseil handicap,Conseil Handicap
Restos du Coeur - Centre dactivités du Blanc-Mesnil,'https://soliguide.fr/fr/fiche/centre-de-distribution-restos-du-coeur-drancy-2890',Colis alimentaire,Épicerie sociale et solidaire
Bibliothèque Elsa Triolet,'https://soliguide.fr/fr/fiche/bibliotheque-elsa-triolet-pantin-2899',Ordinateur,
Bibliothèque Elsa Triolet,'https://soliguide.fr/fr/fiche/bibliotheque-elsa-triolet-pantin-2899',Wifi,
ADEPT 93,'https://soliguide.fr/fr/fiche/adept-93-drancy-2900',Permanence juridique,Point d'information et d’orientation
ADEPT 93,'https://soliguide.fr/fr/fiche/adept-93-drancy-2900',Accompagnement à l'emploi,Accompagnement à l’emploi
AFPAD,'https://soliguide.fr/fr/fiche/afpad-ile-saint-denis-2902',Écrivain public,
AFPAD,'https://soliguide.fr/fr/fiche/afpad-ile-saint-denis-2902',Conseil administratif,
Bibliothèque Nelson Mandela,'https://soliguide.fr/fr/fiche/bibliotheque-romain-rolland-pantin-2905',Wifi,
Bibliothèque Jules Verne,'https://soliguide.fr/fr/fiche/bibliotheque-jules-verne-pantin-2907',Ordinateur,Atelier numérique
Bibliothèque Jules Verne,'https://soliguide.fr/fr/fiche/bibliotheque-jules-verne-pantin-2907',Wifi,
Bibliothèque Jules Verne,'https://soliguide.fr/fr/fiche/bibliotheque-jules-verne-pantin-2907',Activités diverses,
Le Kiosque,'https://soliguide.fr/fr/fiche/le-kiosque-les-lilas-2913',Activités diverses,Point d'information et d’orientation
Le Kiosque,'https://soliguide.fr/fr/fiche/le-kiosque-les-lilas-2913',Ordinateur,Atelier numérique
Le Kiosque,'https://soliguide.fr/fr/fiche/le-kiosque-les-lilas-2913',Accompagnement à l'emploi,Accompagnement à l’emploi
Amicale du Nid - Césaria Evora: Accueil de jour Saint-Denis,'https://soliguide.fr/fr/fiche/amicale-du-nid-saint-denis-2919',Distribution de repas,Collations
Amicale du Nid - Césaria Evora: Accueil de jour Saint-Denis,'https://soliguide.fr/fr/fiche/amicale-du-nid-saint-denis-2919',Accompagnement social,Accueil de jour
Amicale du Nid - Césaria Evora: Accueil de jour Saint-Denis,'https://soliguide.fr/fr/fiche/amicale-du-nid-saint-denis-2919',Douche,
Amicale du Nid - Césaria Evora: Accueil de jour Saint-Denis,'https://soliguide.fr/fr/fiche/amicale-du-nid-saint-denis-2919',Laverie,
Amicale du Nid - Césaria Evora: Accueil de jour Saint-Denis,'https://soliguide.fr/fr/fiche/amicale-du-nid-saint-denis-2919',Bien-être,Aucun service adapté
Amicale du Nid - Césaria Evora: Accueil de jour Saint-Denis,'https://soliguide.fr/fr/fiche/amicale-du-nid-saint-denis-2919',Toilettes,
Amicale du Nid - Césaria Evora: Accueil de jour Saint-Denis,'https://soliguide.fr/fr/fiche/amicale-du-nid-saint-denis-2919',Prise,
Amicale du Nid - Césaria Evora: Accueil de jour Saint-Denis,'https://soliguide.fr/fr/fiche/amicale-du-nid-saint-denis-2919',Accueil de jour,
Amicale du Nid - Césaria Evora: Accueil de jour Saint-Denis,'https://soliguide.fr/fr/fiche/amicale-du-nid-saint-denis-2919',Bibliothèque,
Centre social André Malraux - Annexe Mauriac,'https://soliguide.fr/fr/fiche/centre-social-andre-malraux-annexe-mauriac-villepinte-2939',Activités diverses,Atelier numérique
Centre Social André Malraux,'https://soliguide.fr/fr/fiche/centre-social-andre-malraux-villepinte-2940',Activités diverses,Aucun service adapté
Centre Socioculturel des Hauts de Gagny,'https://soliguide.fr/fr/fiche/centre-socioculturel-des-hauts-de-gagny-2951',Conseil aux parents,Espace familles
Centre Socioculturel des Hauts de Gagny,'https://soliguide.fr/fr/fiche/centre-socioculturel-des-hauts-de-gagny-2951',Activités diverses,Cours de français
Centre Socioculturel des Epinettes,'https://soliguide.fr/fr/fiche/centre-socioculturel-des-epinettes-gagny-2954',Activités diverses,Conseil administratif
Centre Socioculturel des Epinettes,'https://soliguide.fr/fr/fiche/centre-socioculturel-des-epinettes-gagny-2954',Activités diverses,Conseil administratif
Centre Socioculturel des Epinettes,'https://soliguide.fr/fr/fiche/centre-socioculturel-des-epinettes-gagny-2954',Activités diverses,Accueil de jour
Centre Socioculturel des Epinettes,'https://soliguide.fr/fr/fiche/centre-socioculturel-des-epinettes-gagny-2954',Activités diverses,Espace familles
Centre Social et Culturel Anne Frank,'https://soliguide.fr/fr/fiche/centre-social-et-culturel-anne-frank-bagnolet-2956',Activités diverses,Aucun service adapté
Centre Social et Culturel Anne Frank,'https://soliguide.fr/fr/fiche/centre-social-et-culturel-anne-frank-bagnolet-2956',Activités diverses,Aucun service adapté
Centre Social et Culturel Anne Frank,'https://soliguide.fr/fr/fiche/centre-social-et-culturel-anne-frank-bagnolet-2956',Cours de français,Aucun service adapté
Secours Populaire - Comité de Tremblay en France,'https://soliguide.fr/fr/fiche/comite-de-tremblay-en-france-2957',Colis alimentaire,
Secours Populaire - Comité de Tremblay en France,'https://soliguide.fr/fr/fiche/comite-de-tremblay-en-france-2957',Accompagnement social,Conseil administratif
Centre Guy To?oletti,'https://soliguide.fr/fr/fiche/centre-guy-to-oletti-bagnolet-2958',Ordinateur,Point d'information et d’orientation
Centre Guy To?oletti,'https://soliguide.fr/fr/fiche/centre-guy-to-oletti-bagnolet-2958',Soutien scolaire,Aucun service adapté
Centre Guy To?oletti,'https://soliguide.fr/fr/fiche/centre-guy-to-oletti-bagnolet-2958',Cours de français,
Centre Guy To?oletti,'https://soliguide.fr/fr/fiche/centre-guy-to-oletti-bagnolet-2958',Activités diverses,Point d'information et d’orientation
Centre Guy To?oletti,'https://soliguide.fr/fr/fiche/centre-guy-to-oletti-bagnolet-2958',Activités sportives,Point d'information et d’orientation
Centre Guy To?oletti,'https://soliguide.fr/fr/fiche/centre-guy-to-oletti-bagnolet-2958',Écrivain public,
Centre Social et Culturel Pablo Neruda,'https://soliguide.fr/fr/fiche/centre-social-et-culturel-pablo-neruda-bagnolet-2959',Soutien scolaire,Aucun service adapté
Centre Social et Culturel Pablo Neruda,'https://soliguide.fr/fr/fiche/centre-social-et-culturel-pablo-neruda-bagnolet-2959',Activités diverses,
Centre Social et Culturel Pablo Neruda,'https://soliguide.fr/fr/fiche/centre-social-et-culturel-pablo-neruda-bagnolet-2959',Activités diverses,
Centre Social et Culturel Pablo Neruda,'https://soliguide.fr/fr/fiche/centre-social-et-culturel-pablo-neruda-bagnolet-2959',Écrivain public,
Centre Social et Culturel Pablo Neruda,'https://soliguide.fr/fr/fiche/centre-social-et-culturel-pablo-neruda-bagnolet-2959',Cours de français,
Centre Social et Culturel la Fosse aux Fraises,'https://soliguide.fr/fr/fiche/centre-social-et-culturel-la-fosse-aux-fraises-bagnolet-2976',Activités diverses,
Centre Social et Culturel la Fosse aux Fraises,'https://soliguide.fr/fr/fiche/centre-social-et-culturel-la-fosse-aux-fraises-bagnolet-2976',Activités diverses,Aucun service adapté
Centre Social et Culturel la Fosse aux Fraises,'https://soliguide.fr/fr/fiche/centre-social-et-culturel-la-fosse-aux-fraises-bagnolet-2976',Activités sportives,
Centre Social et Culturel la Fosse aux Fraises,'https://soliguide.fr/fr/fiche/centre-social-et-culturel-la-fosse-aux-fraises-bagnolet-2976',Conseil administratif,Écrivain public
Centre Social et Culturel la Fosse aux Fraises,'https://soliguide.fr/fr/fiche/centre-social-et-culturel-la-fosse-aux-fraises-bagnolet-2976',Écrivain public,
Centre Social et Culturel la Fosse aux Fraises,'https://soliguide.fr/fr/fiche/centre-social-et-culturel-la-fosse-aux-fraises-bagnolet-2976',Accompagnement social,
Centre Social et Culturel les Coutures,'https://soliguide.fr/fr/fiche/centre-social-et-culturel-les-coutures-bagnolet-2977',Activités diverses,Aucun service adapté
Centre Social et Culturel les Coutures,'https://soliguide.fr/fr/fiche/centre-social-et-culturel-les-coutures-bagnolet-2977',Activités diverses,
Centre Social et Culturel les Coutures,'https://soliguide.fr/fr/fiche/centre-social-et-culturel-les-coutures-bagnolet-2977',Activités sportives,
Centre Social et Culturel les Coutures,'https://soliguide.fr/fr/fiche/centre-social-et-culturel-les-coutures-bagnolet-2977',Cours de français,Aucun service adapté
Centre Social et Culturel les Coutures,'https://soliguide.fr/fr/fiche/centre-social-et-culturel-les-coutures-bagnolet-2977',Écrivain public,Conseil administratif
Centre Social Grand Air - Espace 40,'https://soliguide.fr/fr/fiche/centre-social-grand-air-espace-40-montreuil-2982',Accompagnement à l'emploi,Accompagnement à l’emploi
Centre Social Grand Air - Espace 40,'https://soliguide.fr/fr/fiche/centre-social-grand-air-espace-40-montreuil-2982',Activités diverses,Accueil de jour
Centre Social Grand Air - Espace 40,'https://soliguide.fr/fr/fiche/centre-social-grand-air-espace-40-montreuil-2982',Conseil administratif,Accompagnement social
Centre Social Grand Air - Espace 40,'https://soliguide.fr/fr/fiche/centre-social-grand-air-espace-40-montreuil-2982',Conseil administratif,Accompagnement social
Centre Social Grand Air - Espace 40,'https://soliguide.fr/fr/fiche/centre-social-grand-air-espace-40-montreuil-2982',Cours de français,Aucun service adapté
Confédération syndicale des familles (CSF) Section d'Aulnay-sous-Bois,'https://soliguide.fr/fr/fiche/csf-aulnay-sous-bois-2988',Cours de français,
Confédération syndicale des familles (CSF) Section d'Aulnay-sous-Bois,'https://soliguide.fr/fr/fiche/csf-aulnay-sous-bois-2988',Cours de français,
Confédération syndicale des familles (CSF) Section d'Aulnay-sous-Bois,'https://soliguide.fr/fr/fiche/csf-aulnay-sous-bois-2988',Écrivain public,
Divers Cités Cultures (D2C),'https://soliguide.fr/fr/fiche/divers-cites-cultures-d2c-sevran-2996',Activités diverses,Musée
Formation Insertion pour le développement et l'emploi (FIDE) - Saint-Denis I,'https://soliguide.fr/fr/fiche/formation-insertion-pour-le-developpement-et-emploi-fide-saint-denis-i-3003',Cours de français,
Formation Insertion pour le développement et l'emploi (FIDE) - Saint-Denis I,'https://soliguide.fr/fr/fiche/formation-insertion-pour-le-developpement-et-emploi-fide-saint-denis-i-3003',Accompagnement à l'emploi,
Formation Insertion pour le développement et l'emploi (FIDE) - Saint-Denis I,'https://soliguide.fr/fr/fiche/formation-insertion-pour-le-developpement-et-emploi-fide-saint-denis-i-3003',Accompagnement social,Accompagnement à l’emploi
Formation Insertion pour le développement et l'emploi (FIDE) - Saint-Denis II,'https://soliguide.fr/fr/fiche/formation-insertion-pour-le-developpement-et-emploi-fide-saint-denis-ii-3010',Accompagnement à l'emploi,Accompagnement à l’emploi
Accueil de jour la Maison de la Solidarité,'https://soliguide.fr/fr/fiche/maison-municipale-de-la-solidarite-saint-denis-3011',Accueil de jour,Activités diverses
Accueil de jour la Maison de la Solidarité,'https://soliguide.fr/fr/fiche/maison-municipale-de-la-solidarite-saint-denis-3011',Accompagnement social,Activités diverses
Accueil de jour la Maison de la Solidarité,'https://soliguide.fr/fr/fiche/maison-municipale-de-la-solidarite-saint-denis-3011',Laverie,
Accueil de jour la Maison de la Solidarité,'https://soliguide.fr/fr/fiche/maison-municipale-de-la-solidarite-saint-denis-3011',Domiciliation,Accompagnement social
Accueil de jour la Maison de la Solidarité,'https://soliguide.fr/fr/fiche/maison-municipale-de-la-solidarite-saint-denis-3011',Douche,Accompagnement social
Secours Catholique  de Rosny-sous-Bois,'https://soliguide.fr/fr/fiche/secours-catholique-de-rosny-sous-bois-3016',Accueil de jour,
Secours Catholique  de Rosny-sous-Bois,'https://soliguide.fr/fr/fiche/secours-catholique-de-rosny-sous-bois-3016',Laverie,Domiciliation
Secours Catholique  de Rosny-sous-Bois,'https://soliguide.fr/fr/fiche/secours-catholique-de-rosny-sous-bois-3016',Accompagnement social,Laverie
Secours Catholique  de Rosny-sous-Bois,'https://soliguide.fr/fr/fiche/secours-catholique-de-rosny-sous-bois-3016',Domiciliation,Accompagnement social
Secours Catholique  de Rosny-sous-Bois,'https://soliguide.fr/fr/fiche/secours-catholique-de-rosny-sous-bois-3016',Domiciliation,Aucun service adapté
Secours Catholique  de Rosny-sous-Bois,'https://soliguide.fr/fr/fiche/secours-catholique-de-rosny-sous-bois-3016',Activités diverses,
Secours Catholique  de Rosny-sous-Bois,'https://soliguide.fr/fr/fiche/secours-catholique-de-rosny-sous-bois-3016',Cours de français,Aucun service adapté
Association d'Alphabétisation du Foyer Pinel (Bourse du Travail),'https://soliguide.fr/fr/fiche/cours-la-bourse-du-travail-aafp-saint-denis-3031',Cours de français,
Association d'Alphabétisation du Foyer Pinel (Bourse du Travail),'https://soliguide.fr/fr/fiche/cours-la-bourse-du-travail-aafp-saint-denis-3031',Cours de français,
CCAS de Le Pré Saint-Gervais,'https://soliguide.fr/fr/fiche/ccas-de-le-pre-saint-gervais-3035',Accompagnement social,Conseil administratif
CCAS de Le Pré Saint-Gervais,'https://soliguide.fr/fr/fiche/ccas-de-le-pre-saint-gervais-3035',Conseil handicap,Conseil Handicap
Maison de quartier Franc Moisin - Bel Air - Stade de France,'https://soliguide.fr/fr/fiche/maison-de-quartier-franc-moisin-bel-air-stade-de-france-saint-denis-3041',Écrivain public,Conseil administratif
Maison de quartier Franc Moisin - Bel Air - Stade de France,'https://soliguide.fr/fr/fiche/maison-de-quartier-franc-moisin-bel-air-stade-de-france-saint-denis-3041',Activités diverses,Point d'information et d’orientation
Maison de quartier Franc Moisin - Bel Air - Stade de France,'https://soliguide.fr/fr/fiche/maison-de-quartier-franc-moisin-bel-air-stade-de-france-saint-denis-3041',Activités diverses,
Maison de quartier Franc Moisin - Bel Air - Stade de France,'https://soliguide.fr/fr/fiche/maison-de-quartier-franc-moisin-bel-air-stade-de-france-saint-denis-3041',Activités sportives,
Maison de quartier Edmond Michelet,'https://soliguide.fr/fr/fiche/maison-de-quartier-edmond-michelet-sevran-3042',Activités diverses,Espace familles
Maison de quartier Edmond Michelet,'https://soliguide.fr/fr/fiche/maison-de-quartier-edmond-michelet-sevran-3042',Activités diverses,
Maison de quartier Edmond Michelet,'https://soliguide.fr/fr/fiche/maison-de-quartier-edmond-michelet-sevran-3042',Activités diverses,"Voyage à moindre coût n'est pas dans la liste, mais on peut mettre Accompagnement social"
Maison de quartier Marcel Paul,'https://soliguide.fr/fr/fiche/maison-de-quartier-marcel-paul-sevran-3043',Cours de français,Activités diverses
Maison de quartier Marcel Paul,'https://soliguide.fr/fr/fiche/maison-de-quartier-marcel-paul-sevran-3043',Cours de français,
Maison de quartier Marcel Paul,'https://soliguide.fr/fr/fiche/maison-de-quartier-marcel-paul-sevran-3043',Écrivain public,Aucun service adapté
Maison de quartier Marcel Paul,'https://soliguide.fr/fr/fiche/maison-de-quartier-marcel-paul-sevran-3043',Psychologie,
Maison de quartier Marcel Paul,'https://soliguide.fr/fr/fiche/maison-de-quartier-marcel-paul-sevran-3043',Activités diverses,Aucun service adapté
Maison de quartier Marcel Paul,'https://soliguide.fr/fr/fiche/maison-de-quartier-marcel-paul-sevran-3043',Activités diverses,Cours de français
Maison de quartier Marcel Paul,'https://soliguide.fr/fr/fiche/maison-de-quartier-marcel-paul-sevran-3043',Ordinateur,Atelier numérique
Maison de quartier Rougemont,'https://soliguide.fr/fr/fiche/maison-de-quartier-rougemont-sevran-3045',Permanence juridique,Accompagnement social
Maison de quartier Rougemont,'https://soliguide.fr/fr/fiche/maison-de-quartier-rougemont-sevran-3045',Accompagnement à l'emploi,Accompagnement social
Maison de quartier Rougemont,'https://soliguide.fr/fr/fiche/maison-de-quartier-rougemont-sevran-3045',Activités diverses,
Maison de quartier Rougemont,'https://soliguide.fr/fr/fiche/maison-de-quartier-rougemont-sevran-3045',Conseil administratif,Accompagnement social
Maison de quartier Rougemont,'https://soliguide.fr/fr/fiche/maison-de-quartier-rougemont-sevran-3045',Soutien scolaire,Aucun service adapté
Maison de quartier Rougemont,'https://soliguide.fr/fr/fiche/maison-de-quartier-rougemont-sevran-3045',Activités sportives,
Maison de quartier des Quatre-Chemins - antenne Vaillant,'https://soliguide.fr/fr/fiche/maison-de-quartier-des-quatre-chemins-pantin-3051',Garde d'enfants,Garde d’enfants
Maison de quartier des Quatre-Chemins - antenne Vaillant,'https://soliguide.fr/fr/fiche/maison-de-quartier-des-quatre-chemins-pantin-3051',Activités sportives,
Maison de quartier des Quatre-Chemins - antenne Vaillant,'https://soliguide.fr/fr/fiche/maison-de-quartier-des-quatre-chemins-pantin-3051',Permanence juridique,Conseil administratif
Maison de quartier des Quatre-Chemins - antenne Vaillant,'https://soliguide.fr/fr/fiche/maison-de-quartier-des-quatre-chemins-pantin-3051',Cours de français,
Maison des Femmes Thérèse Clerc,'https://soliguide.fr/fr/fiche/maison-des-femmes-therese-clerc-montreuil-3052',Permanence juridique,Conseil administratif
Maison des Femmes Thérèse Clerc,'https://soliguide.fr/fr/fiche/maison-des-femmes-therese-clerc-montreuil-3052',Psychologie,
Maison des Femmes Thérèse Clerc,'https://soliguide.fr/fr/fiche/maison-des-femmes-therese-clerc-montreuil-3052',Accompagnement social,Conseil aux parents
Restos du Coeur - Centre dactivités de Bagnolet,'https://soliguide.fr/fr/fiche/centre-de-distribution-des-restos-du-coeur-bagnolet-3062',Colis alimentaire,Épicerie sociale et solidaire
Permanence RESF Bondy,'https://soliguide.fr/fr/fiche/permanence-resf-bondy-3065',Permanence juridique,
Secours Catholique de Montreuil,'https://soliguide.fr/fr/fiche/secours-catholique-de-montreuil-3074',Distribution de repas,
Secours Catholique de Montreuil,'https://soliguide.fr/fr/fiche/secours-catholique-de-montreuil-3074',Vêtements,Aucun service adapté
Solidarité Enfant SIDA - Bobigny,'https://soliguide.fr/fr/fiche/solidarite-enfant-sida-bobigny-3084',Accompagnement social,Accompagnement à l’emploi
Solidarité Enfant SIDA - Bobigny,'https://soliguide.fr/fr/fiche/solidarite-enfant-sida-bobigny-3084',Psychologie,Conseil aux parents
Solidarité Enfant SIDA - Bobigny,'https://soliguide.fr/fr/fiche/solidarite-enfant-sida-bobigny-3084',Accompagnement à l'emploi,Accompagnement social
Solidarité Enfant SIDA - Bobigny,'https://soliguide.fr/fr/fiche/solidarite-enfant-sida-bobigny-3084',Bien-être,
Solidarité Enfant SIDA - Bobigny,'https://soliguide.fr/fr/fiche/solidarite-enfant-sida-bobigny-3084',Activités diverses,
Médiation Culture et Vie,'https://soliguide.fr/fr/fiche/mediation-culture-et-vie-rosny-sous-bois-3089',Garde d'enfants,Garde d’enfants
Plateforme Réussite,'https://soliguide.fr/fr/fiche/plateforme-reussite-drancy-3091',Accompagnement à l'emploi,Accompagnement à l’emploi
Plateforme Réussite,'https://soliguide.fr/fr/fiche/plateforme-reussite-drancy-3091',Accompagnement à l'emploi,Accompagnement à l’emploi
LE POLE - La Courneuve,'https://soliguide.fr/fr/fiche/le-pole-la-courneuve-3094',Cours de français,
LE POLE - La Courneuve,'https://soliguide.fr/fr/fiche/le-pole-la-courneuve-3094',Cours de français,
LE POLE - La Courneuve,'https://soliguide.fr/fr/fiche/le-pole-la-courneuve-3094',Accompagnement à l'emploi,Cours de français
RAPID,'https://soliguide.fr/fr/fiche/rapid-pierrefitte-sur-seine-3095',Accompagnement à l'emploi,Insertion par l’Activité Économique
Centre Social SFM Montreuil,'https://soliguide.fr/fr/fiche/centre-social-sfm-montreuil-3099',Cours de français,
Centre Social SFM Montreuil,'https://soliguide.fr/fr/fiche/centre-social-sfm-montreuil-3099',Écrivain public,
Centre Social SFM Montreuil,'https://soliguide.fr/fr/fiche/centre-social-sfm-montreuil-3099',Garde d'enfants,Garde d’enfants
SFM AD (Solidarite Formation Mobilisation Accueil et développement) Stains I,'https://soliguide.fr/fr/fiche/accueil-et-developpement-sfmad-stains-3101',Accompagnement à l'emploi,Accompagnement à l’emploi
SFM AD (Solidarite Formation Mobilisation Accueil et développement) Stains I,'https://soliguide.fr/fr/fiche/accueil-et-developpement-sfmad-stains-3101',Permanence juridique,Conseil administratif
Solidarité et Jalons pour le travail - Bobigny,'https://soliguide.fr/fr/fiche/solidarite-et-jalons-pour-le-travail-bobigny-3103',Accompagnement à l'emploi,Insertion par l’Activité Économique
Upromi - Rosny-sous-Bois,'https://soliguide.fr/fr/fiche/upromi-rosny-sous-bois-3105',Accompagnement à l'emploi,Insertion par l’Activité Économique
La Marmite,'https://soliguide.fr/fr/fiche/la-marmite-bondy-3116',Conseil administratif,Activités diverses
La Marmite,'https://soliguide.fr/fr/fiche/la-marmite-bondy-3116',Insertion par l'activité économique,Insertion par l’Activité Économique
La Marmite,'https://soliguide.fr/fr/fiche/la-marmite-bondy-3116',Accompagnement à l'emploi,Accompagnement à l’emploi
La Marmite,'https://soliguide.fr/fr/fiche/la-marmite-bondy-3116',Activités diverses,Accès aux soins
La Marmite,'https://soliguide.fr/fr/fiche/la-marmite-bondy-3116',Permanence juridique,Conseil administratif
La Marmite,'https://soliguide.fr/fr/fiche/la-marmite-bondy-3116',Wifi,
La Marmite,'https://soliguide.fr/fr/fiche/la-marmite-bondy-3116',Colis alimentaire,Colis bébé
La Boutique Solidarité de Gagny,'https://soliguide.fr/fr/fiche/la-boutique-solidarite-de-gagny-3117',Accueil de jour,
La Boutique Solidarité de Gagny,'https://soliguide.fr/fr/fiche/la-boutique-solidarite-de-gagny-3117',Distribution de repas,
La Boutique Solidarité de Gagny,'https://soliguide.fr/fr/fiche/la-boutique-solidarite-de-gagny-3117',Douche,
La Boutique Solidarité de Gagny,'https://soliguide.fr/fr/fiche/la-boutique-solidarite-de-gagny-3117',Laverie,
La Boutique Solidarité de Gagny,'https://soliguide.fr/fr/fiche/la-boutique-solidarite-de-gagny-3117',Colis alimentaire,Vêtements
La Boutique Solidarité de Gagny,'https://soliguide.fr/fr/fiche/la-boutique-solidarite-de-gagny-3117',Domiciliation,Accompagnement social
La Boutique Solidarité de Gagny,'https://soliguide.fr/fr/fiche/la-boutique-solidarite-de-gagny-3117',Généraliste,Consultations médicales
Espace Henri Grouès Abbé Pierre,'https://soliguide.fr/fr/fiche/espace-henri-groues-abbe-pierre-saint-ouen-3118',Accueil de jour,
Espace Henri Grouès Abbé Pierre,'https://soliguide.fr/fr/fiche/espace-henri-groues-abbe-pierre-saint-ouen-3118',Distribution de repas,
Espace Henri Grouès Abbé Pierre,'https://soliguide.fr/fr/fiche/espace-henri-groues-abbe-pierre-saint-ouen-3118',Accompagnement social,
Espace Henri Grouès Abbé Pierre,'https://soliguide.fr/fr/fiche/espace-henri-groues-abbe-pierre-saint-ouen-3118',Douche,Aide à la mobilité
Espace Henri Grouès Abbé Pierre,'https://soliguide.fr/fr/fiche/espace-henri-groues-abbe-pierre-saint-ouen-3118',Toilettes,
Espace Henri Grouès Abbé Pierre,'https://soliguide.fr/fr/fiche/espace-henri-groues-abbe-pierre-saint-ouen-3118',Laverie,Accueil de jour
Espace Henri Grouès Abbé Pierre,'https://soliguide.fr/fr/fiche/espace-henri-groues-abbe-pierre-saint-ouen-3118',Activités diverses,
Espace Henri Grouès Abbé Pierre,'https://soliguide.fr/fr/fiche/espace-henri-groues-abbe-pierre-saint-ouen-3118',Wifi,
Association familiale des gens du voyage dIle de France (AFGDVIF),'https://soliguide.fr/fr/fiche/association-familiale-des-gens-du-voyage-ile-de-france-afgdvif-aubervilliers-3121',Accompagnement social,Conseil administratif
Restos du Coeur - Centre dactivités de Bobigny,'https://soliguide.fr/fr/fiche/centre-de-distribution-des-restos-du-coeur-bobigny-3124',Colis alimentaire,Épicerie sociale et solidaire
Restos du Coeur - Centre dactivités de Clichy-sous-Bois,'https://soliguide.fr/fr/fiche/centre-de-distribution-des-restos-du-coeur-clichy-sous-bois-3125',Colis alimentaire,Épicerie sociale et solidaire
Restos du Coeur - Centre dactivités de Neuilly-Plaisance,'https://soliguide.fr/fr/fiche/centre-de-distribution-des-restos-du-coeur-neuilly-plaisance-3127',Colis alimentaire,Épicerie sociale et solidaire
Restos du Coeur - Centre dactivités de Rosny sous Bois,'https://soliguide.fr/fr/fiche/restos-du-coeur-de-rosny-sous-bois-3130',Colis alimentaire,Épicerie sociale et solidaire
Emmaüs Neuilly-Plaisance,'https://soliguide.fr/fr/fiche/emmaus-neuilly-plaisance-3131',Magasin solidaire,Boutique Solidaire
Emmaüs Neuilly-Plaisance,'https://soliguide.fr/fr/fiche/emmaus-neuilly-plaisance-3131',Vêtements,Boutique Solidaire
Emmaüs Neuilly-Plaisance,'https://soliguide.fr/fr/fiche/emmaus-neuilly-plaisance-3131',Insertion par l'activité économique,Insertion par l’Activité Économique
Emmaüs en Ville,'https://soliguide.fr/fr/fiche/emmaus-en-ville-montreuil-3132',Vêtements,
Emmaüs Neuilly-sur-Marne,'https://soliguide.fr/fr/fiche/emmaus-neuilly-sur-marne-3135',Magasin solidaire,Boutique Solidaire
Emmaüs Neuilly-sur-Marne,'https://soliguide.fr/fr/fiche/emmaus-neuilly-sur-marne-3135',Vêtements,Boutique Solidaire
Emmaüs Neuilly-sur-Marne,'https://soliguide.fr/fr/fiche/emmaus-neuilly-sur-marne-3135',Insertion par l'activité économique,Insertion par l’Activité Économique
Service Social Municipal de Bagnolet,'https://soliguide.fr/fr/fiche/circonscription-municipale-de-service-social-bagnolet-3140',Accompagnement social,Point d'information et d’orientation
Service Social Municipal de Bagnolet,'https://soliguide.fr/fr/fiche/circonscription-municipale-de-service-social-bagnolet-3140',Conseil administratif,
Service Social Municipal de Bagnolet,'https://soliguide.fr/fr/fiche/circonscription-municipale-de-service-social-bagnolet-3140',Permanence juridique,Point d'information et d’orientation
Service social de polyvalence municipal- Bobigny,'https://soliguide.fr/fr/fiche/service-social-de-polyvalence-municipal-conventionne-bobigny-3209',Accompagnement social,
Circonscription de Service Social Départemental de Bondy,'https://soliguide.fr/fr/fiche/circonscription-du-service-social-departemental-de-bondy-3211',Accompagnement social,
Circonscription du Service Social Départemental de Montfermeil/ Coubron/ Clichy-sous-Bois. Site de Clichy sous Bois,'https://soliguide.fr/fr/fiche/circonscription-du-service-social-departemental-de-clichy-sous-bois-3213',Accompagnement social,
Circonscription de Service Social Départemental de Drancy,'https://soliguide.fr/fr/fiche/circonscription-du-service-social-departemental-de-drancy-3218',Accompagnement social,
Circonscription du Service Social Départemental de Dugny/ Le Bourget/ Le Blanc Mesnil. Site du Blanc Mesnil.,'https://soliguide.fr/fr/fiche/circonscription-du-service-social-departemental-de-dugny-et-le-bourget-3220',Accompagnement social,
"Circonscription du Service Social Départemental de Neuilly sur Marne, Neuilly Plaisance, Gagny",'https://soliguide.fr/fr/fiche/circonscription-du-service-social-departemental-de-gagny-neuilly-sur-marne-3232',Accompagnement social,
Circonscription du Service Social Départemental de La Courneuve,'https://soliguide.fr/fr/fiche/circonscription-du-service-social-departemental-de-la-courneuve-3233',Accompagnement social,
MAISON DEPARTEMENTALE DES SOLIDARITES Dugny/Le Bourget/ Le Blanc Mesnil. Site du Blanc-Mesnil,'https://soliguide.fr/fr/fiche/circonscription-municipale-de-service-social-le-blanc-mesnil-3236',Accompagnement social,
Circonscription de Service Social Départemental du Pré-Saint-Gervais/ Les Lilas,'https://soliguide.fr/fr/fiche/circonscription-du-service-social-departemental-du-pre-saint-gervais-le-pre-saint-gervais-3239',Accompagnement social,
CCAS des Lilas,'https://soliguide.fr/fr/fiche/ccas-de-les-lilas-3242',Accompagnement social,Point d'information et d’orientation
CCAS des Lilas,'https://soliguide.fr/fr/fiche/ccas-de-les-lilas-3242',Conseil handicap,Conseil Handicap
CCAS des Lilas,'https://soliguide.fr/fr/fiche/ccas-de-les-lilas-3242',Permanence juridique,Point d'information et d’orientation
Circonscription du Service Social Départemental de Pavillons sous Bois / Livry-Gargan /Vaujours. Site de Livry Gargan.,'https://soliguide.fr/fr/fiche/circonscription-du-service-social-departemental-de-livry-gargan-et-vaujours-3247',Accompagnement social,
Circonscription du Service Social Départemental de Montfermeil /Coubron/Clichy sous Bois. Site de Montfermeil.,'https://soliguide.fr/fr/fiche/circonscription-du-service-social-departemental-de-montfermeil-et-coubron-3248',Accompagnement social,
Circonscription du Service Social Départemental de Montreuil,'https://soliguide.fr/fr/fiche/circonscription-du-service-social-departemental-de-montreuil-3251',Accompagnement social,
Circonscription du Service Social Départemental de Noisy-le-Sec/ Romainville. Site de Noisy le Sec.,'https://soliguide.fr/fr/fiche/circonscription-du-service-social-departemental-de-noisy-le-sec-3256',Accompagnement social,
Circonscription du Service Social Départemental des Pavillons-sous-Bois / Livry Gargan/ Vaujours. Site des Pavillons sous Bois,'https://soliguide.fr/fr/fiche/circonscription-du-service-social-departemental-des-pavillons-sous-bois-et-du-raincy-les-pavillons-sous-bois-3261',Accompagnement social,
Circonscription du Service Social Départemental de Pierre?tte-Sur-Seine/Stains. Site de Pierrefitte sur Seine.,'https://soliguide.fr/fr/fiche/circonscription-du-service-social-departemental-de-pierre-tte-sur-seine-pierrefitte-sur-seine-3262',Accompagnement social,
Circonscription du Service Social Départemental de Noisy le Sec /Romainville. Site de Romainville.,'https://soliguide.fr/fr/fiche/circonscription-du-service-social-departemental-de-romainville-3264',Accompagnement social,
Circonscription du Service Social Départemental de Rosny-sous-Bois/Villemomble-Le Raincy . Site de Rosny sous Bois.,'https://soliguide.fr/fr/fiche/circonscription-du-service-social-departemental-de-rosny-sous-bois-3265',Accompagnement social,
CSAPA Barbusse,'https://soliguide.fr/fr/fiche/csapa-barbusse-saint-ouen-3309',Accompagnement social,
CSAPA Barbusse,'https://soliguide.fr/fr/fiche/csapa-barbusse-saint-ouen-3309',Bien-être,nutrition
Circonscription du Service Social Départemental de Sevran,'https://soliguide.fr/fr/fiche/circonscription-du-service-social-departemental-de-sevran-3323',Accompagnement social,
Circonscription du Service Social Départemental de Tremblay-en-France/Villepinte. Site de Tremblay en France.,'https://soliguide.fr/fr/fiche/circonscription-du-service-social-departemental-de-tremblay-en-france-3324',Accompagnement social,
La Maison des femmes de Saint-Denis - Prise en charge des femmes victimes de violences,'https://soliguide.fr/fr/fiche/la-maison-des-femmes-de-saint-denis-3325',Accompagnement social,Aucun service adapté
La Maison des femmes de Saint-Denis - Prise en charge des femmes victimes de violences,'https://soliguide.fr/fr/fiche/la-maison-des-femmes-de-saint-denis-3325',Généraliste,Aucun service adapté
La Maison des femmes de Saint-Denis - Prise en charge des femmes victimes de violences,'https://soliguide.fr/fr/fiche/la-maison-des-femmes-de-saint-denis-3325',Gynécologie,
La Maison des femmes de Saint-Denis - Prise en charge des femmes victimes de violences,'https://soliguide.fr/fr/fiche/la-maison-des-femmes-de-saint-denis-3325',Dépistage,
La Maison des femmes de Saint-Denis - Prise en charge des femmes victimes de violences,'https://soliguide.fr/fr/fiche/la-maison-des-femmes-de-saint-denis-3325',Infirmerie,gynécologie
La Maison des femmes de Saint-Denis - Prise en charge des femmes victimes de violences,'https://soliguide.fr/fr/fiche/la-maison-des-femmes-de-saint-denis-3325',Psychologie,Aucun service adapté
La Maison des femmes de Saint-Denis - Prise en charge des femmes victimes de violences,'https://soliguide.fr/fr/fiche/la-maison-des-femmes-de-saint-denis-3325',Conseil logement,Accompagnement social
La Maison des femmes de Saint-Denis - Prise en charge des femmes victimes de violences,'https://soliguide.fr/fr/fiche/la-maison-des-femmes-de-saint-denis-3325',Permanence juridique,Aucun service adapté
La Maison des femmes de Saint-Denis - Prise en charge des femmes victimes de violences,'https://soliguide.fr/fr/fiche/la-maison-des-femmes-de-saint-denis-3325',Conseil administratif,Aucun service adapté
La Maison des femmes de Saint-Denis - Prise en charge des femmes victimes de violences,'https://soliguide.fr/fr/fiche/la-maison-des-femmes-de-saint-denis-3325',Bien-être,Activités diverses
CCAS de Saint-Denis,'https://soliguide.fr/fr/fiche/ccas-de-saint-denis-3328',Accompagnement social,Conseil administratif
CCAS de Saint-Denis,'https://soliguide.fr/fr/fiche/ccas-de-saint-denis-3328',Conseil handicap,Conseil Handicap
Circonscription du Service Social Départemental deRosny sous Bois/ Villemomble-Le Raincy. Site de Villemomble.,'https://soliguide.fr/fr/fiche/circonscription-du-service-social-departemental-de-villemomble-3331',Accompagnement social,
Circonscription du Service Social Départemental deRosny sous Bois/ Villemomble-Le Raincy. Site de Villemomble.,'https://soliguide.fr/fr/fiche/circonscription-du-service-social-departemental-de-villemomble-3331',Conseil budget,
Circonscription du Service Social Départemental deRosny sous Bois/ Villemomble-Le Raincy. Site de Villemomble.,'https://soliguide.fr/fr/fiche/circonscription-du-service-social-departemental-de-villemomble-3331',Accompagnement à l'emploi,
Circonscription du Service Social Départemental de'Epinay sur Seine/Villetaneuse. Site de Villetaneuse.,'https://soliguide.fr/fr/fiche/circonscription-du-service-social-departemental-de-villetaneuse-3338',Accompagnement social,
Circonscription du Service Social Départemental de Pierrefitte/Stains. Site de Stains.,'https://soliguide.fr/fr/fiche/circonscription-du-service-social-departemental-de-stains-levallois-perret-3343',Accompagnement social,
Permanence RESF Les Lilas,'https://soliguide.fr/fr/fiche/permanence-resf-les-lilas-3349',Conseil administratif,Permanence juridique
Secours Populaire - Comité d'Aubervilliers,'https://soliguide.fr/fr/fiche/secours-populaire-comite-aubervilliers-3352',Colis alimentaire,
Secours Populaire - Comité d'Aubervilliers,'https://soliguide.fr/fr/fiche/secours-populaire-comite-aubervilliers-3352',Conseil administratif,
Permanence RESF Noisy-le-Sec,'https://soliguide.fr/fr/fiche/permanence-resf-noisy-le-sec-3353',Conseil administratif,
Permanence RESF Noisy-le-Sec,'https://soliguide.fr/fr/fiche/permanence-resf-noisy-le-sec-3353',Permanence juridique,
Permanence d'accès aux droits LDH-RESF - les Marnaudes,'https://soliguide.fr/fr/fiche/permanence-acces-aux-droits-ldh-resf-rosny-sous-bois-3355',Permanence juridique,
Permanence d'accès aux droits LDH-RESF - les Marnaudes,'https://soliguide.fr/fr/fiche/permanence-acces-aux-droits-ldh-resf-rosny-sous-bois-3355',Conseil administratif,
Secours Populaire - Comité de Bagnolet,'https://soliguide.fr/fr/fiche/secours-populaire-comite-de-bagnolet-3358',Conseil administratif,
Secours Populaire - Comité de Bagnolet,'https://soliguide.fr/fr/fiche/secours-populaire-comite-de-bagnolet-3358',Vêtements,
Secours Populaire - Comité de Bagnolet,'https://soliguide.fr/fr/fiche/secours-populaire-comite-de-bagnolet-3358',Activités diverses,Aucun service adapté
Secours Populaire - Comité du Blanc-Mesnil,'https://soliguide.fr/fr/fiche/secours-populaire-du-blanc-mesnil-le-blanc-mesnil-3363',Colis alimentaire,
Secours Populaire - Comité de Bobigny,'https://soliguide.fr/fr/fiche/comite-de-bobigny-3364',Colis alimentaire,Épicerie sociale et solidaire
Secours Populaire - Comité de Bobigny,'https://soliguide.fr/fr/fiche/comite-de-bobigny-3364',Accompagnement social,Conseil administratif
Secours Populaire - Comité de Bobigny,'https://soliguide.fr/fr/fiche/comite-de-bobigny-3364',Ordinateur,
Secours Populaire - Comité de Bobigny,'https://soliguide.fr/fr/fiche/comite-de-bobigny-3364',Wifi,
Secours Populaire - Comité de Bobigny,'https://soliguide.fr/fr/fiche/comite-de-bobigny-3364',Activités diverses,Boutique Solidaire
Secours Populaire - Comité de Pierrefitte,'https://soliguide.fr/fr/fiche/secours-populaire-comite-de-pierrefitte-pierrefitte-sur-seine-3366',Colis alimentaire,
APES Edouard Vaillant,'https://soliguide.fr/fr/fiche/amicale-pour-entraide-et-la-solidarite-apes-drancy-3367',Conseil administratif,Accompagnement social
Secours Populaire - Comité de Romainville,'https://soliguide.fr/fr/fiche/secours-populaire-de-romainville-3368',Conseil administratif,
Secours Populaire - Comité de Saint-Ouen,'https://soliguide.fr/fr/fiche/secours-populaire-de-saint-ouen-3372',Conseil administratif,
Secours Populaire - Comité de Saint-Ouen,'https://soliguide.fr/fr/fiche/secours-populaire-de-saint-ouen-3372',Accompagnement à l'emploi,Aucun service adapté
Secours Populaire - Comité de Sevran,'https://soliguide.fr/fr/fiche/secours-populaire-comite-de-sevran-3374',Colis alimentaire,
Secours Populaire - Comité de Sevran,'https://soliguide.fr/fr/fiche/secours-populaire-comite-de-sevran-3374',Vêtements,
Secours Populaire - Comité de Sevran,'https://soliguide.fr/fr/fiche/secours-populaire-comite-de-sevran-3374',Permanence juridique,
Secours Populaire - Comité de Villetaneuse,'https://soliguide.fr/fr/fiche/secours-populaire-de-villetaneuse-3375',Colis alimentaire,Épicerie sociale et solidaire
Secours Populaire - Comité de Villetaneuse,'https://soliguide.fr/fr/fiche/secours-populaire-de-villetaneuse-3375',Vêtements,Aucun service adapté
Secours Populaire - Comité de Villepinte,'https://soliguide.fr/fr/fiche/secours-populaire-comite-de-villepinte-3376',Colis alimentaire,
Secours Populaire - Comité de Villepinte,'https://soliguide.fr/fr/fiche/secours-populaire-comite-de-villepinte-3376',Conseil administratif,Épicerie sociale et solidaire
APJC - Association Pavillonnaise pour la Jeunesse et la Culture,'https://soliguide.fr/fr/fiche/association-pavillonnaise-pour-la-jeunesse-et-la-culture-apjc-les-pavillons-sous-bois-3377',Espace famille,Espace familles
ASAFI - Joliot Curie,'https://soliguide.fr/fr/fiche/ateliers-socio-linguistiques-asafi-saint-denis-3378',Cours de français,
ASAFI - Joliot Curie,'https://soliguide.fr/fr/fiche/ateliers-socio-linguistiques-asafi-saint-denis-3378',Accompagnement à l'emploi,Accompagnement à l’emploi
ASAFI - Joliot Curie,'https://soliguide.fr/fr/fiche/ateliers-socio-linguistiques-asafi-saint-denis-3378',Activités diverses,
Banque Alimentaire - Villemomble partage,'https://soliguide.fr/fr/fiche/banque-alimentaire-villemomble-partage-3381',Colis alimentaire,
Association de la Nouvelle Génération Immigrée (ANGI),'https://soliguide.fr/fr/fiche/association-de-la-nouvelle-generation-immigree-angi-aubervilliers-3382',Écrivain public,Conseil administratif
Association des Femmes Relais et Médiateurs Interculturels d'Aulnay-Sous-Bois - Réseau ANDES,'https://soliguide.fr/fr/fiche/association-des-femmes-relais-et-mediateurs-interculturels-aulnay-sous-bois-3387',Insertion par l'activité économique,
Secours Catholique de Saint-Denis,'https://soliguide.fr/fr/fiche/secours-catholique-de-saint-denis-3413',Domiciliation,Accompagnement social
Secours Catholique de Saint-Denis,'https://soliguide.fr/fr/fiche/secours-catholique-de-saint-denis-3413',Domiciliation,Conseil administratif
Secours Catholique de Saint-Denis,'https://soliguide.fr/fr/fiche/secours-catholique-de-saint-denis-3413',Permanence juridique,Conseil administratif
Secours Catholique de Saint-Denis,'https://soliguide.fr/fr/fiche/secours-catholique-de-saint-denis-3413',Cours de français,
Secours Catholique d'Epinay-sur-Seine,'https://soliguide.fr/fr/fiche/secours-catholique-epinay-sur-seine-3417',Magasin solidaire,Boutique Solidaire
Secours Catholique de Saint-Ouen,'https://soliguide.fr/fr/fiche/secours-catholique-de-saint-ouen-3421',Cours de français,
Secours Catholique de Drancy,'https://soliguide.fr/fr/fiche/secours-catholique-de-drancy-3427',Activités diverses,
Secours Catholique de Sevran,'https://soliguide.fr/fr/fiche/secours-catholique-de-sevran-3428',Atelier numérique,Ordinateur
Secours Catholique de Bondy,'https://soliguide.fr/fr/fiche/secours-catholique-de-bondy-3435',Cours de français,
Secours Catholique de Noisy-le-Sec,'https://soliguide.fr/fr/fiche/secours-catholique-de-noisy-le-sec-3437',Soutien scolaire,
Equipe Mobile,'https://soliguide.fr/fr/fiche/equipe-mobile-saint-denis-3486',Conseil administratif,Accompagnement social
PASS - Hôpital Ville-Evrard,'https://soliguide.fr/fr/fiche/pass-de-hopital-ville-evrard-neuilly-sur-marne-3489',Généraliste,
PASS - Hôpital Ville-Evrard,'https://soliguide.fr/fr/fiche/pass-de-hopital-ville-evrard-neuilly-sur-marne-3489',Dentaire,
PASS - Hôpital Ville-Evrard,'https://soliguide.fr/fr/fiche/pass-de-hopital-ville-evrard-neuilly-sur-marne-3489',Accompagnement social,Accès aux droits de santé
PASS - Hôpital Ville-Evrard,'https://soliguide.fr/fr/fiche/pass-de-hopital-ville-evrard-neuilly-sur-marne-3489',Infirmerie,
Accompagnement Sans Hébergement,'https://soliguide.fr/fr/fiche/milieu-ouvert-urgence-saint-denis-3602',Conseil logement,
Accompagnement Sans Hébergement,'https://soliguide.fr/fr/fiche/milieu-ouvert-urgence-saint-denis-3602',Permanence juridique,
Accompagnement Sans Hébergement,'https://soliguide.fr/fr/fiche/milieu-ouvert-urgence-saint-denis-3602',Conseil administratif,
Accompagnement Sans Hébergement,'https://soliguide.fr/fr/fiche/milieu-ouvert-urgence-saint-denis-3602',Domiciliation,
Accompagnement Sans Hébergement,'https://soliguide.fr/fr/fiche/milieu-ouvert-urgence-saint-denis-3602',Accompagnement social,
La Cimade Permanence juridique - Montreuil,'https://soliguide.fr/fr/fiche/la-cimade-permanence-juridique-montreuil-3732',Permanence juridique,
La Cimade Permanence juridique - Montreuil,'https://soliguide.fr/fr/fiche/la-cimade-permanence-juridique-montreuil-3732',Permanence juridique,
ASTI - Association de Solidarité avec les Travailleurs Immigrés,'https://soliguide.fr/fr/fiche/asti-association-de-solidarite-avec-les-travailleurs-immigres-clichy-sous-bois-3753',Conseil administratif,Permanence juridique
ASTI - Association de Solidarité avec les Travailleurs Immigrés,'https://soliguide.fr/fr/fiche/asti-association-de-solidarite-avec-les-travailleurs-immigres-clichy-sous-bois-3753',Activités sportives,Aucun service adapté
ASTI - Association de Solidarité avec les Travailleurs Immigrés,'https://soliguide.fr/fr/fiche/asti-association-de-solidarite-avec-les-travailleurs-immigres-clichy-sous-bois-3753',Bibliothèque,Aucun service adapté
ASTI - Association de Solidarité avec les Travailleurs Immigrés,'https://soliguide.fr/fr/fiche/asti-association-de-solidarite-avec-les-travailleurs-immigres-clichy-sous-bois-3753',Cours de français,Atelier numérique
Mouvement pour la Réinsertion Sociale (mrs93),'https://soliguide.fr/fr/fiche/mouvement-pour-la-reinsertion-sociale-mrs93-bobigny-3759',Domiciliation,Accompagnement à l’emploi
Mouvement pour la Réinsertion Sociale (mrs93),'https://soliguide.fr/fr/fiche/mouvement-pour-la-reinsertion-sociale-mrs93-bobigny-3759',Conseil logement,
Mouvement pour la Réinsertion Sociale (mrs93),'https://soliguide.fr/fr/fiche/mouvement-pour-la-reinsertion-sociale-mrs93-bobigny-3759',Accompagnement social,
Mouvement pour la Réinsertion Sociale (mrs93),'https://soliguide.fr/fr/fiche/mouvement-pour-la-reinsertion-sociale-mrs93-bobigny-3759',Accompagnement à l'emploi,
Fontaine à eau,'https://soliguide.fr/fr/fiche/mairie-de-bondy-3853',Fontaine à eau,
Fontaine à eau,'https://soliguide.fr/fr/fiche/fontaine-bondy-3854',Fontaine à eau,
Toilettes publiques,'https://soliguide.fr/fr/fiche/sanisette-bondy-3856',Toilettes,
Fontaine à eau,'https://soliguide.fr/fr/fiche/square-charline-blandin-epinay-sur-seine-3885',Fontaine à eau,
Fontaine à eau,'https://soliguide.fr/fr/fiche/fontaine-gournay-sur-marne-3888',Fontaine à eau,
Toilettes publiques,'https://soliguide.fr/fr/fiche/marche-du-centre-neuilly-plaisance-3908',Toilettes,
Toilettes publiques,'https://soliguide.fr/fr/fiche/wc-publics-neuilly-plaisance-3910',Toilettes,
Fontaine à eau,'https://soliguide.fr/fr/fiche/square-de-eau-neuilly-sur-marne-4036',Fontaine à eau,
Fontaine à eau,'https://soliguide.fr/fr/fiche/fontaine-neuilly-sur-marne-4037',Fontaine à eau,
Fontaine à eau,'https://soliguide.fr/fr/fiche/fontaine-wallace-neuilly-sur-marne-4038',Fontaine à eau,
Fontaine à eau,'https://soliguide.fr/fr/fiche/fontaine-noisy-le-grand-4039',Fontaine à eau,
Fontaine à eau,'https://soliguide.fr/fr/fiche/fontaine-noisy-le-grand-4041',Fontaine à eau,
Fontaine à eau,'https://soliguide.fr/fr/fiche/fontaine-aulnay-sous-bois-4045',Fontaine à eau,
Fontaine à eau,'https://soliguide.fr/fr/fiche/fontaine-aulnay-sous-bois-4046',Fontaine à eau,
Toilettes publiques,'https://soliguide.fr/fr/fiche/parc-de-la-bergere-bobigny-4051',Toilettes,
Fontaine à eau,'https://soliguide.fr/fr/fiche/square-henri-sellier-le-pre-saint-gervais-4090',Fontaine à eau,
Fontaine à eau,'https://soliguide.fr/fr/fiche/fontaine-paris-4091',Fontaine à eau,
Fontaine à eau,'https://soliguide.fr/fr/fiche/fontaine-wallace-les-lilas-4093',Fontaine à eau,
Fontaine à eau,'https://soliguide.fr/fr/fiche/cimetiere-romainville-4119',Fontaine à eau,
Fontaine à eau,'https://soliguide.fr/fr/fiche/parc-simone-veil-romainville-4120',Fontaine à eau,
Fontaine à eau,'https://soliguide.fr/fr/fiche/square-des-acrobates-saint-denis-4121',Fontaine à eau,
Fontaine à eau,'https://soliguide.fr/fr/fiche/parc-du-temps-des-cerises-saint-denis-4122',Fontaine à eau,
Fontaine à eau,'https://soliguide.fr/fr/fiche/les-jardins-wilson-saint-denis-4123',Fontaine à eau,
Fontaine à eau,'https://soliguide.fr/fr/fiche/square-de-la-cristallerie-saint-denis-4124',Fontaine à eau,
Fontaine à eau,'https://soliguide.fr/fr/fiche/parc-de-la-legion-honneur-saint-denis-4125',Fontaine à eau,
Fontaine à eau,'https://soliguide.fr/fr/fiche/place-rouge-saint-denis-4126',Fontaine à eau,
Fontaine à eau,'https://soliguide.fr/fr/fiche/quai-du-canal-saint-denis-4127',Fontaine à eau,
Fontaine à eau,'https://soliguide.fr/fr/fiche/fontaine-saint-ouen-4130',Fontaine à eau,
Fontaine à eau,'https://soliguide.fr/fr/fiche/parc-des-soeurs-sevran-4135',Fontaine à eau,
Fontaine à eau,'https://soliguide.fr/fr/fiche/parc-forestier-de-la-poudrerie-libourne-4137',Fontaine à eau,
Fontaine à eau,'https://soliguide.fr/fr/fiche/fontaine-montreuil-4188',Fontaine à eau,
Fontaine à eau,'https://soliguide.fr/fr/fiche/fontaine-montreuil-4189',Fontaine à eau,
Fontaine à eau,'https://soliguide.fr/fr/fiche/fontaine-montreuil-4190',Fontaine à eau,
Fontaine à eau,'https://soliguide.fr/fr/fiche/fontaine-montreuil-4191',Fontaine à eau,
Fontaine à eau,'https://soliguide.fr/fr/fiche/fontaine-pantin-4195',Fontaine à eau,
Toilettes publiques,'https://soliguide.fr/fr/fiche/wc-bobigny-4219',Toilettes,
Toilettes publiques,'https://soliguide.fr/fr/fiche/wc-aubervilliers-4222',Toilettes,
Toilettes publiques,'https://soliguide.fr/fr/fiche/wc-bagnolet-4223',Toilettes,
Toilettes publiques,'https://soliguide.fr/fr/fiche/wc-aulnay-sous-bois-4224',Toilettes,
Toilettes publiques,'https://soliguide.fr/fr/fiche/wc-aulnay-sous-bois-4225',Toilettes,
Toilettes publiques,'https://soliguide.fr/fr/fiche/wc-aulnay-sous-bois-4226',Toilettes,
Toilettes publiques,'https://soliguide.fr/fr/fiche/parc-departemental-georges-valbon-la-courneuve-4267',Toilettes,
Toilettes publiques,'https://soliguide.fr/fr/fiche/gare-de-la-courneuve-4268',Toilettes,
Toilettes publiques,'https://soliguide.fr/fr/fiche/aeroport-du-bourget-le-bourget-4269',Toilettes,
Toilettes publiques,'https://soliguide.fr/fr/fiche/cimetiere-des-lilas-les-lilas-4274',Toilettes,
Toilettes publiques,'https://soliguide.fr/fr/fiche/parc-lucie-aubrac-les-lilas-4276',Toilettes,
Toilettes publiques,'https://soliguide.fr/fr/fiche/fontaine-wc-ile-saint-denis-4280',Toilettes,
Toilettes publiques,'https://soliguide.fr/fr/fiche/cimetiere-communal-de-montreuil-4290',Toilettes,
Toilettes publiques,'https://soliguide.fr/fr/fiche/parc-departemental-jean-moulin-les-guilands-montreuil-4292',Toilettes,
Toilettes publiques,'https://soliguide.fr/fr/fiche/parc-departemental-de-la-haute-ile-neuilly-sur-marne-4293',Toilettes,
Fontaine à eau,'https://soliguide.fr/fr/fiche/parc-de-la-butte-verte-noisy-le-grand-4294',Fontaine à eau,
Toilettes publiques,'https://soliguide.fr/fr/fiche/centre-commercial-du-champy-noisy-le-grand-4296',Toilettes,
Toilettes publiques,'https://soliguide.fr/fr/fiche/wc-noisy-le-sec-4297',Toilettes,
Toilettes publiques,'https://soliguide.fr/fr/fiche/place-du-marche-de-eglise-st-germain-pantin-4298',Toilettes,
Toilettes publiques,'https://soliguide.fr/fr/fiche/wc-rosny-sous-bois-4299',Toilettes,
Toilettes publiques,'https://soliguide.fr/fr/fiche/centre-commercial-domus-rosny-sous-bois-4300',Toilettes,
Toilettes publiques,'https://soliguide.fr/fr/fiche/parc-de-la-legion-honneur-saint-denis-4301',Toilettes,
Toilettes publiques,'https://soliguide.fr/fr/fiche/wc-saint-denis-4302',Toilettes,
Toilettes publiques,'https://soliguide.fr/fr/fiche/wc-saint-denis-4303',Toilettes,
Toilettes publiques,'https://soliguide.fr/fr/fiche/wc-saint-denis-4304',Toilettes,
Toilettes publiques,'https://soliguide.fr/fr/fiche/wc-saint-denis-4305',Toilettes,
Toilettes publiques,'https://soliguide.fr/fr/fiche/grand-parc-de-saint-ouen-4310',Toilettes,
Toilettes publiques,'https://soliguide.fr/fr/fiche/wc-villetaneuse-4318',Toilettes,
Mission Locale Intercommunale - antenne de Romainville,'https://soliguide.fr/fr/fiche/mission-locale-intercommunale-antenne-de-romainville-4549',Accompagnement social,
Mission Locale Intercommunale - antenne de Romainville,'https://soliguide.fr/fr/fiche/mission-locale-intercommunale-antenne-de-romainville-4549',Accompagnement à l'emploi,
Mission Locale Intercommunale - antenne de Bagnolet,'https://soliguide.fr/fr/fiche/mission-locale-intercommunale-antenne-de-bagnolet-4550',Accompagnement social,
Mission Locale Intercommunale - antenne de Bagnolet,'https://soliguide.fr/fr/fiche/mission-locale-intercommunale-antenne-de-bagnolet-4550',Accompagnement à l'emploi,
Mission Locale Intercommunale - antenne de Noisy-le-Sec,'https://soliguide.fr/fr/fiche/mission-locale-intercommunale-antenne-de-noisy-le-sec-4551',Accompagnement social,
Mission Locale Intercommunale - antenne de Noisy-le-Sec,'https://soliguide.fr/fr/fiche/mission-locale-intercommunale-antenne-de-noisy-le-sec-4551',Accompagnement à l'emploi,
Mission Locale Intercommunale - antenne de Villepinte,'https://soliguide.fr/fr/fiche/mission-locale-intercommunale-antenne-de-villepinte-4552',Accompagnement à l'emploi,
Mission Locale Intercommunale - antenne de Villepinte,'https://soliguide.fr/fr/fiche/mission-locale-intercommunale-antenne-de-villepinte-4552',Accompagnement social,
Mission Locale Intercommunale - antenne de Gagny,'https://soliguide.fr/fr/fiche/mission-locale-intercommunale-antenne-de-gagny-4553',Accompagnement social,
Mission Locale Intercommunale - antenne de Gagny,'https://soliguide.fr/fr/fiche/mission-locale-intercommunale-antenne-de-gagny-4553',Accompagnement à l'emploi,Accompagnement social
Mission Locale Intercommunale - antenne de Gagny,'https://soliguide.fr/fr/fiche/mission-locale-intercommunale-antenne-de-gagny-4553',Accompagnement à l'emploi,Accompagnement à l’emploi
Mission Locale Intercommunale - antenne de Gagny,'https://soliguide.fr/fr/fiche/mission-locale-intercommunale-antenne-de-gagny-4553',Ordinateur,
Mission Locale Intercommunale - antenne des Pavillons-Sous-Bois,'https://soliguide.fr/fr/fiche/mission-locale-intercommunale-antenne-des-pavillons-sous-bois-les-pavillons-sous-bois-4554',Accompagnement à l'emploi,
Mission Locale Intercommunale - antenne des Pavillons-Sous-Bois,'https://soliguide.fr/fr/fiche/mission-locale-intercommunale-antenne-des-pavillons-sous-bois-les-pavillons-sous-bois-4554',Accompagnement social,
CSAPA Rabelais,'https://soliguide.fr/fr/fiche/csapa-rabelais-montreuil-4555',Généraliste,Addiction
CSAPA Rabelais,'https://soliguide.fr/fr/fiche/csapa-rabelais-montreuil-4555',Psychologie,Activités diverses
Atelier de Production,'https://soliguide.fr/fr/fiche/atelier-de-production-emmaus-montreuil-4568',Insertion par l'activité économique,
Casiers Solidaires - Croix de Chavaux,'https://soliguide.fr/fr/fiche/casiers-solidaires-montreuil-4594',Accompagnement social,
Circonscription de Service Social Départemental de L'Ile Saint Denis/ Saint-Ouen. Site de St Ouen,'https://soliguide.fr/fr/fiche/service-social-de-polyvalence-municipal-saint-ouen-4652',Accompagnement social,
Mission Locale de la Marne aux Bois - Neuilly-sur-Marne,'https://soliguide.fr/fr/fiche/mission-locale-de-la-marne-aux-bois-neuilly-sur-marne-4661',Accompagnement social,
Mission Locale de la Marne aux Bois - Neuilly-sur-Marne,'https://soliguide.fr/fr/fiche/mission-locale-de-la-marne-aux-bois-neuilly-sur-marne-4661',Accompagnement à l'emploi,
Antenne du CeGIDD (Bobigny) départemental à Montfermeil,'https://soliguide.fr/fr/fiche/cegidd-du-ghi-montfermeil-4662',Dépistage,Addiction
Association d'Alphabétisation du Foyer Pinel (La Plaine),'https://soliguide.fr/fr/fiche/cours-la-maison-de-quartier-de-la-plaine-aafp-saint-denis-4695',Cours de français,
Association d'Alphabétisation du Foyer Pinel (La Plaine),'https://soliguide.fr/fr/fiche/cours-la-maison-de-quartier-de-la-plaine-aafp-saint-denis-4695',Cours de français,
Association d'Alphabétisation du Foyer Pinel (Cristino Garcia),'https://soliguide.fr/fr/fiche/cours-au-22-rue-cristino-garcia-aafp-saint-denis-4696',Cours de français,
Association d'Alphabétisation du Foyer Pinel (Cristino Garcia),'https://soliguide.fr/fr/fiche/cours-au-22-rue-cristino-garcia-aafp-saint-denis-4696',Cours de français,
Restos du Coeur - Centre dactivités des Pavillons-sous-Bois,'https://soliguide.fr/fr/fiche/centre-de-distribution-des-restos-du-coeur-les-pavillons-sous-bois-4697',Colis alimentaire,Épicerie sociale et solidaire
Médiathèque Elsa Triolet,'https://soliguide.fr/fr/fiche/mediatheque-elsa-triolet-ile-saint-denis-4719',Bibliothèque,
Médiathèque Elsa Triolet,'https://soliguide.fr/fr/fiche/mediatheque-elsa-triolet-ile-saint-denis-4719',Ordinateur,Bibliothèque
point-justice du Centre Administratif et Social Fernand Lefort de Saint-Ouen,'https://soliguide.fr/fr/fiche/point-acces-au-droit-saint-ouen-4720',Permanence juridique,
point-justice du Centre Administratif et Social Fernand Lefort de Saint-Ouen,'https://soliguide.fr/fr/fiche/point-acces-au-droit-saint-ouen-4720',Écrivain public,
Consultation de Psychiatrie Transculturelle,'https://soliguide.fr/fr/fiche/consultation-de-psychiatrie-transculturelle-bobigny-4754',Psychologie,Accompagnement social
Fontaine à eau,'https://soliguide.fr/fr/fiche/point-eau-potable-livry-gargan-4809',Fontaine à eau,
Toilettes publiques,'https://soliguide.fr/fr/fiche/parc-lefevre-livry-gargan-4810',Toilettes,
Toilettes publiques,'https://soliguide.fr/fr/fiche/square-josette-soulier-livry-gargan-4811',Toilettes,
Secours Islamique France - Saint-Denis,'https://soliguide.fr/fr/fiche/secours-islamique-de-saint-denis-4813',Colis alimentaire,Panier alimentaire
Secours Islamique France - Saint-Denis,'https://soliguide.fr/fr/fiche/secours-islamique-de-saint-denis-4813',Conseil administratif,Accompagnement social
Toilettes publiques,'https://soliguide.fr/fr/fiche/toilette-publique-aulnay-sous-bois-4821',Toilettes,
Toilettes publiques,'https://soliguide.fr/fr/fiche/toilette-publique-aulnay-sous-bois-4822',Toilettes,
Toilettes publiques,'https://soliguide.fr/fr/fiche/toilette-publique-villepinte-4823',Toilettes,
Toilettes publiques,'https://soliguide.fr/fr/fiche/toilette-publique-aulnay-sous-bois-4824',Toilettes,
Fontaine à eau,'https://soliguide.fr/fr/fiche/fontaine-publique-aulnay-sous-bois-4825',Fontaine à eau,Aucun service adapté
Fontaine à eau,'https://soliguide.fr/fr/fiche/fontaine-publique-aulnay-sous-bois-4826',Fontaine à eau,
PMI Buisson,'https://soliguide.fr/fr/fiche/pmi-buisson-aubervilliers-4827',Soins enfants,
PMI Buisson,'https://soliguide.fr/fr/fiche/pmi-buisson-aubervilliers-4827',Suivi grossesse,
CCAS d'Aubervilliers,'https://soliguide.fr/fr/fiche/ccas-aubervilliers-4829',Conseil handicap,Conseil Handicap
Fontaine à eau,'https://soliguide.fr/fr/fiche/fontaine-montreuil-4901',Fontaine à eau,
Fontaine à eau,'https://soliguide.fr/fr/fiche/fontaine-montreuil-4903',Fontaine à eau,
Fontaine à eau,'https://soliguide.fr/fr/fiche/fontaine-montreuil-4904',Fontaine à eau,
Fontaine à eau,'https://soliguide.fr/fr/fiche/fontaine-montreuil-4905',Fontaine à eau,
Fontaine à eau,'https://soliguide.fr/fr/fiche/fontaine-montreuil-4906',Fontaine à eau,
Fontaine à eau,'https://soliguide.fr/fr/fiche/fontaine-montreuil-4907',Fontaine à eau,
Fontaine à eau,'https://soliguide.fr/fr/fiche/fontaine-parc-des-beaumonts-montreuil-4910',Fontaine à eau,
Fontaine à eau,'https://soliguide.fr/fr/fiche/fontaine-montreuil-4911',Fontaine à eau,
Fontaine à eau,'https://soliguide.fr/fr/fiche/fontaine-montreuil-4912',Fontaine à eau,
Fontaine à eau,'https://soliguide.fr/fr/fiche/fontaine-montreuil-4913',Fontaine à eau,
CCAS de Bondy,'https://soliguide.fr/fr/fiche/ccas-de-bondy-4987',Accompagnement social,Conseil administratif
CCAS de Bondy,'https://soliguide.fr/fr/fiche/ccas-de-bondy-4987',Conseil handicap,Conseil Handicap
CCAS de Clichy-sous-Bois,'https://soliguide.fr/fr/fiche/ccas-de-clichy-sous-bois-4988',Accompagnement social,Conseil administratif
CCAS de Clichy-sous-Bois,'https://soliguide.fr/fr/fiche/ccas-de-clichy-sous-bois-4988',Conseil handicap,Conseil Handicap
CCAS de Coubron,'https://soliguide.fr/fr/fiche/ccas-de-coubron-4989',Accompagnement social,Conseil administratif
CCAS de Coubron,'https://soliguide.fr/fr/fiche/ccas-de-coubron-4989',Conseil handicap,Conseil Handicap
CCAS de Drancy,'https://soliguide.fr/fr/fiche/ccas-de-drancy-4991',Conseil handicap,Conseil Handicap
CCAS de Aulnay-Sous-Bois,'https://soliguide.fr/fr/fiche/ccas-de-aulnay-sous-bois-4998',Accompagnement social,Conseil administratif
CCAS de Aulnay-Sous-Bois,'https://soliguide.fr/fr/fiche/ccas-de-aulnay-sous-bois-4998',Conseil handicap,Conseil Handicap
CCAS de Bagnolet,'https://soliguide.fr/fr/fiche/ccas-de-bagnolet-5000',Accompagnement social,Conseil administratif
CCAS de Bagnolet,'https://soliguide.fr/fr/fiche/ccas-de-bagnolet-5000',Conseil handicap,Conseil Handicap
CCAS de Bobigny,'https://soliguide.fr/fr/fiche/ccas-de-bobigny-5002',Accompagnement social,Conseil administratif
CCAS de Bobigny,'https://soliguide.fr/fr/fiche/ccas-de-bobigny-5002',Conseil handicap,Conseil Handicap
CCAS de Dugny,'https://soliguide.fr/fr/fiche/ccas-de-dugny-5003',Accompagnement social,Conseil administratif
CCAS de Dugny,'https://soliguide.fr/fr/fiche/ccas-de-dugny-5003',Conseil handicap,Conseil Handicap
CCAS de Epinay-sur-Seine,'https://soliguide.fr/fr/fiche/ccas-de-epinay-sur-seine-5006',Accompagnement social,Conseil administratif
CCAS de Epinay-sur-Seine,'https://soliguide.fr/fr/fiche/ccas-de-epinay-sur-seine-5006',Conseil handicap,Conseil Handicap
CCAS de Gagny,'https://soliguide.fr/fr/fiche/ccas-de-gagny-5008',Accompagnement social,Conseil administratif
CCAS de Gagny,'https://soliguide.fr/fr/fiche/ccas-de-gagny-5008',Conseil handicap,Conseil Handicap
CCAS de Gournay-sur-Marne,'https://soliguide.fr/fr/fiche/ccas-de-gournay-sur-marne-chelles-5011',Accompagnement social,Point d'information et d’orientation
CCAS de Gournay-sur-Marne,'https://soliguide.fr/fr/fiche/ccas-de-gournay-sur-marne-chelles-5011',Conseil handicap,Conseil Handicap
CCAS de La Courneuve,'https://soliguide.fr/fr/fiche/ccas-de-la-courneuve-5015',Conseil handicap,Conseil Handicap
CCAS du Blanc-Mesnil,'https://soliguide.fr/fr/fiche/ccas-de-le-blanc-mesnil-5019',Conseil handicap,Conseil Handicap
CCAS du Bourget,'https://soliguide.fr/fr/fiche/ccas-de-le-bourget-5021',Accompagnement social,Conseil administratif
CCAS du Bourget,'https://soliguide.fr/fr/fiche/ccas-de-le-bourget-5021',Conseil handicap,Conseil Handicap
CCAS de LIle Saint Denis,'https://soliguide.fr/fr/fiche/ccas-de-ile-saint-denis-5024',Accompagnement social,Conseil administratif
CCAS de LIle Saint Denis,'https://soliguide.fr/fr/fiche/ccas-de-ile-saint-denis-5024',Conseil handicap,Conseil Handicap
CCAS du Raincy,'https://soliguide.fr/fr/fiche/ccas-de-le-raincy-5038',Accompagnement social,Conseil administratif
CCAS du Raincy,'https://soliguide.fr/fr/fiche/ccas-de-le-raincy-5038',Conseil handicap,Conseil Handicap
CCAS de Les Pavillons-sous-Bois,'https://soliguide.fr/fr/fiche/ccas-de-les-pavillons-sous-bois-5041',Accompagnement social,Conseil administratif
CCAS de Les Pavillons-sous-Bois,'https://soliguide.fr/fr/fiche/ccas-de-les-pavillons-sous-bois-5041',Conseil handicap,Conseil Handicap
CCAS de Livry-Gargan,'https://soliguide.fr/fr/fiche/ccas-de-livry-gargan-5045',Accompagnement social,Conseil administratif
CCAS de Livry-Gargan,'https://soliguide.fr/fr/fiche/ccas-de-livry-gargan-5045',Conseil handicap,Conseil Handicap
CCAS de Montfermeil,'https://soliguide.fr/fr/fiche/ccas-de-montfermeil-5046',Accompagnement social,Conseil administratif
CCAS de Montfermeil,'https://soliguide.fr/fr/fiche/ccas-de-montfermeil-5046',Conseil handicap,Conseil Handicap
CCAS de Montreuil,'https://soliguide.fr/fr/fiche/ccas-de-montreuil-sous-bois-5048',Aide à la mobilité,Conseil Handicap
CCAS de Neuilly Plaisance,'https://soliguide.fr/fr/fiche/ccas-de-neuilly-plaisance-5049',Accompagnement social,Conseil administratif
CCAS de Neuilly Plaisance,'https://soliguide.fr/fr/fiche/ccas-de-neuilly-plaisance-5049',Conseil handicap,Conseil Handicap
CCAS de Neuilly-sur-marne,'https://soliguide.fr/fr/fiche/ccas-de-neuilly-sur-marne-5050',Accompagnement social,Conseil administratif
CCAS de Neuilly-sur-marne,'https://soliguide.fr/fr/fiche/ccas-de-neuilly-sur-marne-5050',Conseil handicap,Conseil Handicap
CCAS de Noisy le Sec,'https://soliguide.fr/fr/fiche/ccas-de-noisy-le-sec-5053',Accompagnement social,Conseil administratif
CCAS de Noisy le Sec,'https://soliguide.fr/fr/fiche/ccas-de-noisy-le-sec-5053',Conseil handicap,Conseil Handicap
CCAS de Pantin,'https://soliguide.fr/fr/fiche/ccas-de-pantin-5058',Accompagnement social,Conseil administratif
CCAS de Pantin,'https://soliguide.fr/fr/fiche/ccas-de-pantin-5058',Conseil handicap,Conseil Handicap
CCAS de Pierrefitte-sur-Seine,'https://soliguide.fr/fr/fiche/ccas-de-pierrefitte-sur-seine-5059',Point d'information,Accueil de jour
CCAS de Romainville,'https://soliguide.fr/fr/fiche/ccas-de-romainville-5060',Accompagnement social,Conseil administratif
CCAS de Romainville,'https://soliguide.fr/fr/fiche/ccas-de-romainville-5060',Conseil handicap,Conseil Handicap
CCAS de Saint-Ouen,'https://soliguide.fr/fr/fiche/ccas-de-saint-ouen-5063',Accompagnement social,Conseil administratif
CCAS de Saint-Ouen,'https://soliguide.fr/fr/fiche/ccas-de-saint-ouen-5063',Conseil handicap,Conseil Handicap
CCAS de Stains,'https://soliguide.fr/fr/fiche/ccas-de-stains-5065',Accompagnement social,Conseil administratif
CCAS de Stains,'https://soliguide.fr/fr/fiche/ccas-de-stains-5065',Conseil handicap,Conseil Handicap
CCAS de Tremblay-en-France,'https://soliguide.fr/fr/fiche/ccas-de-tremblay-en-france-5066',Accompagnement social,Conseil administratif
CCAS de Tremblay-en-France,'https://soliguide.fr/fr/fiche/ccas-de-tremblay-en-france-5066',Conseil handicap,Conseil Handicap
CCAS de Vaujours,'https://soliguide.fr/fr/fiche/ccas-de-vaujours-5067',Accompagnement social,Conseil administratif
CCAS de Vaujours,'https://soliguide.fr/fr/fiche/ccas-de-vaujours-5067',Conseil handicap,Conseil Handicap
CCAS de Villemomble,'https://soliguide.fr/fr/fiche/ccas-de-villemomble-5068',Accompagnement social,Conseil administratif
CCAS de Villemomble,'https://soliguide.fr/fr/fiche/ccas-de-villemomble-5068',Conseil handicap,Conseil Handicap
CCAS de Villepinte,'https://soliguide.fr/fr/fiche/ccas-de-villepinte-5069',Accompagnement social,Conseil administratif
CCAS de Villepinte,'https://soliguide.fr/fr/fiche/ccas-de-villepinte-5069',Conseil handicap,Conseil Handicap
CCAS de Villetaneuse,'https://soliguide.fr/fr/fiche/ccas-de-villetaneuse-5070',Accompagnement social,Conseil administratif
CCAS de Villetaneuse,'https://soliguide.fr/fr/fiche/ccas-de-villetaneuse-5070',Conseil handicap,Conseil Handicap
Médiathèque Saint-John Perse,'https://soliguide.fr/fr/fiche/mediatheque-saint-john-perse-aubervilliers-5095',Bibliothèque,
Médiathèque Saint-John Perse,'https://soliguide.fr/fr/fiche/mediatheque-saint-john-perse-aubervilliers-5095',Ordinateur,Atelier numérique
Médiathèque Saint-John Perse,'https://soliguide.fr/fr/fiche/mediatheque-saint-john-perse-aubervilliers-5095',Wifi,
Maison pour Tous Henri Roser,'https://soliguide.fr/fr/fiche/maison-pour-tous-roser-aubervilliers-5114',Écrivain public,Permanence juridique
Maison pour Tous Henri Roser,'https://soliguide.fr/fr/fiche/maison-pour-tous-roser-aubervilliers-5114',Accompagnement à l'emploi,Accompagnement à l’emploi
Maison pour Tous Henri Roser,'https://soliguide.fr/fr/fiche/maison-pour-tous-roser-aubervilliers-5114',Activités diverses,Aucun service adapté
Maison pour Tous Henri Roser,'https://soliguide.fr/fr/fiche/maison-pour-tous-roser-aubervilliers-5114',Cours de français,Aucun service adapté
La Fabrique de Santé Madeleine Brès,'https://soliguide.fr/fr/fiche/la-fabrique-de-sante-madeleine-bres-aubervilliers-5158',Généraliste,Aucun service adapté
La Fabrique de Santé Madeleine Brès,'https://soliguide.fr/fr/fiche/la-fabrique-de-sante-madeleine-bres-aubervilliers-5158',Conseil administratif,Accompagnement social
Salle de Quartier Quatre Chemins,'https://soliguide.fr/fr/fiche/salle-de-quartier-4-chemins-aubervilliers-5159',Écrivain public,Aucun service adapté
Salle de Quartier Quatre Chemins,'https://soliguide.fr/fr/fiche/salle-de-quartier-4-chemins-aubervilliers-5159',Ordinateur,Atelier numérique
Médiathèque André Breton,'https://soliguide.fr/fr/fiche/mediatheque-andre-breton-aubervilliers-5197',Bibliothèque,
Médiathèque André Breton,'https://soliguide.fr/fr/fiche/mediatheque-andre-breton-aubervilliers-5197',Ordinateur,Aucun service adapté
Médiathèque André Breton,'https://soliguide.fr/fr/fiche/mediatheque-andre-breton-aubervilliers-5197',Wifi,
Salle de quartier Centre-ville,'https://soliguide.fr/fr/fiche/salle-de-quartier-cochennec-aubervilliers-5199',Écrivain public,Conseil administratif
Maison Pour Tous Berty Albrecht,'https://soliguide.fr/fr/fiche/maison-pour-tous-berty-albrecht-aubervilliers-5204',Écrivain public,Aucun service adapté
Maison Pour Tous Berty Albrecht,'https://soliguide.fr/fr/fiche/maison-pour-tous-berty-albrecht-aubervilliers-5204',Conseil administratif,Point d'information et d’orientation
Maison Pour Tous Berty Albrecht,'https://soliguide.fr/fr/fiche/maison-pour-tous-berty-albrecht-aubervilliers-5204',Accompagnement à l'emploi,Accompagnement à l’emploi
Maison Pour Tous Berty Albrecht,'https://soliguide.fr/fr/fiche/maison-pour-tous-berty-albrecht-aubervilliers-5204',Cours de français,Activités diverses
Maison Pour Tous Berty Albrecht,'https://soliguide.fr/fr/fiche/maison-pour-tous-berty-albrecht-aubervilliers-5204',Ordinateur,Atelier numérique
Maison Pour Tous Berty Albrecht,'https://soliguide.fr/fr/fiche/maison-pour-tous-berty-albrecht-aubervilliers-5204',Accompagnement à l'emploi,Conseil administratif
Permanence RESF Aulnay-sous-Bois / Sevran,'https://soliguide.fr/fr/fiche/permanence-resf-aulnay-sous-bois-5210',Permanence juridique,
Permanence RESF Bagnolet,'https://soliguide.fr/fr/fiche/permanence-resf-bagnolet-5211',Permanence juridique,
Maison de Justice et du Droit de Saint-Denis,'https://soliguide.fr/fr/fiche/maison-de-justice-et-du-droit-de-saint-denis-5212',Permanence juridique,Conseil aux parents
Maison de Justice et du Droit de Saint-Denis,'https://soliguide.fr/fr/fiche/maison-de-justice-et-du-droit-de-saint-denis-5212',Permanence juridique,Conseil administratif
Maison de quartier Romain Rolland,'https://soliguide.fr/fr/fiche/maison-de-quartier-romain-rolland-saint-denis-5219',Cours de français,Aucun service adapté
Maison de quartier Romain Rolland,'https://soliguide.fr/fr/fiche/maison-de-quartier-romain-rolland-saint-denis-5219',Cours de français,Aucun service adapté
Maison de quartier Romain Rolland,'https://soliguide.fr/fr/fiche/maison-de-quartier-romain-rolland-saint-denis-5219',Activités diverses,Espace familles
Maison de quartier Romain Rolland,'https://soliguide.fr/fr/fiche/maison-de-quartier-romain-rolland-saint-denis-5219',Activités diverses,Point d'information et d’orientation
Maison de quartier Romain Rolland,'https://soliguide.fr/fr/fiche/maison-de-quartier-romain-rolland-saint-denis-5219',Activités diverses,Espace de repos
Maison de quartier Romain Rolland,'https://soliguide.fr/fr/fiche/maison-de-quartier-romain-rolland-saint-denis-5219',Activités diverses,Atelier de cuisine
Maison de quartier de La Plaine,'https://soliguide.fr/fr/fiche/maison-de-quartier-de-la-plaine-saint-denis-5221',Ordinateur,Activités diverses
Maison de quartier de La Plaine,'https://soliguide.fr/fr/fiche/maison-de-quartier-de-la-plaine-saint-denis-5221',Accompagnement social,Conseil administratif
Maison de quartier de La Plaine,'https://soliguide.fr/fr/fiche/maison-de-quartier-de-la-plaine-saint-denis-5221',Conseil administratif,Conseil aux parents
Secours Catholique - Carrières Plateforme Emploi,'https://soliguide.fr/fr/fiche/secours-catholique-carrieres-plateforme-emploi-rosny-sous-bois-5243',Accompagnement à l'emploi,Accompagnement à l’emploi
Secours Catholique - Carrières Plateforme Emploi,'https://soliguide.fr/fr/fiche/secours-catholique-carrieres-plateforme-emploi-rosny-sous-bois-5243',Ordinateur,Atelier numérique
Centre Municipal de Santé (CMS) Henri Barbusse,'https://soliguide.fr/fr/fiche/centre-municipal-de-sante-henri-barbusse-saint-denis-5315',Conseil administratif,Accès aux soins de santé
Centre Municipal de Santé (CMS) Henri Barbusse,'https://soliguide.fr/fr/fiche/centre-municipal-de-sante-henri-barbusse-saint-denis-5315',Généraliste,
Centre Municipal de Santé (CMS) Henri Barbusse,'https://soliguide.fr/fr/fiche/centre-municipal-de-sante-henri-barbusse-saint-denis-5315',Dentaire,
Centre Municipal de Santé (CMS) Henri Barbusse,'https://soliguide.fr/fr/fiche/centre-municipal-de-sante-henri-barbusse-saint-denis-5315',Gynécologie,
Centre Municipal de Santé (CMS) Henri Barbusse,'https://soliguide.fr/fr/fiche/centre-municipal-de-sante-henri-barbusse-saint-denis-5315',Infirmerie,
Centre Municipal de Santé (CMS) Henri Barbusse,'https://soliguide.fr/fr/fiche/centre-municipal-de-sante-henri-barbusse-saint-denis-5315',Vaccination,
Centre Municipal de Santé (CMS) Henri Barbusse,'https://soliguide.fr/fr/fiche/centre-municipal-de-sante-henri-barbusse-saint-denis-5315',Suivi grossesse,
Centre Municipal de Santé (CMS) Docteur Pesqué,'https://soliguide.fr/fr/fiche/centre-municipal-de-sante-docteur-pesque-aubervilliers-5341',Généraliste,Médecin généraliste
Centre Municipal de Santé (CMS) Docteur Pesqué,'https://soliguide.fr/fr/fiche/centre-municipal-de-sante-docteur-pesque-aubervilliers-5341',Allergologie,
Centre Municipal de Santé (CMS) Docteur Pesqué,'https://soliguide.fr/fr/fiche/centre-municipal-de-sante-docteur-pesque-aubervilliers-5341',Dermatologie,
Centre Municipal de Santé (CMS) Docteur Pesqué,'https://soliguide.fr/fr/fiche/centre-municipal-de-sante-docteur-pesque-aubervilliers-5341',Gastro-entérologie,
Centre Municipal de Santé (CMS) Docteur Pesqué,'https://soliguide.fr/fr/fiche/centre-municipal-de-sante-docteur-pesque-aubervilliers-5341',Gynécologie,
Centre Municipal de Santé (CMS) Docteur Pesqué,'https://soliguide.fr/fr/fiche/centre-municipal-de-sante-docteur-pesque-aubervilliers-5341',Endocrinologie,
Centre Municipal de Santé (CMS) Docteur Pesqué,'https://soliguide.fr/fr/fiche/centre-municipal-de-sante-docteur-pesque-aubervilliers-5341',Ophtalmologie,
Centre Municipal de Santé (CMS) Docteur Pesqué,'https://soliguide.fr/fr/fiche/centre-municipal-de-sante-docteur-pesque-aubervilliers-5341',Oto-rhino-laryngologie,
Centre Municipal de Santé (CMS) Docteur Pesqué,'https://soliguide.fr/fr/fiche/centre-municipal-de-sante-docteur-pesque-aubervilliers-5341',Soins enfants,
Centre Municipal de Santé (CMS) Docteur Pesqué,'https://soliguide.fr/fr/fiche/centre-municipal-de-sante-docteur-pesque-aubervilliers-5341',Phlébologie,
Centre Municipal de Santé (CMS) Docteur Pesqué,'https://soliguide.fr/fr/fiche/centre-municipal-de-sante-docteur-pesque-aubervilliers-5341',Rhumatologie,
Centre Municipal de Santé (CMS) Docteur Pesqué,'https://soliguide.fr/fr/fiche/centre-municipal-de-sante-docteur-pesque-aubervilliers-5341',Psychologie,Aucun service adapté
Centre Municipal de Santé (CMS) Docteur Pesqué,'https://soliguide.fr/fr/fiche/centre-municipal-de-sante-docteur-pesque-aubervilliers-5341',Nutrition,
Centre Municipal de Santé (CMS) Docteur Pesqué,'https://soliguide.fr/fr/fiche/centre-municipal-de-sante-docteur-pesque-aubervilliers-5341',Pédicure,
Centre Municipal de Santé (CMS) Docteur Pesqué,'https://soliguide.fr/fr/fiche/centre-municipal-de-sante-docteur-pesque-aubervilliers-5341',Kinésithérapie,
Centre Municipal de Santé (CMS) Docteur Pesqué,'https://soliguide.fr/fr/fiche/centre-municipal-de-sante-docteur-pesque-aubervilliers-5341',Dentaire,
Centre Municipal de Santé (CMS) Docteur Pesqué,'https://soliguide.fr/fr/fiche/centre-municipal-de-sante-docteur-pesque-aubervilliers-5341',Radiologie,
Centre Municipal de Santé (CMS) Docteur Pesqué,'https://soliguide.fr/fr/fiche/centre-municipal-de-sante-docteur-pesque-aubervilliers-5341',Echographie,
Centre Municipal de Santé (CMS) Docteur Pesqué,'https://soliguide.fr/fr/fiche/centre-municipal-de-sante-docteur-pesque-aubervilliers-5341',Suivi grossesse,
Centre Municipal de Santé (CMS) Docteur Pesqué,'https://soliguide.fr/fr/fiche/centre-municipal-de-sante-docteur-pesque-aubervilliers-5341',Vaccination,
Centre Municipal de Santé (CMS) Balagny,'https://soliguide.fr/fr/fiche/centre-municipal-de-sante-balagny-aulnay-sous-bois-5390',Généraliste,
Centre Municipal de Santé (CMS) Balagny,'https://soliguide.fr/fr/fiche/centre-municipal-de-sante-balagny-aulnay-sous-bois-5390',Infirmerie,Aucun service adapté
Centre Municipal de Santé (CMS) Balagny,'https://soliguide.fr/fr/fiche/centre-municipal-de-sante-balagny-aulnay-sous-bois-5390',Psychologie,
Centre Municipal de Santé (CMS) Salvador Allende,'https://soliguide.fr/fr/fiche/centre-municipal-de-sante-salvador-allende-la-courneuve-5392',Généraliste,
Centre Municipal de Santé (CMS) Salvador Allende,'https://soliguide.fr/fr/fiche/centre-municipal-de-sante-salvador-allende-la-courneuve-5392',Dermatologie,
Centre Municipal de Santé (CMS) Salvador Allende,'https://soliguide.fr/fr/fiche/centre-municipal-de-sante-salvador-allende-la-courneuve-5392',Gynécologie,
Centre Municipal de Santé (CMS) Salvador Allende,'https://soliguide.fr/fr/fiche/centre-municipal-de-sante-salvador-allende-la-courneuve-5392',Soins enfants,
Centre Municipal de Santé (CMS) Salvador Allende,'https://soliguide.fr/fr/fiche/centre-municipal-de-sante-salvador-allende-la-courneuve-5392',Gastro-entérologie,
Centre Municipal de Santé (CMS) Salvador Allende,'https://soliguide.fr/fr/fiche/centre-municipal-de-sante-salvador-allende-la-courneuve-5392',Phlébologie,
Centre Municipal de Santé (CMS) Salvador Allende,'https://soliguide.fr/fr/fiche/centre-municipal-de-sante-salvador-allende-la-courneuve-5392',Radiologie,
Centre Municipal de Santé (CMS) Salvador Allende,'https://soliguide.fr/fr/fiche/centre-municipal-de-sante-salvador-allende-la-courneuve-5392',Echographie,
Centre Municipal de Santé (CMS) Salvador Allende,'https://soliguide.fr/fr/fiche/centre-municipal-de-sante-salvador-allende-la-courneuve-5392',Infirmerie,
Centre Municipal de Santé (CMS) Salvador Allende,'https://soliguide.fr/fr/fiche/centre-municipal-de-sante-salvador-allende-la-courneuve-5392',Kinésithérapie,
Centre Municipal de Santé (CMS) Salvador Allende,'https://soliguide.fr/fr/fiche/centre-municipal-de-sante-salvador-allende-la-courneuve-5392',Suivi grossesse,
Secours Catholique de La Courneuve,'https://soliguide.fr/fr/fiche/secours-catholique-de-la-courneuve-5450',Distribution de repas,Petits déjeuners
Maison de l'Emploi à Pantin,'https://soliguide.fr/fr/fiche/maison-de-emploi-de-pantin-5507',Accompagnement à l'emploi,Accompagnement à l’emploi
Mission Locale de la Dhuys - Livry-Gargan,'https://soliguide.fr/fr/fiche/mission-locale-de-la-dhuys-livry-gargan-5508',Accompagnement à l'emploi,
Centre d'accueil pour mineurs non-accompagnés,'https://soliguide.fr/fr/fiche/centre-accueil-pour-jeunes-migrants-isoles-pantin-5629',Infirmerie,
Centre d'accueil pour mineurs non-accompagnés,'https://soliguide.fr/fr/fiche/centre-accueil-pour-jeunes-migrants-isoles-pantin-5629',Permanence juridique,
Centre d'accueil pour mineurs non-accompagnés,'https://soliguide.fr/fr/fiche/centre-accueil-pour-jeunes-migrants-isoles-pantin-5629',Psychologie,
Centre d'accueil pour mineurs non-accompagnés,'https://soliguide.fr/fr/fiche/centre-accueil-pour-jeunes-migrants-isoles-pantin-5629',Accompagnement social,
Service Social Municipal de Polyvalence d'Aubervilliers,'https://soliguide.fr/fr/fiche/service-social-municipal-de-polyvalence-aubervilliers-5661',Accompagnement social,Accueil de jour
Service Social Municipal de Polyvalence d'Aubervilliers,'https://soliguide.fr/fr/fiche/service-social-municipal-de-polyvalence-aubervilliers-5661',Conseil administratif,
Accueil de jour Wilson,'https://soliguide.fr/fr/fiche/ascs-cite-myriam-montreuil-5673',Accueil de jour,
Accueil de jour Wilson,'https://soliguide.fr/fr/fiche/ascs-cite-myriam-montreuil-5673',Distribution de repas,
Accueil de jour Wilson,'https://soliguide.fr/fr/fiche/ascs-cite-myriam-montreuil-5673',Distribution de repas,
Accueil de jour Wilson,'https://soliguide.fr/fr/fiche/ascs-cite-myriam-montreuil-5673',Colis alimentaire,Épicerie sociale et solidaire
Accueil de jour Wilson,'https://soliguide.fr/fr/fiche/ascs-cite-myriam-montreuil-5673',Domiciliation,
Accueil de jour Wilson,'https://soliguide.fr/fr/fiche/ascs-cite-myriam-montreuil-5673',Douche,Produits d'hygiène
Accueil de jour Wilson,'https://soliguide.fr/fr/fiche/ascs-cite-myriam-montreuil-5673',Laverie,
Accueil de jour Wilson,'https://soliguide.fr/fr/fiche/ascs-cite-myriam-montreuil-5673',Bien-être,Activités diverses
Accueil de jour Wilson,'https://soliguide.fr/fr/fiche/ascs-cite-myriam-montreuil-5673',Activités diverses,
Epicerie Solidaire Wicasaya,'https://soliguide.fr/fr/fiche/epicerie-solidaire-wicasaya-bobigny-5706',Activités diverses,Point d'information et d’orientation
Epicerie Solidaire Wicasaya,'https://soliguide.fr/fr/fiche/epicerie-solidaire-wicasaya-bobigny-5706',Vêtements,
Epicerie Solidaire Wicasaya,'https://soliguide.fr/fr/fiche/epicerie-solidaire-wicasaya-bobigny-5706',Conseil administratif,Écrivain public
Mission Locale de la Lyr - Les Lilas,'https://soliguide.fr/fr/fiche/mission-locale-des-lilas-les-lilas-5710',Accompagnement à l'emploi,
Kâlî,'https://soliguide.fr/fr/fiche/kali-montreuil-5711',Garde d'enfants,Garde d’enfants
Bibliothèque Robert-Desnos,'https://soliguide.fr/fr/fiche/bibliotheque-robert-desnos-montreuil-5781',Bibliothèque,
Bibliothèque Robert-Desnos,'https://soliguide.fr/fr/fiche/bibliotheque-robert-desnos-montreuil-5781',Wifi,
Bibliothèque Robert-Desnos,'https://soliguide.fr/fr/fiche/bibliotheque-robert-desnos-montreuil-5781',Ordinateur,
Permanence de Pimms Médiation - Noisy le Grand Champy,'https://soliguide.fr/fr/fiche/pimms-champy-noisy-le-grand-5815',Wifi,
Permanence de Pimms Médiation - Noisy le Grand Champy,'https://soliguide.fr/fr/fiche/pimms-champy-noisy-le-grand-5815',Ordinateur,
point-justice de la Maison du droit de Noisy-le-Grand,'https://soliguide.fr/fr/fiche/maison-du-droit-de-noisy-le-grand-5816',Permanence juridique,
Bibliothèque de quartier Paul Éluard,'https://soliguide.fr/fr/fiche/bibliotheque-de-quartier-paul-eluard-montreuil-5818',Wifi,
Bibliothèque de quartier Colonel Fabien,'https://soliguide.fr/fr/fiche/bibliotheque-de-quartier-colonel-fabien-montreuil-5819',Ordinateur,
Bibliothèque de quartier Colonel Fabien,'https://soliguide.fr/fr/fiche/bibliotheque-de-quartier-colonel-fabien-montreuil-5819',Wifi,Bibliothèque
Bibliothèque de quartier Daniel Renoult,'https://soliguide.fr/fr/fiche/bibliotheque-de-quartier-daniel-renoult-montreuil-5820',Ordinateur,
Bibliothèque de quartier Daniel Renoult,'https://soliguide.fr/fr/fiche/bibliotheque-de-quartier-daniel-renoult-montreuil-5820',Wifi,
Bibliothèque Denis Diderot,'https://soliguide.fr/fr/fiche/bibliotheque-denis-diderot-bondy-5822',Ordinateur,
Bibliothèque André-Malraux,'https://soliguide.fr/fr/fiche/bibliotheque-andre-malraux-les-lilas-5823',Bibliothèque,
Bibliothèque André-Malraux,'https://soliguide.fr/fr/fiche/bibliotheque-andre-malraux-les-lilas-5823',Ordinateur,Bibliothèque
Bibliothèque François Mitterrand,'https://soliguide.fr/fr/fiche/bibliotheque-francois-mitterrand-le-pre-saint-gervais-5825',Atelier numérique,Ordinateur
Médiathèque Roger Gouhier,'https://soliguide.fr/fr/fiche/mediatheque-roger-gouhier-noisy-le-sec-5826',Ordinateur,
Emmaüs Connect Saint-Denis,'https://soliguide.fr/fr/fiche/emmaus-connect-saint-denis-5832',Magasin solidaire,Ordinateur
Emmaüs Connect Saint-Denis,'https://soliguide.fr/fr/fiche/emmaus-connect-saint-denis-5832',Atelier numérique,Ordinateur
Agence Locale d'Insertion Aurore (ALI) - Livry-Gargan,'https://soliguide.fr/fr/fiche/edi-odyssee-livry-gargan-5855',Insertion par l'activité économique,
Centre Municipal de Santé des Lilas,'https://soliguide.fr/fr/fiche/cms-centre-municipal-de-sante-des-lilas-les-lilas-6165',Généraliste,
Centre Municipal de Santé des Lilas,'https://soliguide.fr/fr/fiche/cms-centre-municipal-de-sante-des-lilas-les-lilas-6165',Gynécologie,
Centre Municipal de Santé des Lilas,'https://soliguide.fr/fr/fiche/cms-centre-municipal-de-sante-des-lilas-les-lilas-6165',Orthophonie,
Centre Municipal de Santé des Lilas,'https://soliguide.fr/fr/fiche/cms-centre-municipal-de-sante-des-lilas-les-lilas-6165',Dentaire,
Restos du Coeur - Centre dactivités d'Epinay-sur-Seine,'https://soliguide.fr/fr/fiche/centre-de-distribution-des-restos-du-coeur-epinay-sur-seine-6271',Colis alimentaire,Épicerie sociale et solidaire
LAO-POW'HER,'https://soliguide.fr/fr/fiche/lieu-accueil-et-d-orientation-fit-bagnolet-6450',Accueil de jour,
LAO-POW'HER,'https://soliguide.fr/fr/fiche/lieu-accueil-et-d-orientation-fit-bagnolet-6450',Activités diverses,
LAO-POW'HER,'https://soliguide.fr/fr/fiche/lieu-accueil-et-d-orientation-fit-bagnolet-6450',Activités diverses,
LAO-POW'HER,'https://soliguide.fr/fr/fiche/lieu-accueil-et-d-orientation-fit-bagnolet-6450',Accompagnement social,Conseil aux parents
LAO-POW'HER,'https://soliguide.fr/fr/fiche/lieu-accueil-et-d-orientation-fit-bagnolet-6450',Bien-être,Conseil administratif
Wake up Café (WKF),'https://soliguide.fr/fr/fiche/wake-up-cafe-wkf-montreuil-6475',Accompagnement social,Accompagnement à l’emploi
Wake up Café (WKF),'https://soliguide.fr/fr/fiche/wake-up-cafe-wkf-montreuil-6475',Activités diverses,Accompagnement à l’emploi
Wake up Café (WKF),'https://soliguide.fr/fr/fiche/wake-up-cafe-wkf-montreuil-6475',Activités diverses,Accompagnement à l’emploi
Wake up Café (WKF),'https://soliguide.fr/fr/fiche/wake-up-cafe-wkf-montreuil-6475',Bien-être,
Maison du bébé,'https://soliguide.fr/fr/fiche/maison-du-bebe-saint-denis-6830',Soins enfants,Accompagnement social
Emmaüs alternatives - Boutique Montreuil,'https://soliguide.fr/fr/fiche/emmaus-boutique-montreuil-6832',Magasin solidaire,
Emmaüs alternatives - Boutique Montreuil,'https://soliguide.fr/fr/fiche/emmaus-boutique-montreuil-6832',Vêtements,Aucun service adapté
PMI Parat,'https://soliguide.fr/fr/fiche/pmi-parat-romainville-6844',Suivi grossesse,
PMI Parat,'https://soliguide.fr/fr/fiche/pmi-parat-romainville-6844',Soins enfants,
PMI Jean Mermoz,'https://soliguide.fr/fr/fiche/pmi-jean-mermoz-neuilly-plaisance-6845',Soins enfants,
PMI Jean Mermoz,'https://soliguide.fr/fr/fiche/pmi-jean-mermoz-neuilly-plaisance-6845',Suivi grossesse,
PMI Rue des Cités,'https://soliguide.fr/fr/fiche/pmi-rue-des-cites-aubervilliers-6846',Soins enfants,
PMI Rue des Cités,'https://soliguide.fr/fr/fiche/pmi-rue-des-cites-aubervilliers-6846',Suivi grossesse,
PMI Charles Tillon,'https://soliguide.fr/fr/fiche/pmi-pont-blanc-aubervilliers-6847',Suivi grossesse,
PMI Charles Tillon,'https://soliguide.fr/fr/fiche/pmi-pont-blanc-aubervilliers-6847',Soins enfants,
PMI Bernard et Mazoyer,'https://soliguide.fr/fr/fiche/pmi-bernard-et-mazoyer-aubervilliers-6848',Soins enfants,
PMI Bernard et Mazoyer,'https://soliguide.fr/fr/fiche/pmi-bernard-et-mazoyer-aubervilliers-6848',Suivi grossesse,
PMI Lahaye,'https://soliguide.fr/fr/fiche/pmi-lahaye-bagnolet-6850',Soins enfants,
PMI Lahaye,'https://soliguide.fr/fr/fiche/pmi-lahaye-bagnolet-6850',Suivi grossesse,
PMI Pierre et Marie Curie,'https://soliguide.fr/fr/fiche/pmi-pierre-et-marie-curie-bagnolet-6851',Suivi grossesse,
PMI Pierre et Marie Curie,'https://soliguide.fr/fr/fiche/pmi-pierre-et-marie-curie-bagnolet-6851',Soins enfants,
PMI Léon Blum,'https://soliguide.fr/fr/fiche/pmi-leon-blum-bondy-6852',Suivi grossesse,
PMI Léon Blum,'https://soliguide.fr/fr/fiche/pmi-leon-blum-bondy-6852',Soins enfants,
PMI Madeleine Brès,'https://soliguide.fr/fr/fiche/pmi-madeleine-bres-bobigny-6853',Soins enfants,
PMI Madeleine Brès,'https://soliguide.fr/fr/fiche/pmi-madeleine-bres-bobigny-6853',Suivi grossesse,
PMI Croix Rouge - Bagnolet,'https://soliguide.fr/fr/fiche/pmi-croix-rouge-bagnolet-6854',Soins enfants,
PMI Croix Rouge - Bagnolet,'https://soliguide.fr/fr/fiche/pmi-croix-rouge-bagnolet-6854',Suivi grossesse,
PMI du centre polyvalent de santé Aimé Césaire,'https://soliguide.fr/fr/fiche/pmi-du-centre-polyvalent-de-sante-aime-cesaire-bobigny-6855',Soins enfants,
PMI du centre polyvalent de santé Aimé Césaire,'https://soliguide.fr/fr/fiche/pmi-du-centre-polyvalent-de-sante-aime-cesaire-bobigny-6855',Suivi grossesse,
PMI Oslo,'https://soliguide.fr/fr/fiche/pmi-oslo-bobigny-6856',Suivi grossesse,
PMI Oslo,'https://soliguide.fr/fr/fiche/pmi-oslo-bobigny-6856',Soins enfants,
PMI Jacqueline de Chambrun,'https://soliguide.fr/fr/fiche/pmi-jacqueline-de-chambrun-aubervilliers-6857',Soins enfants,
PMI Jacqueline de Chambrun,'https://soliguide.fr/fr/fiche/pmi-jacqueline-de-chambrun-aubervilliers-6857',Suivi grossesse,
PMI Jean Aupest,'https://soliguide.fr/fr/fiche/pmi-jean-aupest-aulnay-sous-bois-6858',Soins enfants,
PMI Jean Aupest,'https://soliguide.fr/fr/fiche/pmi-jean-aupest-aulnay-sous-bois-6858',Suivi grossesse,
PMI Gros Saule,'https://soliguide.fr/fr/fiche/pmi-gros-saule-aulnay-sous-bois-6859',Soins enfants,
PMI Gros Saule,'https://soliguide.fr/fr/fiche/pmi-gros-saule-aulnay-sous-bois-6859',Suivi grossesse,
PMI Galion,'https://soliguide.fr/fr/fiche/pmi-galion-aulnay-sous-bois-6860',Soins enfants,
PMI Galion,'https://soliguide.fr/fr/fiche/pmi-galion-aulnay-sous-bois-6860',Suivi grossesse,
PMI Tourville,'https://soliguide.fr/fr/fiche/pmi-tourville-aulnay-sous-bois-6861',Soins enfants,
PMI Tourville,'https://soliguide.fr/fr/fiche/pmi-tourville-aulnay-sous-bois-6861',Suivi grossesse,
PMI Croix Nobillon,'https://soliguide.fr/fr/fiche/pmi-croix-nobillon-aulnay-sous-bois-6862',Suivi grossesse,
PMI Croix Nobillon,'https://soliguide.fr/fr/fiche/pmi-croix-nobillon-aulnay-sous-bois-6862',Soins enfants,
PMI Chêne Pointu,'https://soliguide.fr/fr/fiche/pmi-chene-pointu-clichy-sous-bois-6863',Suivi grossesse,
PMI Chêne Pointu,'https://soliguide.fr/fr/fiche/pmi-chene-pointu-clichy-sous-bois-6863',Soins enfants,
PMI Victor Hugo,'https://soliguide.fr/fr/fiche/pmi-victor-hugo-clichy-sous-bois-6864',Suivi grossesse,
PMI Victor Hugo,'https://soliguide.fr/fr/fiche/pmi-victor-hugo-clichy-sous-bois-6864',Soins enfants,
PMI Verdun,'https://soliguide.fr/fr/fiche/pmi-verdun-bondy-6865',Suivi grossesse,
PMI Verdun,'https://soliguide.fr/fr/fiche/pmi-verdun-bondy-6865',Soins enfants,
PMI Pierre Abrioux,'https://soliguide.fr/fr/fiche/pmi-pierre-abrioux-aulnay-sous-bois-6866',Suivi grossesse,
PMI Pierre Abrioux,'https://soliguide.fr/fr/fiche/pmi-pierre-abrioux-aulnay-sous-bois-6866',Soins enfants,
PMI Orgemont,'https://soliguide.fr/fr/fiche/pmi-orgemont-epinay-sur-seine-6868',Suivi grossesse,
PMI Orgemont,'https://soliguide.fr/fr/fiche/pmi-orgemont-epinay-sur-seine-6868',Soins enfants,
PMI Rue de Paris,'https://soliguide.fr/fr/fiche/pmi-rue-de-paris-epinay-sur-seine-6869',Suivi grossesse,
PMI Rue de Paris,'https://soliguide.fr/fr/fiche/pmi-rue-de-paris-epinay-sur-seine-6869',Soins enfants,
PMI Justice,'https://soliguide.fr/fr/fiche/pmi-justice-epinay-sur-seine-6870',Suivi grossesse,
PMI Justice,'https://soliguide.fr/fr/fiche/pmi-justice-epinay-sur-seine-6870',Soins enfants,
Restos du Coeur - Centre dactivités de Villetaneuse,'https://soliguide.fr/fr/fiche/centre-de-distribution-des-restos-du-coeur-villetaneuse-6872',Colis alimentaire,Épicerie sociale et solidaire
PMI Henri Barbusse,'https://soliguide.fr/fr/fiche/pmi-henri-barbusse-gagny-6873',Suivi grossesse,
PMI Henri Barbusse,'https://soliguide.fr/fr/fiche/pmi-henri-barbusse-gagny-6873',Soins enfants,
PMI Salengro,'https://soliguide.fr/fr/fiche/pmi-salengro-drancy-6874',Soins enfants,
PMI Salengro,'https://soliguide.fr/fr/fiche/pmi-salengro-drancy-6874',Suivi grossesse,
PMI Saint-Stenay,'https://soliguide.fr/fr/fiche/pmi-saint-stenay-drancy-6875',Suivi grossesse,
PMI Saint-Stenay,'https://soliguide.fr/fr/fiche/pmi-saint-stenay-drancy-6875',Soins enfants,
PMI les Acacias,'https://soliguide.fr/fr/fiche/pmi-les-acacias-drancy-6876',Suivi grossesse,
PMI les Acacias,'https://soliguide.fr/fr/fiche/pmi-les-acacias-drancy-6876',Soins enfants,
PMI du Parc,'https://soliguide.fr/fr/fiche/pmi-du-parc-drancy-6877',Soins enfants,
PMI du Parc,'https://soliguide.fr/fr/fiche/pmi-du-parc-drancy-6877',Suivi grossesse,
PMI Dugny,'https://soliguide.fr/fr/fiche/pmi-dugny-6880',Soins enfants,
PMI Dugny,'https://soliguide.fr/fr/fiche/pmi-dugny-6880',Suivi grossesse,
PMI Gustave Caillebotte,'https://soliguide.fr/fr/fiche/pmi-gustave-caillebotte-epinay-sur-seine-6881',Soins enfants,
PMI Gustave Caillebotte,'https://soliguide.fr/fr/fiche/pmi-gustave-caillebotte-epinay-sur-seine-6881',Suivi grossesse,
PMI 18 juin 1940,'https://soliguide.fr/fr/fiche/pmi-18-juin-1940-gagny-6882',Soins enfants,
PMI 18 juin 1940,'https://soliguide.fr/fr/fiche/pmi-18-juin-1940-gagny-6882',Suivi grossesse,
PMI Commune de Paris,'https://soliguide.fr/fr/fiche/pmi-commune-de-paris-ile-saint-denis-6883',Soins enfants,
PMI Commune de Paris,'https://soliguide.fr/fr/fiche/pmi-commune-de-paris-ile-saint-denis-6883',Suivi grossesse,
PMI de l'Ouest,'https://soliguide.fr/fr/fiche/pmi-de-ouest-le-raincy-6884',Soins enfants,
PMI de l'Ouest,'https://soliguide.fr/fr/fiche/pmi-de-ouest-le-raincy-6884',Suivi grossesse,
PMI Berthie-Albrecht,'https://soliguide.fr/fr/fiche/pmi-berthie-albrecht-le-blanc-mesnil-6885',Suivi grossesse,
PMI Berthie-Albrecht,'https://soliguide.fr/fr/fiche/pmi-berthie-albrecht-le-blanc-mesnil-6885',Soins enfants,
PMI Jean Jaurès,'https://soliguide.fr/fr/fiche/pmi-jean-jaures-la-courneuve-6886',Suivi grossesse,
PMI Jean Jaurès,'https://soliguide.fr/fr/fiche/pmi-jean-jaures-la-courneuve-6886',Soins enfants,
PMI Pierre-Rouques,'https://soliguide.fr/fr/fiche/pmi-pierre-rouques-le-blanc-mesnil-6887',Suivi grossesse,
PMI Pierre-Rouques,'https://soliguide.fr/fr/fiche/pmi-pierre-rouques-le-blanc-mesnil-6887',Soins enfants,
PMI Danton,'https://soliguide.fr/fr/fiche/pmi-danton-le-pre-saint-gervais-6888',Suivi grossesse,
PMI Danton,'https://soliguide.fr/fr/fiche/pmi-danton-le-pre-saint-gervais-6888',Soins enfants,
PMI Garde Chasse,'https://soliguide.fr/fr/fiche/pmi-garde-chasse-les-lilas-6890',Suivi grossesse,
PMI Garde Chasse,'https://soliguide.fr/fr/fiche/pmi-garde-chasse-les-lilas-6890',Soins enfants,
PMI Paul Verlaine,'https://soliguide.fr/fr/fiche/pmi-paul-verlaine-la-courneuve-6891',Suivi grossesse,
PMI Paul Verlaine,'https://soliguide.fr/fr/fiche/pmi-paul-verlaine-la-courneuve-6891',Soins enfants,
PMI Léo Lagrange,'https://soliguide.fr/fr/fiche/pmi-leo-lagrange-montreuil-6892',Suivi grossesse,
PMI Léo Lagrange,'https://soliguide.fr/fr/fiche/pmi-leo-lagrange-montreuil-6892',Soins enfants,
PMI Georges Braque,'https://soliguide.fr/fr/fiche/pmi-georges-braque-la-courneuve-6894',Suivi grossesse,
PMI Georges Braque,'https://soliguide.fr/fr/fiche/pmi-georges-braque-la-courneuve-6894',Soins enfants,
PMI Marcel Alizard,'https://soliguide.fr/fr/fiche/pmi-marcel-alizard-le-blanc-mesnil-6895',Suivi grossesse,
PMI Marcel Alizard,'https://soliguide.fr/fr/fiche/pmi-marcel-alizard-le-blanc-mesnil-6895',Soins enfants,
PMI Division Leclerc,'https://soliguide.fr/fr/fiche/pmi-division-leclerc-le-bourget-6896',Suivi grossesse,
PMI Division Leclerc,'https://soliguide.fr/fr/fiche/pmi-division-leclerc-le-bourget-6896',Soins enfants,
PMI Sully,'https://soliguide.fr/fr/fiche/pmi-sully-livry-gargan-6897',Suivi grossesse,
PMI Sully,'https://soliguide.fr/fr/fiche/pmi-sully-livry-gargan-6897',Soins enfants,
PMI Henri Barbusse,'https://soliguide.fr/fr/fiche/pmi-henri-barbusse-montfermeil-6898',Suivi grossesse,
PMI Henri Barbusse,'https://soliguide.fr/fr/fiche/pmi-henri-barbusse-montfermeil-6898',Soins enfants,
PMI Berthe Morisot,'https://soliguide.fr/fr/fiche/pmi-berthe-morisot-montfermeil-6899',Suivi grossesse,
PMI Berthe Morisot,'https://soliguide.fr/fr/fiche/pmi-berthe-morisot-montfermeil-6899',Soins enfants,
PMI Rue de Paris,'https://soliguide.fr/fr/fiche/pmi-rue-de-paris-montreuil-6900',Soins enfants,
PMI Rue de Paris,'https://soliguide.fr/fr/fiche/pmi-rue-de-paris-montreuil-6900',Suivi grossesse,
PMI Sergent Bobillot,'https://soliguide.fr/fr/fiche/pmi-sergent-bobillot-montreuil-6901',Suivi grossesse,
PMI Sergent Bobillot,'https://soliguide.fr/fr/fiche/pmi-sergent-bobillot-montreuil-6901',Soins enfants,
PMI Henri Wallon,'https://soliguide.fr/fr/fiche/pmi-henri-wallon-montreuil-6902',Suivi grossesse,
PMI Henri Wallon,'https://soliguide.fr/fr/fiche/pmi-henri-wallon-montreuil-6902',Soins enfants,
PMI Papillons,'https://soliguide.fr/fr/fiche/pmi-papillons-montreuil-6903',Suivi grossesse,
PMI Papillons,'https://soliguide.fr/fr/fiche/pmi-papillons-montreuil-6903',Soins enfants,
PMI Henri Dunant,'https://soliguide.fr/fr/fiche/pmi-henri-dunant-neuilly-sur-marne-6904',Soins enfants,
PMI Henri Dunant,'https://soliguide.fr/fr/fiche/pmi-henri-dunant-neuilly-sur-marne-6904',Suivi grossesse,
PMI Pierre Rouques,'https://soliguide.fr/fr/fiche/pmi-pierre-rouques-neuilly-sur-marne-6905',Suivi grossesse,
PMI Pierre Rouques,'https://soliguide.fr/fr/fiche/pmi-pierre-rouques-neuilly-sur-marne-6905',Soins enfants,
PMI Leonetti,'https://soliguide.fr/fr/fiche/pmi-leonetti-noisy-le-grand-6906',Suivi grossesse,
PMI Leonetti,'https://soliguide.fr/fr/fiche/pmi-leonetti-noisy-le-grand-6906',Soins enfants,
PMI Hautes Rives,'https://soliguide.fr/fr/fiche/pmi-hautes-rives-noisy-le-grand-6907',Soins enfants,
PMI Hautes Rives,'https://soliguide.fr/fr/fiche/pmi-hautes-rives-noisy-le-grand-6907',Suivi grossesse,
PMI Bauer,'https://soliguide.fr/fr/fiche/pmi-bauer-saint-ouen-6908',Suivi grossesse,
PMI Bauer,'https://soliguide.fr/fr/fiche/pmi-bauer-saint-ouen-6908',Soins enfants,
PMI Rougemont,'https://soliguide.fr/fr/fiche/pmi-rougemont-sevran-6910',Soins enfants,
PMI Rougemont,'https://soliguide.fr/fr/fiche/pmi-rougemont-sevran-6910',Suivi grossesse,
PMI des Découvertes,'https://soliguide.fr/fr/fiche/pmi-des-decouvertes-noisy-le-sec-6911',Soins enfants,
PMI des Découvertes,'https://soliguide.fr/fr/fiche/pmi-des-decouvertes-noisy-le-sec-6911',Suivi grossesse,
PMI Émile Connoy,'https://soliguide.fr/fr/fiche/pmi-emile-connoy-saint-denis-6912',Suivi grossesse,
PMI Émile Connoy,'https://soliguide.fr/fr/fiche/pmi-emile-connoy-saint-denis-6912',Soins enfants,
PMI Sycomores,'https://soliguide.fr/fr/fiche/pmi-sycomores-rosny-sous-bois-6913',Suivi grossesse,
PMI Sycomores,'https://soliguide.fr/fr/fiche/pmi-sycomores-rosny-sous-bois-6913',Soins enfants,
PMI Saint-Denis,'https://soliguide.fr/fr/fiche/pmi-saint-denis-saint-ouen-6914',Suivi grossesse,
PMI Saint-Denis,'https://soliguide.fr/fr/fiche/pmi-saint-denis-saint-ouen-6914',Soins enfants,
PMI Gallieni,'https://soliguide.fr/fr/fiche/pmi-gallieni-pierrefitte-sur-seine-6915',Suivi grossesse,
PMI Gallieni,'https://soliguide.fr/fr/fiche/pmi-gallieni-pierrefitte-sur-seine-6915',Soins enfants,
PMI Semard,'https://soliguide.fr/fr/fiche/pmi-semard-saint-denis-6916',Suivi grossesse,
PMI Semard,'https://soliguide.fr/fr/fiche/pmi-semard-saint-denis-6916',Soins enfants,
PMI Henri-Barbusse,'https://soliguide.fr/fr/fiche/pmi-henri-barbusse-saint-ouen-6917',Suivi grossesse,
PMI Henri-Barbusse,'https://soliguide.fr/fr/fiche/pmi-henri-barbusse-saint-ouen-6917',Soins enfants,
PMI Crétier,'https://soliguide.fr/fr/fiche/pmi-cretier-sevran-6918',Suivi grossesse,
PMI Crétier,'https://soliguide.fr/fr/fiche/pmi-cretier-sevran-6918',Soins enfants,
PMI Les Beaudottes,'https://soliguide.fr/fr/fiche/pmi-les-beaudottes-sevran-6919',Suivi grossesse,
PMI Les Beaudottes,'https://soliguide.fr/fr/fiche/pmi-les-beaudottes-sevran-6919',Soins enfants,
PMI Les Érables,'https://soliguide.fr/fr/fiche/pmi-les-erables-sevran-6920',Suivi grossesse,
PMI Les Érables,'https://soliguide.fr/fr/fiche/pmi-les-erables-sevran-6920',Soins enfants,
PMI Calmanovic,'https://soliguide.fr/fr/fiche/pmi-calmanovic-les-pavillons-sous-bois-6921',Suivi grossesse,
PMI Calmanovic,'https://soliguide.fr/fr/fiche/pmi-calmanovic-les-pavillons-sous-bois-6921',Soins enfants,
PMI Champy-Richardets,'https://soliguide.fr/fr/fiche/pmi-champy-richardets-noisy-le-grand-6922',Suivi grossesse,
PMI Champy-Richardets,'https://soliguide.fr/fr/fiche/pmi-champy-richardets-noisy-le-grand-6922',Soins enfants,
PMI Londeau,'https://soliguide.fr/fr/fiche/pmi-londeau-noisy-le-sec-6923',Suivi grossesse,
PMI Londeau,'https://soliguide.fr/fr/fiche/pmi-londeau-noisy-le-sec-6923',Soins enfants,
PMI Gallieni,'https://soliguide.fr/fr/fiche/pmi-gallieni-noisy-le-sec-6924',Suivi grossesse,
PMI Gallieni,'https://soliguide.fr/fr/fiche/pmi-gallieni-noisy-le-sec-6924',Soins enfants,
PMI Quatre Chemins,'https://soliguide.fr/fr/fiche/pmi-4-chemins-pantin-6925',Suivi grossesse,
PMI Quatre Chemins,'https://soliguide.fr/fr/fiche/pmi-4-chemins-pantin-6925',Soins enfants,
PMI Cornet,'https://soliguide.fr/fr/fiche/pmi-cornet-pantin-6926',Suivi grossesse,
PMI Cornet,'https://soliguide.fr/fr/fiche/pmi-cornet-pantin-6926',Soins enfants,
PMI Courtillères,'https://soliguide.fr/fr/fiche/pmi-courtilleres-pantin-6927',Soins enfants,
PMI Courtillères,'https://soliguide.fr/fr/fiche/pmi-courtilleres-pantin-6927',Suivi grossesse,
PMI Joncherolles,'https://soliguide.fr/fr/fiche/pmi-joncherolles-pierrefitte-sur-seine-6928',Suivi grossesse,
PMI Joncherolles,'https://soliguide.fr/fr/fiche/pmi-joncherolles-pierrefitte-sur-seine-6928',Soins enfants,
PMI Veuve Aublet,'https://soliguide.fr/fr/fiche/pmi-veuve-aublet-romainville-6929',Suivi grossesse,
PMI Veuve Aublet,'https://soliguide.fr/fr/fiche/pmi-veuve-aublet-romainville-6929',Soins enfants,
PMI Général Leclerc,'https://soliguide.fr/fr/fiche/pmi-general-leclerc-rosny-sous-bois-6930',Suivi grossesse,
PMI Général Leclerc,'https://soliguide.fr/fr/fiche/pmi-general-leclerc-rosny-sous-bois-6930',Soins enfants,
PMI Marnaudes,'https://soliguide.fr/fr/fiche/pmi-marnaudes-rosny-sous-bois-6931',Suivi grossesse,
PMI Marnaudes,'https://soliguide.fr/fr/fiche/pmi-marnaudes-rosny-sous-bois-6931',Soins enfants,
PMI les Moulins,'https://soliguide.fr/fr/fiche/pmi-les-moulins-saint-denis-6932',Suivi grossesse,
PMI les Moulins,'https://soliguide.fr/fr/fiche/pmi-les-moulins-saint-denis-6932',Soins enfants,
PMI Plaine,'https://soliguide.fr/fr/fiche/pmi-plaine-saint-denis-6933',Suivi grossesse,
PMI Plaine,'https://soliguide.fr/fr/fiche/pmi-plaine-saint-denis-6933',Soins enfants,
PMI Barbusse,'https://soliguide.fr/fr/fiche/pmi-barbusse-saint-denis-6934',Suivi grossesse,
PMI Aristide Briand,'https://soliguide.fr/fr/fiche/pmi-aristide-briand-stains-6936',Suivi grossesse,
PMI Aristide Briand,'https://soliguide.fr/fr/fiche/pmi-aristide-briand-stains-6936',Soins enfants,
PMI Moulin Neuf,'https://soliguide.fr/fr/fiche/pmi-moulin-neuf-stains-6937',Suivi grossesse,
PMI Moulin Neuf,'https://soliguide.fr/fr/fiche/pmi-moulin-neuf-stains-6937',Soins enfants,
PMI Clos Saint-Lazare,'https://soliguide.fr/fr/fiche/pmi-clos-saint-lazare-stains-6938',Suivi grossesse,
PMI Clos Saint-Lazare,'https://soliguide.fr/fr/fiche/pmi-clos-saint-lazare-stains-6938',Soins enfants,
PMI Saint-Louis,'https://soliguide.fr/fr/fiche/pmi-saint-louis-villemomble-6939',Suivi grossesse,
PMI Saint-Louis,'https://soliguide.fr/fr/fiche/pmi-saint-louis-villemomble-6939',Soins enfants,
PMI Ampère,'https://soliguide.fr/fr/fiche/pmi-ampere-tremblay-en-france-6940',Suivi grossesse,
PMI Ampère,'https://soliguide.fr/fr/fiche/pmi-ampere-tremblay-en-france-6940',Soins enfants,
PMI Paul Langevin,'https://soliguide.fr/fr/fiche/pmi-paul-langevin-villetaneuse-6943',Suivi grossesse,
PMI Paul Langevin,'https://soliguide.fr/fr/fiche/pmi-paul-langevin-villetaneuse-6943',Soins enfants,
PMI Étienne Fajon,'https://soliguide.fr/fr/fiche/pmi-etienne-fajon-villetaneuse-6944',Suivi grossesse,
PMI Étienne Fajon,'https://soliguide.fr/fr/fiche/pmi-etienne-fajon-villetaneuse-6944',Soins enfants,
PMI Salvador Allende,'https://soliguide.fr/fr/fiche/pmi-salvador-allende-villepinte-6945',Suivi grossesse,
PMI Salvador Allende,'https://soliguide.fr/fr/fiche/pmi-salvador-allende-villepinte-6945',Soins enfants,
PMI Jean Jaurès,'https://soliguide.fr/fr/fiche/pmi-fernand-lamaze-le-blanc-mesnil-6946',Suivi grossesse,
PMI Jean Jaurès,'https://soliguide.fr/fr/fiche/pmi-fernand-lamaze-le-blanc-mesnil-6946',Soins enfants,
PMI Saint-Claude,'https://soliguide.fr/fr/fiche/pmi-saint-claude-livry-gargan-6947',Suivi grossesse,
PMI Saint-Claude,'https://soliguide.fr/fr/fiche/pmi-saint-claude-livry-gargan-6947',Soins enfants,
Salle de quartier Maladrerie Émile Dubois,'https://soliguide.fr/fr/fiche/salle-de-quartier-maladrerie-emile-dubois-aubervilliers-6951',Activités diverses,Aucun service adapté
Antenne du CeGIDD départemental à Aulnay-sous-Bois,'https://soliguide.fr/fr/fiche/antenne-du-cegidd-departemental-aulnay-sous-bois-6961',Dépistage,Addiction
Antenne du CeGIDD départemental à Aulnay-sous-Bois,'https://soliguide.fr/fr/fiche/antenne-du-cegidd-departemental-aulnay-sous-bois-6961',Dépistage,Addiction
Maison de quartier des Quatre-Chemins - antenne Diderot,'https://soliguide.fr/fr/fiche/maison-de-quartier-des-quatre-chemins-antenne-diderot-pantin-6974',Écrivain public,Aucun service adapté
Maison de quartier des Quatre-Chemins - antenne Diderot,'https://soliguide.fr/fr/fiche/maison-de-quartier-des-quatre-chemins-antenne-diderot-pantin-6974',Soutien scolaire,
Maison de quartier des Quatre-Chemins - antenne Diderot,'https://soliguide.fr/fr/fiche/maison-de-quartier-des-quatre-chemins-antenne-diderot-pantin-6974',Cours de français,
Maison de quartier des Quatre-Chemins - antenne Diderot,'https://soliguide.fr/fr/fiche/maison-de-quartier-des-quatre-chemins-antenne-diderot-pantin-6974',Activités diverses,
Maternité de l'hôpital André Grégoire,'https://soliguide.fr/fr/fiche/pmi-hospitaliere-andre-gregoire-montreuil-6995',Suivi grossesse,"Urgences maternité n'est pas dans la liste, mais Suivi Grossesse pourrait être pertinent"
PMI Croix Rouge - Vaujours,'https://soliguide.fr/fr/fiche/pmi-croix-rouge-vaujours-6997',Suivi grossesse,
PMI Croix Rouge - Vaujours,'https://soliguide.fr/fr/fiche/pmi-croix-rouge-vaujours-6997',Soins enfants,
Permanence d'accès aux droits LDH-RESF - le Pré-Gentil,'https://soliguide.fr/fr/fiche/permanence-acces-aux-droits-ldh-resf-le-pre-gentil-rosny-sous-bois-7002',Conseil administratif,
Permanence d'accès aux droits LDH-RESF - le Pré-Gentil,'https://soliguide.fr/fr/fiche/permanence-acces-aux-droits-ldh-resf-le-pre-gentil-rosny-sous-bois-7002',Permanence juridique,
Maison de l'emploi de Bagnolet,'https://soliguide.fr/fr/fiche/maison-de-emploi-de-bagnolet-7136',Accompagnement à l'emploi,Accompagnement à l’emploi
Maison de l'emploi de Noisy-le-Sec,'https://soliguide.fr/fr/fiche/maison-de-emploi-de-noisy-le-sec-7137',Accompagnement à l'emploi,
Centre socioculturel Clara Zetkin,'https://soliguide.fr/fr/fiche/centre-socioculturel-clara-zetkin-villetaneuse-7138',Ordinateur,Atelier numérique
Centre socioculturel Clara Zetkin,'https://soliguide.fr/fr/fiche/centre-socioculturel-clara-zetkin-villetaneuse-7138',Soutien scolaire,
Maison de Quartier du Landy,'https://soliguide.fr/fr/fiche/maison-de-quartier-du-landy-saint-ouen-7147',Permanence juridique,Conseil administratif
Maison de Quartier du Landy,'https://soliguide.fr/fr/fiche/maison-de-quartier-du-landy-saint-ouen-7147',Conseil administratif,Conseil budget
Maison de Quartier du Landy,'https://soliguide.fr/fr/fiche/maison-de-quartier-du-landy-saint-ouen-7147',Accompagnement à l'emploi,Accompagnement à l’emploi
Maison de Quartier du Landy,'https://soliguide.fr/fr/fiche/maison-de-quartier-du-landy-saint-ouen-7147',Cours de français,Aucun service adapté
Maison de Quartier du Landy,'https://soliguide.fr/fr/fiche/maison-de-quartier-du-landy-saint-ouen-7147',Ordinateur,
Maison de Quartier du Landy,'https://soliguide.fr/fr/fiche/maison-de-quartier-du-landy-saint-ouen-7147',Activités diverses,
Maison de Quartier du Landy,'https://soliguide.fr/fr/fiche/maison-de-quartier-du-landy-saint-ouen-7147',Écrivain public,Aucun service adapté
Maison de Quartier Pasteur,'https://soliguide.fr/fr/fiche/maison-de-quartier-pasteur-saint-ouen-7148',Activités diverses,
Maison de Quartier Pasteur,'https://soliguide.fr/fr/fiche/maison-de-quartier-pasteur-saint-ouen-7148',Activités sportives,
Centre Municipal de Santé Bauer,'https://soliguide.fr/fr/fiche/centre-municipal-de-sante-bauer-saint-ouen-7154',Généraliste,
Centre Municipal de Santé Bauer,'https://soliguide.fr/fr/fiche/centre-municipal-de-sante-bauer-saint-ouen-7154',Dermatologie,
Centre Municipal de Santé Bauer,'https://soliguide.fr/fr/fiche/centre-municipal-de-sante-bauer-saint-ouen-7154',Gynécologie,
Centre Municipal de Santé (CMS) Rue Saint-Denis,'https://soliguide.fr/fr/fiche/centre-municipal-de-sante-saint-denis-saint-ouen-7155',Généraliste,
Centre Municipal de Santé (CMS) Rue Saint-Denis,'https://soliguide.fr/fr/fiche/centre-municipal-de-sante-saint-denis-saint-ouen-7155',Dermatologie,Aucun service adapté
Centre Municipal de Santé (CMS) Rue Saint-Denis,'https://soliguide.fr/fr/fiche/centre-municipal-de-sante-saint-denis-saint-ouen-7155',Gynécologie,
Centre Municipal de Santé (CMS) Rue Saint-Denis,'https://soliguide.fr/fr/fiche/centre-municipal-de-sante-saint-denis-saint-ouen-7155',Pédicure,
Centre Social Louise Michel,'https://soliguide.fr/fr/fiche/centre-social-louise-michel-neuilly-sur-marne-7159',Garde d'enfants,Garde d’enfants
Centre Social Louise Michel,'https://soliguide.fr/fr/fiche/centre-social-louise-michel-neuilly-sur-marne-7159',Écrivain public,
Centre Social Louise Michel,'https://soliguide.fr/fr/fiche/centre-social-louise-michel-neuilly-sur-marne-7159',Cours de français,Aucun service adapté
Centre Social Louise Michel,'https://soliguide.fr/fr/fiche/centre-social-louise-michel-neuilly-sur-marne-7159',Activités diverses,
Centre Social Louise Michel,'https://soliguide.fr/fr/fiche/centre-social-louise-michel-neuilly-sur-marne-7159',Bien-être,
Centre Social Louise Michel,'https://soliguide.fr/fr/fiche/centre-social-louise-michel-neuilly-sur-marne-7159',Accompagnement social,Conseil administratif
Maison de quartier Balavoine,'https://soliguide.fr/fr/fiche/maison-de-quartier-balavoine-bondy-7164',Cours de français,
Maison de quartier Balavoine,'https://soliguide.fr/fr/fiche/maison-de-quartier-balavoine-bondy-7164',Généraliste,Conseil administratif
Maison de quartier Balavoine,'https://soliguide.fr/fr/fiche/maison-de-quartier-balavoine-bondy-7164',Bien-être,
Maison de quartier Balavoine,'https://soliguide.fr/fr/fiche/maison-de-quartier-balavoine-bondy-7164',Activités diverses,
Maison de quartier Sohane - France Services,'https://soliguide.fr/fr/fiche/maison-de-quartier-sohane-bondy-7167',Activités diverses,
Maison pour tous Césaria Evora,'https://soliguide.fr/fr/fiche/maison-pour-tous-cesaria-evora-la-courneuve-7170',Écrivain public,Aucun service adapté
Maison pour tous Césaria Evora,'https://soliguide.fr/fr/fiche/maison-pour-tous-cesaria-evora-la-courneuve-7170',Conseil administratif,Atelier numérique
Maison pour tous Césaria Evora,'https://soliguide.fr/fr/fiche/maison-pour-tous-cesaria-evora-la-courneuve-7170',Garde d'enfants,Garde d’enfants
Maison pour tous Césaria Evora,'https://soliguide.fr/fr/fiche/maison-pour-tous-cesaria-evora-la-courneuve-7170',Activités sportives,
Maison pour tous Youri Gagarine,'https://soliguide.fr/fr/fiche/maison-pour-tous-youri-gagarine-la-courneuve-7172',Cours de français,
Maison pour tous Youri Gagarine,'https://soliguide.fr/fr/fiche/maison-pour-tous-youri-gagarine-la-courneuve-7172',Garde d'enfants,Garde d’enfants
Maison pour tous Youri Gagarine,'https://soliguide.fr/fr/fiche/maison-pour-tous-youri-gagarine-la-courneuve-7172',Activités diverses,Espace de repos
La Maison des Initiatives et de la Citoyenneté,'https://soliguide.fr/fr/fiche/la-maison-des-initiatives-et-de-la-citoyennete-ile-saint-denis-7174',Permanence juridique,Aucun service adapté
La Maison des Initiatives et de la Citoyenneté,'https://soliguide.fr/fr/fiche/la-maison-des-initiatives-et-de-la-citoyennete-ile-saint-denis-7174',Écrivain public,Aucun service adapté
La Maison des Initiatives et de la Citoyenneté,'https://soliguide.fr/fr/fiche/la-maison-des-initiatives-et-de-la-citoyennete-ile-saint-denis-7174',Garde d'enfants,Garde d’enfants
La Maison des Initiatives et de la Citoyenneté,'https://soliguide.fr/fr/fiche/la-maison-des-initiatives-et-de-la-citoyennete-ile-saint-denis-7174',Activités diverses,
La Maison des Initiatives et de la Citoyenneté,'https://soliguide.fr/fr/fiche/la-maison-des-initiatives-et-de-la-citoyennete-ile-saint-denis-7174',Activités sportives,Aucun service adapté
La Maison des Initiatives et de la Citoyenneté,'https://soliguide.fr/fr/fiche/la-maison-des-initiatives-et-de-la-citoyennete-ile-saint-denis-7174',Soutien scolaire,Aucun service adapté
Centre Municipal de Santé Henri Barbusse,'https://soliguide.fr/fr/fiche/centre-municipal-de-sante-henri-barbusse-saint-ouen-7193',Généraliste,
Centre Municipal de Santé Henri Barbusse,'https://soliguide.fr/fr/fiche/centre-municipal-de-sante-henri-barbusse-saint-ouen-7193',Allergologie,
Centre Municipal de Santé Henri Barbusse,'https://soliguide.fr/fr/fiche/centre-municipal-de-sante-henri-barbusse-saint-ouen-7193',Cardiologie,
Centre Municipal de Santé Henri Barbusse,'https://soliguide.fr/fr/fiche/centre-municipal-de-sante-henri-barbusse-saint-ouen-7193',Dermatologie,
Centre Municipal de Santé Henri Barbusse,'https://soliguide.fr/fr/fiche/centre-municipal-de-sante-henri-barbusse-saint-ouen-7193',Endocrinologie,
Centre Municipal de Santé Henri Barbusse,'https://soliguide.fr/fr/fiche/centre-municipal-de-sante-henri-barbusse-saint-ouen-7193',Gynécologie,
Centre Municipal de Santé Henri Barbusse,'https://soliguide.fr/fr/fiche/centre-municipal-de-sante-henri-barbusse-saint-ouen-7193',Phlébologie,
Centre Municipal de Santé Henri Barbusse,'https://soliguide.fr/fr/fiche/centre-municipal-de-sante-henri-barbusse-saint-ouen-7193',Dentaire,stomatologie
Centre Municipal de Santé Henri Barbusse,'https://soliguide.fr/fr/fiche/centre-municipal-de-sante-henri-barbusse-saint-ouen-7193',Infirmerie,Médecin généraliste
Centre Municipal de Santé Henri Barbusse,'https://soliguide.fr/fr/fiche/centre-municipal-de-sante-henri-barbusse-saint-ouen-7193',Kinésithérapie,
Centre Municipal de Santé Henri Barbusse,'https://soliguide.fr/fr/fiche/centre-municipal-de-sante-henri-barbusse-saint-ouen-7193',Orthophonie,
Centre Municipal de Santé Henri Barbusse,'https://soliguide.fr/fr/fiche/centre-municipal-de-sante-henri-barbusse-saint-ouen-7193',Pédicure,
Centre Municipal de Santé Henri Barbusse,'https://soliguide.fr/fr/fiche/centre-municipal-de-sante-henri-barbusse-saint-ouen-7193',Echographie,
Centre Municipal de Santé Henri Barbusse,'https://soliguide.fr/fr/fiche/centre-municipal-de-sante-henri-barbusse-saint-ouen-7193',Radiologie,
Centre Municipal de Santé Henri Barbusse,'https://soliguide.fr/fr/fiche/centre-municipal-de-sante-henri-barbusse-saint-ouen-7193',Mammographie,
France Travail (ex-Pôle emploi) - Aubervilliers,'https://soliguide.fr/fr/fiche/pole-emploi-aubervilliers-7195',Accompagnement à l'emploi,
France Travail (ex-Pôle emploi) - Aubervilliers,'https://soliguide.fr/fr/fiche/pole-emploi-aubervilliers-7195',Accompagnement à l'emploi,
France Travail (ex-Pôle emploi) - Aulnay-sous-Bois,'https://soliguide.fr/fr/fiche/pole-emploi-aulnay-sous-bois-7196',Accompagnement à l'emploi,
France Travail (ex-Pôle emploi) - Aulnay-sous-Bois,'https://soliguide.fr/fr/fiche/pole-emploi-aulnay-sous-bois-7196',Accompagnement à l'emploi,
France Travail (ex-Pôle emploi) - Bobigny,'https://soliguide.fr/fr/fiche/pole-emploi-bobigny-7198',Accompagnement à l'emploi,
France Travail (ex-Pôle emploi) - Bobigny,'https://soliguide.fr/fr/fiche/pole-emploi-bobigny-7198',Accompagnement à l'emploi,
France Travail (ex-Pôle emploi) - Bondy,'https://soliguide.fr/fr/fiche/pole-emploi-bondy-7199',Accompagnement à l'emploi,
France Travail (ex-Pôle emploi) - Bondy,'https://soliguide.fr/fr/fiche/pole-emploi-bondy-7199',Accompagnement à l'emploi,
France Travail (ex-Pôle emploi) - Clichy-sous-Bois,'https://soliguide.fr/fr/fiche/pole-emploi-clichy-sous-bois-7200',Accompagnement à l'emploi,
France Travail (ex-Pôle emploi) - Clichy-sous-Bois,'https://soliguide.fr/fr/fiche/pole-emploi-clichy-sous-bois-7200',Accompagnement à l'emploi,
France Travail (ex-Pôle emploi) - Drancy,'https://soliguide.fr/fr/fiche/pole-emploi-drancy-7202',Accompagnement à l'emploi,
France Travail (ex-Pôle emploi) - Drancy,'https://soliguide.fr/fr/fiche/pole-emploi-drancy-7202',Accompagnement à l'emploi,
France Travail (ex-Pôle emploi) - Epinay-sur-Seine,'https://soliguide.fr/fr/fiche/pole-emploi-epinay-sur-seine-7203',Accompagnement à l'emploi,
France Travail (ex-Pôle emploi) - Epinay-sur-Seine,'https://soliguide.fr/fr/fiche/pole-emploi-epinay-sur-seine-7203',Accompagnement à l'emploi,
France Travail (ex-Pôle emploi) - La Courneuve,'https://soliguide.fr/fr/fiche/pole-emploi-la-courneuve-7205',Accompagnement à l'emploi,
France Travail (ex-Pôle emploi) - La Courneuve,'https://soliguide.fr/fr/fiche/pole-emploi-la-courneuve-7205',Accompagnement à l'emploi,
France Travail (ex-Pôle emploi) - Le Blanc-Mesnil,'https://soliguide.fr/fr/fiche/pole-emploi-le-blanc-mesnil-7206',Accompagnement à l'emploi,
France Travail (ex-Pôle emploi) - Le Blanc-Mesnil,'https://soliguide.fr/fr/fiche/pole-emploi-le-blanc-mesnil-7206',Accompagnement à l'emploi,
France Travail (ex-Pôle emploi) - Livry-Gargan,'https://soliguide.fr/fr/fiche/pole-emploi-livry-gargan-7207',Accompagnement à l'emploi,
France Travail (ex-Pôle emploi) - Livry-Gargan,'https://soliguide.fr/fr/fiche/pole-emploi-livry-gargan-7207',Accompagnement à l'emploi,
France Travail (ex-Pôle emploi) - Montreuil,'https://soliguide.fr/fr/fiche/pole-emploi-montreuil-7208',Accompagnement à l'emploi,
France Travail (ex-Pôle emploi) - Montreuil,'https://soliguide.fr/fr/fiche/pole-emploi-montreuil-7208',Accompagnement à l'emploi,
France Travail (ex-Pôle emploi) - Neuilly-sur-Marne,'https://soliguide.fr/fr/fiche/pole-emploi-neuilly-sur-marne-7215',Accompagnement à l'emploi,
France Travail (ex-Pôle emploi) - Neuilly-sur-Marne,'https://soliguide.fr/fr/fiche/pole-emploi-neuilly-sur-marne-7215',Accompagnement à l'emploi,
France Travail (ex-Pôle emploi) - Noisy-le-Grand,'https://soliguide.fr/fr/fiche/pole-emploi-noisy-le-grand-7216',Accompagnement à l'emploi,
France Travail (ex-Pôle emploi) - Noisy-le-Grand,'https://soliguide.fr/fr/fiche/pole-emploi-noisy-le-grand-7216',Accompagnement à l'emploi,
France Travail (ex-Pôle emploi) - Noisy-le-Sec,'https://soliguide.fr/fr/fiche/pole-emploi-noisy-le-sec-7217',Accompagnement à l'emploi,
France Travail (ex-Pôle emploi) - Noisy-le-Sec,'https://soliguide.fr/fr/fiche/pole-emploi-noisy-le-sec-7217',Accompagnement à l'emploi,
France Travail (ex-Pôle emploi) - Pantin,'https://soliguide.fr/fr/fiche/pole-emploi-pantin-7218',Accompagnement à l'emploi,
France Travail (ex-Pôle emploi) - Pantin,'https://soliguide.fr/fr/fiche/pole-emploi-pantin-7218',Accompagnement à l'emploi,
France Travail (ex-Pôle emploi) - Rosny-sous-Bois,'https://soliguide.fr/fr/fiche/pole-emploi-rosny-sous-bois-7219',Accompagnement à l'emploi,
France Travail (ex-Pôle emploi) - Rosny-sous-Bois,'https://soliguide.fr/fr/fiche/pole-emploi-rosny-sous-bois-7219',Accompagnement à l'emploi,
France Travail (ex-Pôle emploi) - Saint-Denis,'https://soliguide.fr/fr/fiche/pole-emploi-saint-denis-7220',Accompagnement à l'emploi,
France Travail (ex-Pôle emploi) - Saint-Denis,'https://soliguide.fr/fr/fiche/pole-emploi-saint-denis-7220',Accompagnement à l'emploi,
France Travail (ex-Pôle emploi) - Saint-Ouen,'https://soliguide.fr/fr/fiche/pole-emploi-saint-ouen-7222',Accompagnement à l'emploi,
France Travail (ex-Pôle emploi) - Saint-Ouen,'https://soliguide.fr/fr/fiche/pole-emploi-saint-ouen-7222',Accompagnement à l'emploi,
France Travail (ex-Pôle emploi) - Sevran,'https://soliguide.fr/fr/fiche/pole-emploi-sevran-7223',Accompagnement à l'emploi,
France Travail (ex-Pôle emploi) - Sevran,'https://soliguide.fr/fr/fiche/pole-emploi-sevran-7223',Accompagnement à l'emploi,
Association La Plage - La Maison Source,'https://soliguide.fr/fr/fiche/la-maison-source-bobigny-7232',Distribution de repas,
Association La Plage - La Maison Source,'https://soliguide.fr/fr/fiche/la-maison-source-bobigny-7232',Activités sportives,Aucun service adapté
Association La Plage - La Maison Source,'https://soliguide.fr/fr/fiche/la-maison-source-bobigny-7232',Ordinateur,
Association La Plage - La Maison Source,'https://soliguide.fr/fr/fiche/la-maison-source-bobigny-7232',Wifi,
Association La Plage - La Maison Source,'https://soliguide.fr/fr/fiche/la-maison-source-bobigny-7232',Prise,
France Travail (ex-Pôle emploi) - Stains,'https://soliguide.fr/fr/fiche/pole-emploi-stains-7234',Accompagnement à l'emploi,
France Travail (ex-Pôle emploi) - Stains,'https://soliguide.fr/fr/fiche/pole-emploi-stains-7234',Accompagnement à l'emploi,
France Travail (ex-Pôle emploi) - Tremblay-en-France,'https://soliguide.fr/fr/fiche/pole-emploi-tremblay-en-france-7235',Accompagnement à l'emploi,
France Travail (ex-Pôle emploi) - Tremblay-en-France,'https://soliguide.fr/fr/fiche/pole-emploi-tremblay-en-france-7235',Accompagnement à l'emploi,
La Recyclerie de la Noue,'https://soliguide.fr/fr/fiche/la-recyclerie-de-la-noue-bagnolet-7239',Magasin solidaire,Boutique Solidaire
La Recyclerie de la Noue,'https://soliguide.fr/fr/fiche/la-recyclerie-de-la-noue-bagnolet-7239',Vêtements,
Centre Municipal de Santé (CMS) Savattero,'https://soliguide.fr/fr/fiche/centre-municipal-de-sante-savattero-montreuil-7240',Généraliste,Médecin généraliste
Centre Municipal de Santé (CMS) Savattero,'https://soliguide.fr/fr/fiche/centre-municipal-de-sante-savattero-montreuil-7240',Cardiologie,Médecin généraliste
Centre Municipal de Santé (CMS) Savattero,'https://soliguide.fr/fr/fiche/centre-municipal-de-sante-savattero-montreuil-7240',Dermatologie,Médecin généraliste
Centre Municipal de Santé (CMS) Savattero,'https://soliguide.fr/fr/fiche/centre-municipal-de-sante-savattero-montreuil-7240',Oto-rhino-laryngologie,Médecin généraliste
Centre Municipal de Santé (CMS) Savattero,'https://soliguide.fr/fr/fiche/centre-municipal-de-sante-savattero-montreuil-7240',Echographie,kinésithérapie
Centre Municipal de Santé (CMS) Savattero,'https://soliguide.fr/fr/fiche/centre-municipal-de-sante-savattero-montreuil-7240',Vaccination,
Centre Municipal de Santé (CMS) Savattero,'https://soliguide.fr/fr/fiche/centre-municipal-de-sante-savattero-montreuil-7240',Kinésithérapie,kinésithérapie
Centre Municipal de Santé Léo Lagrange,'https://soliguide.fr/fr/fiche/centre-municipal-de-sante-leo-lagrange-montreuil-7241',Généraliste,
Centre Municipal de Santé Léo Lagrange,'https://soliguide.fr/fr/fiche/centre-municipal-de-sante-leo-lagrange-montreuil-7241',Soins enfants,
Centre Municipal de Santé Léo Lagrange,'https://soliguide.fr/fr/fiche/centre-municipal-de-sante-leo-lagrange-montreuil-7241',Gynécologie,
Centre Municipal de Santé Léo Lagrange,'https://soliguide.fr/fr/fiche/centre-municipal-de-sante-leo-lagrange-montreuil-7241',Infirmerie,
Centre Municipal de Santé Léo Lagrange,'https://soliguide.fr/fr/fiche/centre-municipal-de-sante-leo-lagrange-montreuil-7241',Kinésithérapie,
Centre Municipal de Santé Daniel Renoult,'https://soliguide.fr/fr/fiche/centre-municipal-de-sante-daniel-renoult-montreuil-7242',Généraliste,Médecin généraliste
Centre Municipal de Santé Daniel Renoult,'https://soliguide.fr/fr/fiche/centre-municipal-de-sante-daniel-renoult-montreuil-7242',Cardiologie,
Centre Municipal de Santé Daniel Renoult,'https://soliguide.fr/fr/fiche/centre-municipal-de-sante-daniel-renoult-montreuil-7242',Gynécologie,gynécologie
Centre Municipal de Santé Daniel Renoult,'https://soliguide.fr/fr/fiche/centre-municipal-de-sante-daniel-renoult-montreuil-7242',Rhumatologie,
Centre Municipal de Santé Daniel Renoult,'https://soliguide.fr/fr/fiche/centre-municipal-de-sante-daniel-renoult-montreuil-7242',Infirmerie,Médecin généraliste
Centre Municipal de Santé Daniel Renoult,'https://soliguide.fr/fr/fiche/centre-municipal-de-sante-daniel-renoult-montreuil-7242',Kinésithérapie,Activités diverses
PIMMS de Sevran,'https://soliguide.fr/fr/fiche/pimms-de-sevran-7283',Wifi,
Service Insertion - ESSOR 93,'https://soliguide.fr/fr/fiche/service-insertion-essor-93-gagny-7286',Accompagnement à l'emploi,Accompagnement à l’emploi
Service Insertion - ESSOR 93,'https://soliguide.fr/fr/fiche/service-insertion-essor-93-gagny-7286',Accompagnement social,Conseil budget
ASAFI - Romain-Rolland,'https://soliguide.fr/fr/fiche/asafi-romain-rolland-saint-denis-7302',Cours de français,
Centre social les Trois Quartiers,'https://soliguide.fr/fr/fiche/centre-social-les-trois-quartiers-aulnay-sous-bois-7358',Atelier numérique,Aucun service adapté
Centre social les Trois Quartiers,'https://soliguide.fr/fr/fiche/centre-social-les-trois-quartiers-aulnay-sous-bois-7358',Écrivain public,Conseil administratif
Centre social les Trois Quartiers,'https://soliguide.fr/fr/fiche/centre-social-les-trois-quartiers-aulnay-sous-bois-7358',Permanence juridique,
Espace Multimédia OMJA,'https://soliguide.fr/fr/fiche/espace-multimedia-omja-aubervilliers-7384',Activités diverses,
Médiathèque Henri Michaux,'https://soliguide.fr/fr/fiche/mediatheque-henri-michaux-aubervilliers-7390',Bibliothèque,
Médiathèque Paul Eluard,'https://soliguide.fr/fr/fiche/mediatheque-paul-eluard-aubervilliers-7391',Bibliothèque,
Bibliothèque Dumont,'https://soliguide.fr/fr/fiche/bibliotheque-dumont-aulnay-sous-bois-7701',Atelier numérique,Aucun service adapté
Centre social Mitry-Ambourget,'https://soliguide.fr/fr/fiche/centre-social-mitry-ambourget-aulnay-sous-bois-7713',Conseil administratif,Point d'information et d’orientation
Centre social Mitry-Ambourget,'https://soliguide.fr/fr/fiche/centre-social-mitry-ambourget-aulnay-sous-bois-7713',Écrivain public,
Centre social Mitry-Ambourget,'https://soliguide.fr/fr/fiche/centre-social-mitry-ambourget-aulnay-sous-bois-7713',Bien-être,
Secours Populaire - Fédération de la Seine-Saint-Denis,'https://soliguide.fr/fr/fiche/secours-populaire-federation-de-la-seine-saint-denis-romainville-8102',Colis alimentaire,Panier alimentaire
Mission Locale de la Lyr - Le Pré-Saint-Gervais,'https://soliguide.fr/fr/fiche/mission-locale-du-pre-saint-gervais-le-pre-saint-gervais-8141',Accompagnement à l'emploi,
CSAPA Boucebci,'https://soliguide.fr/fr/fiche/csapa-boubesci-bondy-8144',Addiction,
CSAPA Boucebci,'https://soliguide.fr/fr/fiche/csapa-boubesci-bondy-8144',Psychologie,
CSAPA Boucebci,'https://soliguide.fr/fr/fiche/csapa-boubesci-bondy-8144',Accompagnement social,Aucun service adapté
Centre Municipal de Santé (CMS) Le Cygne,'https://soliguide.fr/fr/fiche/centre-municipal-de-sante-cygne-saint-denis-8217',Généraliste,
Centre Municipal de Santé (CMS) Le Cygne,'https://soliguide.fr/fr/fiche/centre-municipal-de-sante-cygne-saint-denis-8217',Infirmerie,Infirmier
Centre Municipal de Santé (CMS) Le Cygne,'https://soliguide.fr/fr/fiche/centre-municipal-de-sante-cygne-saint-denis-8217',Dentaire,
Centre Municipal de Santé (CMS) Le Cygne,'https://soliguide.fr/fr/fiche/centre-municipal-de-sante-cygne-saint-denis-8217',Suivi grossesse,
Centre Municipal de Santé (CMS) Le Cygne,'https://soliguide.fr/fr/fiche/centre-municipal-de-sante-cygne-saint-denis-8217',Vaccination,
Centre Municipal de Santé (CMS) Le Cygne,'https://soliguide.fr/fr/fiche/centre-municipal-de-sante-cygne-saint-denis-8217',Gynécologie,
Centre Municipal de Santé (CMS) Le Cygne,'https://soliguide.fr/fr/fiche/centre-municipal-de-sante-cygne-saint-denis-8217',Rhumatologie,
Centre Municipal de Santé (CMS) Le Cygne,'https://soliguide.fr/fr/fiche/centre-municipal-de-sante-cygne-saint-denis-8217',Cardiologie,
Centre Municipal de Santé (CMS) Le Cygne,'https://soliguide.fr/fr/fiche/centre-municipal-de-sante-cygne-saint-denis-8217',Addiction,
Centre Municipal de Santé (CMS) Le Cygne,'https://soliguide.fr/fr/fiche/centre-municipal-de-sante-cygne-saint-denis-8217',Gastro-entérologie,
Centre Municipal de Santé (CMS) Le Cygne,'https://soliguide.fr/fr/fiche/centre-municipal-de-sante-cygne-saint-denis-8217',Accompagnement social,Conseil aux parents
Centre Municipal de Santé (CMS) Le Cygne,'https://soliguide.fr/fr/fiche/centre-municipal-de-sante-cygne-saint-denis-8217',Suivi grossesse,Planning familial
Centre Municipal de Santé (CMS) Les Moulins,'https://soliguide.fr/fr/fiche/centre-municipal-de-sante-les-moulins-saint-denis-8219',Généraliste,
Centre Municipal de Santé (CMS) Les Moulins,'https://soliguide.fr/fr/fiche/centre-municipal-de-sante-les-moulins-saint-denis-8219',Infirmerie,
Centre Municipal de Santé (CMS) Les Moulins,'https://soliguide.fr/fr/fiche/centre-municipal-de-sante-les-moulins-saint-denis-8219',Dentaire,Aucun service adapté
Centre Municipal de Santé (CMS) Les Moulins,'https://soliguide.fr/fr/fiche/centre-municipal-de-sante-les-moulins-saint-denis-8219',Nutrition,nutrition
Centre Municipal de Santé (CMS) Les Moulins,'https://soliguide.fr/fr/fiche/centre-municipal-de-sante-les-moulins-saint-denis-8219',Accompagnement social,Psychologie
Centre Municipal de Santé (CMS) La Plaine,'https://soliguide.fr/fr/fiche/centre-municipal-de-sante-plaine-saint-denis-8220',Généraliste,
Centre Municipal de Santé (CMS) La Plaine,'https://soliguide.fr/fr/fiche/centre-municipal-de-sante-plaine-saint-denis-8220',Infirmerie,
Centre Municipal de Santé (CMS) La Plaine,'https://soliguide.fr/fr/fiche/centre-municipal-de-sante-plaine-saint-denis-8220',Dentaire,
Centre Médical et Dentaire Elise,'https://soliguide.fr/fr/fiche/centre-medical-et-dentaire-elise-saint-denis-8221',Dentaire,
Centre Médical et Dentaire Elise,'https://soliguide.fr/fr/fiche/centre-medical-et-dentaire-elise-saint-denis-8221',Généraliste,
Centre Municipal de Santé (CMS) de Neuilly-Plaisance,'https://soliguide.fr/fr/fiche/centre-municipal-de-sante-neuilly-plaisance-8225',Généraliste,Aucun service adapté
Centre Municipal de Santé (CMS) de Neuilly-Plaisance,'https://soliguide.fr/fr/fiche/centre-municipal-de-sante-neuilly-plaisance-8225',Infirmerie,Aucun service adapté
Centre Municipal de Santé (CMS) de Neuilly-Plaisance,'https://soliguide.fr/fr/fiche/centre-municipal-de-sante-neuilly-plaisance-8225',Cardiologie,
Centre médico-social Paul Schmierer,'https://soliguide.fr/fr/fiche/centre-medico-social-paul-schmierer-rosny-sous-bois-8229',Généraliste,
Centre médico-social Paul Schmierer,'https://soliguide.fr/fr/fiche/centre-medico-social-paul-schmierer-rosny-sous-bois-8229',Dentaire,
Centre médico-social Paul Schmierer,'https://soliguide.fr/fr/fiche/centre-medico-social-paul-schmierer-rosny-sous-bois-8229',Cardiologie,
Centre médico-social Paul Schmierer,'https://soliguide.fr/fr/fiche/centre-medico-social-paul-schmierer-rosny-sous-bois-8229',Dermatologie,
Centre médico-social Paul Schmierer,'https://soliguide.fr/fr/fiche/centre-medico-social-paul-schmierer-rosny-sous-bois-8229',Gynécologie,
Centre médico-social Paul Schmierer,'https://soliguide.fr/fr/fiche/centre-medico-social-paul-schmierer-rosny-sous-bois-8229',Ophtalmologie,
Centre médico-social Paul Schmierer,'https://soliguide.fr/fr/fiche/centre-medico-social-paul-schmierer-rosny-sous-bois-8229',Suivi grossesse,
Centre Municipal de Santé Elsa Rustin,'https://soliguide.fr/fr/fiche/centre-municipal-de-sante-elsa-rustin-bagnolet-8246',Généraliste,Médecin généraliste
Centre Municipal de Santé Elsa Rustin,'https://soliguide.fr/fr/fiche/centre-municipal-de-sante-elsa-rustin-bagnolet-8246',Infirmerie,Médecin généraliste
Centre Municipal de Santé Elsa Rustin,'https://soliguide.fr/fr/fiche/centre-municipal-de-sante-elsa-rustin-bagnolet-8246',Addiction,
Centre Municipal de Santé Elsa Rustin,'https://soliguide.fr/fr/fiche/centre-municipal-de-sante-elsa-rustin-bagnolet-8246',Cardiologie,
Centre Municipal de Santé Elsa Rustin,'https://soliguide.fr/fr/fiche/centre-municipal-de-sante-elsa-rustin-bagnolet-8246',Dermatologie,
Centre Municipal de Santé Elsa Rustin,'https://soliguide.fr/fr/fiche/centre-municipal-de-sante-elsa-rustin-bagnolet-8246',Gastro-entérologie,
Centre Municipal de Santé Elsa Rustin,'https://soliguide.fr/fr/fiche/centre-municipal-de-sante-elsa-rustin-bagnolet-8246',Gynécologie,
Centre Municipal de Santé Elsa Rustin,'https://soliguide.fr/fr/fiche/centre-municipal-de-sante-elsa-rustin-bagnolet-8246',Soins enfants,
Centre Municipal de Santé Elsa Rustin,'https://soliguide.fr/fr/fiche/centre-municipal-de-sante-elsa-rustin-bagnolet-8246',Phlébologie,
Centre Municipal de Santé Elsa Rustin,'https://soliguide.fr/fr/fiche/centre-municipal-de-sante-elsa-rustin-bagnolet-8246',Kinésithérapie,kinésithérapie
Centre Municipal de Santé Elsa Rustin,'https://soliguide.fr/fr/fiche/centre-municipal-de-sante-elsa-rustin-bagnolet-8246',Echographie,échographie
Centre Municipal de Santé Elsa Rustin,'https://soliguide.fr/fr/fiche/centre-municipal-de-sante-elsa-rustin-bagnolet-8246',Pédicure,pédicure
Centre dentaire Elsa Rustin,'https://soliguide.fr/fr/fiche/centre-dentaire-elsa-rustin-bagnolet-8269',Dentaire,
Centre médico-psycho-pédagogique (CMPP),'https://soliguide.fr/fr/fiche/centre-medico-psycho-pedagogique-cmpp-bagnolet-8274',Psychologie,
Centre Municipal de Santé Louise Michel,'https://soliguide.fr/fr/fiche/centre-municipal-de-sante-louise-michel-romainville-8282',Généraliste,
Centre Municipal de Santé Louise Michel,'https://soliguide.fr/fr/fiche/centre-municipal-de-sante-louise-michel-romainville-8282',Infirmerie,
Centre Municipal de Santé Louise Michel,'https://soliguide.fr/fr/fiche/centre-municipal-de-sante-louise-michel-romainville-8282',Dentaire,
Centre Municipal de Santé Louise Michel,'https://soliguide.fr/fr/fiche/centre-municipal-de-sante-louise-michel-romainville-8282',Kinésithérapie,
Centre Municipal de Santé Louise Michel,'https://soliguide.fr/fr/fiche/centre-municipal-de-sante-louise-michel-romainville-8282',Echographie,
Centre Municipal de Santé Louise Michel,'https://soliguide.fr/fr/fiche/centre-municipal-de-sante-louise-michel-romainville-8282',Cardiologie,
Centre Municipal de Santé Louise Michel,'https://soliguide.fr/fr/fiche/centre-municipal-de-sante-louise-michel-romainville-8282',Nutrition,
Centre Municipal de Santé Louise Michel,'https://soliguide.fr/fr/fiche/centre-municipal-de-sante-louise-michel-romainville-8282',Suivi grossesse,
Centre Municipal de Santé Louise Michel,'https://soliguide.fr/fr/fiche/centre-municipal-de-sante-louise-michel-romainville-8282',Gynécologie,
Centre médico-psycho-pédagogique (CMPP),'https://soliguide.fr/fr/fiche/centre-medico-psycho-pedagogique-cmpp-romainville-8287',Psychologie,
Centre municipal de santé pluridisciplinaire (CMSP) Pierre Rouquès,'https://soliguide.fr/fr/fiche/centre-municipal-de-sante-pierre-rouques-le-blanc-mesnil-8294',Généraliste,
Centre municipal de santé pluridisciplinaire (CMSP) Pierre Rouquès,'https://soliguide.fr/fr/fiche/centre-municipal-de-sante-pierre-rouques-le-blanc-mesnil-8294',Infirmerie,
Centre municipal de santé pluridisciplinaire (CMSP) Pierre Rouquès,'https://soliguide.fr/fr/fiche/centre-municipal-de-sante-pierre-rouques-le-blanc-mesnil-8294',Dentaire,
Centre municipal de santé pluridisciplinaire (CMSP) Pierre Rouquès,'https://soliguide.fr/fr/fiche/centre-municipal-de-sante-pierre-rouques-le-blanc-mesnil-8294',Vaccination,
Centre municipal de santé pluridisciplinaire (CMSP) Pierre Rouquès,'https://soliguide.fr/fr/fiche/centre-municipal-de-sante-pierre-rouques-le-blanc-mesnil-8294',Cardiologie,
Centre municipal de santé pluridisciplinaire (CMSP) Pierre Rouquès,'https://soliguide.fr/fr/fiche/centre-municipal-de-sante-pierre-rouques-le-blanc-mesnil-8294',Oto-rhino-laryngologie,
Centre municipal de santé pluridisciplinaire (CMSP) Pierre Rouquès,'https://soliguide.fr/fr/fiche/centre-municipal-de-sante-pierre-rouques-le-blanc-mesnil-8294',Rhumatologie,
Centre municipal de santé pluridisciplinaire (CMSP) Pierre Rouquès,'https://soliguide.fr/fr/fiche/centre-municipal-de-sante-pierre-rouques-le-blanc-mesnil-8294',Endocrinologie,
Centre municipal de santé pluridisciplinaire (CMSP) Pierre Rouquès,'https://soliguide.fr/fr/fiche/centre-municipal-de-sante-pierre-rouques-le-blanc-mesnil-8294',Gynécologie,
Centre municipal de santé pluridisciplinaire (CMSP) Pierre Rouquès,'https://soliguide.fr/fr/fiche/centre-municipal-de-sante-pierre-rouques-le-blanc-mesnil-8294',Radiologie,
Centre municipal de santé pluridisciplinaire (CMSP) Pierre Rouquès,'https://soliguide.fr/fr/fiche/centre-municipal-de-sante-pierre-rouques-le-blanc-mesnil-8294',Echographie,
Centre municipal de santé pluridisciplinaire (CMSP) Pierre Rouquès,'https://soliguide.fr/fr/fiche/centre-municipal-de-sante-pierre-rouques-le-blanc-mesnil-8294',Kinésithérapie,
Centre municipal de santé pluridisciplinaire (CMSP) Docteur Kaplan,'https://soliguide.fr/fr/fiche/centre-municipal-de-sante-fernand-lamaze-le-blanc-mesnil-8297',Généraliste,
Centre municipal de santé pluridisciplinaire (CMSP) Docteur Kaplan,'https://soliguide.fr/fr/fiche/centre-municipal-de-sante-fernand-lamaze-le-blanc-mesnil-8297',Infirmerie,
Centre municipal de santé pluridisciplinaire (CMSP) Docteur Kaplan,'https://soliguide.fr/fr/fiche/centre-municipal-de-sante-fernand-lamaze-le-blanc-mesnil-8297',Allergologie,
Centre municipal de santé pluridisciplinaire (CMSP) Docteur Kaplan,'https://soliguide.fr/fr/fiche/centre-municipal-de-sante-fernand-lamaze-le-blanc-mesnil-8297',Cardiologie,
Centre municipal de santé pluridisciplinaire (CMSP) Docteur Kaplan,'https://soliguide.fr/fr/fiche/centre-municipal-de-sante-fernand-lamaze-le-blanc-mesnil-8297',Oto-rhino-laryngologie,
Centre municipal de santé pluridisciplinaire (CMSP) Docteur Kaplan,'https://soliguide.fr/fr/fiche/centre-municipal-de-sante-fernand-lamaze-le-blanc-mesnil-8297',Rhumatologie,
Centre municipal de santé pluridisciplinaire (CMSP) Docteur Kaplan,'https://soliguide.fr/fr/fiche/centre-municipal-de-sante-fernand-lamaze-le-blanc-mesnil-8297',Dentaire,
Centre municipal de santé pluridisciplinaire (CMSP) Docteur Kaplan,'https://soliguide.fr/fr/fiche/centre-municipal-de-sante-fernand-lamaze-le-blanc-mesnil-8297',Kinésithérapie,
Centre Municipal de Santé Fernand Goulène,'https://soliguide.fr/fr/fiche/centre-municipal-de-sante-fernand-goulene-noisy-le-sec-8307',Généraliste,Infirmerie
Centre Municipal de Santé Fernand Goulène,'https://soliguide.fr/fr/fiche/centre-municipal-de-sante-fernand-goulene-noisy-le-sec-8307',Gynécologie,
Centre Municipal de Santé Fernand Goulène,'https://soliguide.fr/fr/fiche/centre-municipal-de-sante-fernand-goulene-noisy-le-sec-8307',Phlébologie,
Centre Municipal de Santé Fernand Goulène,'https://soliguide.fr/fr/fiche/centre-municipal-de-sante-fernand-goulene-noisy-le-sec-8307',Radiologie,
Centre Municipal de Santé Fernand Goulène,'https://soliguide.fr/fr/fiche/centre-municipal-de-sante-fernand-goulene-noisy-le-sec-8307',Soins enfants,
Centre Municipal de Santé Fernand Goulène,'https://soliguide.fr/fr/fiche/centre-municipal-de-sante-fernand-goulene-noisy-le-sec-8307',Rhumatologie,
Centre Municipal de Santé Fernand Goulène,'https://soliguide.fr/fr/fiche/centre-municipal-de-sante-fernand-goulene-noisy-le-sec-8307',Ophtalmologie,
Centre Municipal de Santé Fernand Goulène,'https://soliguide.fr/fr/fiche/centre-municipal-de-sante-fernand-goulene-noisy-le-sec-8307',Cardiologie,
Centre Municipal de Santé Fernand Goulène,'https://soliguide.fr/fr/fiche/centre-municipal-de-sante-fernand-goulene-noisy-le-sec-8307',Nutrition,
Centre Municipal de Santé Fernand Goulène,'https://soliguide.fr/fr/fiche/centre-municipal-de-sante-fernand-goulene-noisy-le-sec-8307',Suivi grossesse,
Pôle Municipal de Santé,'https://soliguide.fr/fr/fiche/pole-municipal-de-sante-tremblay-en-france-8311',Généraliste,
Pôle Municipal de Santé,'https://soliguide.fr/fr/fiche/pole-municipal-de-sante-tremblay-en-france-8311',Infirmerie,
Pôle Municipal de Santé,'https://soliguide.fr/fr/fiche/pole-municipal-de-sante-tremblay-en-france-8311',Vaccination,
Pôle Municipal de Santé,'https://soliguide.fr/fr/fiche/pole-municipal-de-sante-tremblay-en-france-8311',Suivi grossesse,
Pôle Municipal de Santé,'https://soliguide.fr/fr/fiche/pole-municipal-de-sante-tremblay-en-france-8311',Rhumatologie,
Centre municipal déducation pour la santé Louis Pasteur,'https://soliguide.fr/fr/fiche/centre-municipal-education-pour-la-sante-louis-pasteur-aulnay-sous-bois-8326',Généraliste,
Centre municipal déducation pour la santé Louis Pasteur,'https://soliguide.fr/fr/fiche/centre-municipal-education-pour-la-sante-louis-pasteur-aulnay-sous-bois-8326',Infirmerie,
Centre municipal déducation pour la santé Louis Pasteur,'https://soliguide.fr/fr/fiche/centre-municipal-education-pour-la-sante-louis-pasteur-aulnay-sous-bois-8326',Gynécologie,
Centre Municipal de Santé (CMS) de Sevran,'https://soliguide.fr/fr/fiche/centre-municipal-de-sante-sevran-8333',Généraliste,
Centre Municipal de Santé (CMS) de Sevran,'https://soliguide.fr/fr/fiche/centre-municipal-de-sante-sevran-8333',Infirmerie,Aucun service adapté
Centre Municipal de Santé (CMS) de Sevran,'https://soliguide.fr/fr/fiche/centre-municipal-de-sante-sevran-8333',Cardiologie,
Centre Municipal de Santé (CMS) de Sevran,'https://soliguide.fr/fr/fiche/centre-municipal-de-sante-sevran-8333',Dermatologie,
Centre Municipal de Santé (CMS) de Sevran,'https://soliguide.fr/fr/fiche/centre-municipal-de-sante-sevran-8333',Gastro-entérologie,
Centre Municipal de Santé (CMS) de Sevran,'https://soliguide.fr/fr/fiche/centre-municipal-de-sante-sevran-8333',Gynécologie,
Centre Municipal de Santé (CMS) de Sevran,'https://soliguide.fr/fr/fiche/centre-municipal-de-sante-sevran-8333',Soins enfants,Pédiatre
CMP Enfants et Adolescents du Bourget,'https://soliguide.fr/fr/fiche/centre-medico-psychologique-cmp-le-bourget-8338',Psychologie,
Centre Municipal de Santé (CMS) des Pavillons-sous-Bois,'https://soliguide.fr/fr/fiche/centre-municipal-de-sante-les-pavillons-sous-bois-8339',Généraliste,
Centre Municipal de Santé (CMS) des Pavillons-sous-Bois,'https://soliguide.fr/fr/fiche/centre-municipal-de-sante-les-pavillons-sous-bois-8339',Infirmerie,
Centre Municipal de Santé (CMS) des Pavillons-sous-Bois,'https://soliguide.fr/fr/fiche/centre-municipal-de-sante-les-pavillons-sous-bois-8339',Cardiologie,
Centre Municipal de Santé (CMS) des Pavillons-sous-Bois,'https://soliguide.fr/fr/fiche/centre-municipal-de-sante-les-pavillons-sous-bois-8339',Dentaire,
Centre Municipal de Santé de Dugny,'https://soliguide.fr/fr/fiche/centre-municipal-de-sante-dugny-8340',Généraliste,
Centre Municipal de Santé de Dugny,'https://soliguide.fr/fr/fiche/centre-municipal-de-sante-dugny-8340',Infirmerie,
Centre Municipal de Santé de Dugny,'https://soliguide.fr/fr/fiche/centre-municipal-de-sante-dugny-8340',Dentaire,
Centre Municipal de Santé de Dugny,'https://soliguide.fr/fr/fiche/centre-municipal-de-sante-dugny-8340',Gynécologie,Suivi Grossesse
Centre Municipal de Santé de Dugny,'https://soliguide.fr/fr/fiche/centre-municipal-de-sante-dugny-8340',Ophtalmologie,
Centre Municipal de Santé de Dugny,'https://soliguide.fr/fr/fiche/centre-municipal-de-sante-dugny-8340',Phlébologie,
Centre Municipal de Santé de Dugny,'https://soliguide.fr/fr/fiche/centre-municipal-de-sante-dugny-8340',Nutrition,
Centre Municipal de Santé de Dugny,'https://soliguide.fr/fr/fiche/centre-municipal-de-sante-dugny-8340',Kinésithérapie,
Centre Municipal de Santé (CMS) Isabet,'https://soliguide.fr/fr/fiche/centre-municipal-de-sante-cornet-pantin-8342',Généraliste,Infirmerie
Centre Municipal de Santé (CMS) Isabet,'https://soliguide.fr/fr/fiche/centre-municipal-de-sante-cornet-pantin-8342',Infirmerie,
Centre Municipal de Santé (CMS) Isabet,'https://soliguide.fr/fr/fiche/centre-municipal-de-sante-cornet-pantin-8342',Cardiologie,
Centre Municipal de Santé (CMS) Isabet,'https://soliguide.fr/fr/fiche/centre-municipal-de-sante-cornet-pantin-8342',Gastro-entérologie,
Centre Municipal de Santé (CMS) Isabet,'https://soliguide.fr/fr/fiche/centre-municipal-de-sante-cornet-pantin-8342',Gynécologie,
Centre Municipal de Santé (CMS) Isabet,'https://soliguide.fr/fr/fiche/centre-municipal-de-sante-cornet-pantin-8342',Phlébologie,
Centre Municipal de Santé (CMS) Isabet,'https://soliguide.fr/fr/fiche/centre-municipal-de-sante-cornet-pantin-8342',Soins enfants,
Centre Municipal de Santé (CMS) Isabet,'https://soliguide.fr/fr/fiche/centre-municipal-de-sante-cornet-pantin-8342',Dentaire,
Centre Municipal de Santé (CMS) Isabet,'https://soliguide.fr/fr/fiche/centre-municipal-de-sante-cornet-pantin-8342',Radiologie,
Centre Municipal de Santé (CMS) Isabet,'https://soliguide.fr/fr/fiche/centre-municipal-de-sante-cornet-pantin-8342',Kinésithérapie,
Centre Municipal de Santé  (CMS) Ténine,'https://soliguide.fr/fr/fiche/centre-municipal-de-sante-tenine-pantin-8343',Généraliste,
Centre Municipal de Santé  (CMS) Ténine,'https://soliguide.fr/fr/fiche/centre-municipal-de-sante-tenine-pantin-8343',Dentaire,
Centre Municipal de Santé  (CMS) Ténine,'https://soliguide.fr/fr/fiche/centre-municipal-de-sante-tenine-pantin-8343',Dermatologie,
Centre Municipal de Santé  (CMS) Ténine,'https://soliguide.fr/fr/fiche/centre-municipal-de-sante-tenine-pantin-8343',Gynécologie,
Centre Municipal de Santé  (CMS) Ténine,'https://soliguide.fr/fr/fiche/centre-municipal-de-sante-tenine-pantin-8343',Kinésithérapie,
Centre Municipal de Santé  (CMS) Ténine,'https://soliguide.fr/fr/fiche/centre-municipal-de-sante-tenine-pantin-8343',Soins enfants,
Centre Municipal de Santé (CMS) Sainte-Marguerite,'https://soliguide.fr/fr/fiche/centre-municipal-de-sante-sainte-marguerite-pantin-8345',Généraliste,
Centre Municipal de Santé (CMS) Sainte-Marguerite,'https://soliguide.fr/fr/fiche/centre-municipal-de-sante-sainte-marguerite-pantin-8345',Infirmerie,
Centre Municipal de Santé (CMS) Sainte-Marguerite,'https://soliguide.fr/fr/fiche/centre-municipal-de-sante-sainte-marguerite-pantin-8345',Vaccination,
Centre Municipal de Santé (CMS) Sainte-Marguerite,'https://soliguide.fr/fr/fiche/centre-municipal-de-sante-sainte-marguerite-pantin-8345',Gynécologie,
Centre Municipal de Santé (CMS) Sainte-Marguerite,'https://soliguide.fr/fr/fiche/centre-municipal-de-sante-sainte-marguerite-pantin-8345',Phlébologie,
Centre Municipal de Santé (CMS) de Gagny,'https://soliguide.fr/fr/fiche/centre-municipal-de-sante-gagny-8346',Généraliste,
Centre Municipal de Santé (CMS) de Gagny,'https://soliguide.fr/fr/fiche/centre-municipal-de-sante-gagny-8346',Infirmerie,
Centre Municipal de Santé (CMS) de Gagny,'https://soliguide.fr/fr/fiche/centre-municipal-de-sante-gagny-8346',Gynécologie,
Centre Municipal de Santé (CMS) de Gagny,'https://soliguide.fr/fr/fiche/centre-municipal-de-sante-gagny-8346',Ophtalmologie,
Centre Municipal de Santé (CMS) Pierrefitte-sur-Seine,'https://soliguide.fr/fr/fiche/centre-municipal-de-sante-pierrefitte-sur-seine-8347',Généraliste,
Centre Municipal de Santé (CMS) Pierrefitte-sur-Seine,'https://soliguide.fr/fr/fiche/centre-municipal-de-sante-pierrefitte-sur-seine-8347',Gastro-entérologie,
Centre Municipal de Santé (CMS) Pierrefitte-sur-Seine,'https://soliguide.fr/fr/fiche/centre-municipal-de-sante-pierrefitte-sur-seine-8347',Gynécologie,
Centre Municipal de Santé (CMS) Pierrefitte-sur-Seine,'https://soliguide.fr/fr/fiche/centre-municipal-de-sante-pierrefitte-sur-seine-8347',Soins enfants,Pédiatrie
Centre Municipal de Santé (CMS) Pierrefitte-sur-Seine,'https://soliguide.fr/fr/fiche/centre-municipal-de-sante-pierrefitte-sur-seine-8347',Rhumatologie,
Centre Municipal de Santé (CMS) Henri Tauleigne,'https://soliguide.fr/fr/fiche/centre-municipal-de-sante-henri-tauleigne-bondy-8348',Généraliste,
Centre Municipal de Santé (CMS) Henri Tauleigne,'https://soliguide.fr/fr/fiche/centre-municipal-de-sante-henri-tauleigne-bondy-8348',Dentaire,Aucun service adapté
Centre Municipal de Santé (CMS) Henri Tauleigne,'https://soliguide.fr/fr/fiche/centre-municipal-de-sante-henri-tauleigne-bondy-8348',Soins enfants,
Centre Municipal de Santé (CMS) Henri Tauleigne,'https://soliguide.fr/fr/fiche/centre-municipal-de-sante-henri-tauleigne-bondy-8348',Gynécologie,
Centre Municipal de Santé (CMS) Henri Tauleigne,'https://soliguide.fr/fr/fiche/centre-municipal-de-sante-henri-tauleigne-bondy-8348',Suivi grossesse,
Centre Municipal de Santé (CMS) Henri Tauleigne,'https://soliguide.fr/fr/fiche/centre-municipal-de-sante-henri-tauleigne-bondy-8348',Kinésithérapie,
Centre Municipal de Santé (CMS) Henri Tauleigne,'https://soliguide.fr/fr/fiche/centre-municipal-de-sante-henri-tauleigne-bondy-8348',Pédicure,
Centre Municipal de Santé (CMS) Henri Wallon,'https://soliguide.fr/fr/fiche/centre-municipal-de-sante-henri-wallon-drancy-8349',Généraliste,Médecin généraliste
Centre Municipal de Santé (CMS) Henri Wallon,'https://soliguide.fr/fr/fiche/centre-municipal-de-sante-henri-wallon-drancy-8349',Infirmerie,
Centre Municipal de Santé (CMS) Henri Wallon,'https://soliguide.fr/fr/fiche/centre-municipal-de-sante-henri-wallon-drancy-8349',Dermatologie,
Centre Municipal de Santé (CMS) Henri Wallon,'https://soliguide.fr/fr/fiche/centre-municipal-de-sante-henri-wallon-drancy-8349',Soins enfants,
Centre Municipal de Santé (CMS) Henri Wallon,'https://soliguide.fr/fr/fiche/centre-municipal-de-sante-henri-wallon-drancy-8349',Oto-rhino-laryngologie,
Centre Municipal de Santé (CMS) Henri Wallon,'https://soliguide.fr/fr/fiche/centre-municipal-de-sante-henri-wallon-drancy-8349',Gastro-entérologie,
Centre Municipal de Santé (CMS) Henri Wallon,'https://soliguide.fr/fr/fiche/centre-municipal-de-sante-henri-wallon-drancy-8349',Rhumatologie,
Centre Municipal de Santé (CMS) Henri Wallon,'https://soliguide.fr/fr/fiche/centre-municipal-de-sante-henri-wallon-drancy-8349',Pédicure,
Centre Municipal de Santé (CMS) Henri Wallon,'https://soliguide.fr/fr/fiche/centre-municipal-de-sante-henri-wallon-drancy-8349',Psychologie,
Centre Municipal de Santé (CMS) Henri Wallon,'https://soliguide.fr/fr/fiche/centre-municipal-de-sante-henri-wallon-drancy-8349',Nutrition,
Centre Municipal de Santé (CMS) Henri Wallon,'https://soliguide.fr/fr/fiche/centre-municipal-de-sante-henri-wallon-drancy-8349',Echographie,
Centre Municipal de Santé (CMS) des Bois de Groslay,'https://soliguide.fr/fr/fiche/centre-municipal-de-sante-des-bois-de-groslay-drancy-8350',Généraliste,
Centre Municipal de Santé (CMS) des Bois de Groslay,'https://soliguide.fr/fr/fiche/centre-municipal-de-sante-des-bois-de-groslay-drancy-8350',Infirmerie,
Centre Municipal de Santé (CMS) des Bois de Groslay,'https://soliguide.fr/fr/fiche/centre-municipal-de-sante-des-bois-de-groslay-drancy-8350',Gynécologie,
Centre Municipal de Santé (CMS) des Bois de Groslay,'https://soliguide.fr/fr/fiche/centre-municipal-de-sante-des-bois-de-groslay-drancy-8350',Psychologie,
Centre Municipal de Santé (CMS) des Bois de Groslay,'https://soliguide.fr/fr/fiche/centre-municipal-de-sante-des-bois-de-groslay-drancy-8350',Rhumatologie,
Centre Municipal de Santé (CMS) des Bois de Groslay,'https://soliguide.fr/fr/fiche/centre-municipal-de-sante-des-bois-de-groslay-drancy-8350',Nutrition,
Centre Municipal de Santé (CMS) des Bois de Groslay,'https://soliguide.fr/fr/fiche/centre-municipal-de-sante-des-bois-de-groslay-drancy-8350',Dentaire,
Centre Municipal de Santé (CMS) des Bois de Groslay,'https://soliguide.fr/fr/fiche/centre-municipal-de-sante-des-bois-de-groslay-drancy-8350',Pédicure,
Centre Municipal de Santé (CMS) Corentin Celton,'https://soliguide.fr/fr/fiche/centre-municipal-de-sante-corentin-celton-drancy-8351',Généraliste,
Centre Municipal de Santé (CMS) Corentin Celton,'https://soliguide.fr/fr/fiche/centre-municipal-de-sante-corentin-celton-drancy-8351',Infirmerie,
Centre Municipal de Santé (CMS) Corentin Celton,'https://soliguide.fr/fr/fiche/centre-municipal-de-sante-corentin-celton-drancy-8351',Dentaire,
Centre Municipal de Santé (CMS) Corentin Celton,'https://soliguide.fr/fr/fiche/centre-municipal-de-sante-corentin-celton-drancy-8351',Pédicure,
Centre Municipal de Santé (CMS) Pierre Sémard,'https://soliguide.fr/fr/fiche/centre-municipal-de-sante-pierre-semard-drancy-8352',Généraliste,
Centre Municipal de Santé (CMS) Pierre Sémard,'https://soliguide.fr/fr/fiche/centre-municipal-de-sante-pierre-semard-drancy-8352',Infirmerie,
Centre Municipal de Santé (CMS) Pierre Sémard,'https://soliguide.fr/fr/fiche/centre-municipal-de-sante-pierre-semard-drancy-8352',Gynécologie,
Centre Municipal de Santé (CMS) Pierre Sémard,'https://soliguide.fr/fr/fiche/centre-municipal-de-sante-pierre-semard-drancy-8352',Psychologie,
Centre Municipal de Santé (CMS) Pierre Sémard,'https://soliguide.fr/fr/fiche/centre-municipal-de-sante-pierre-semard-drancy-8352',Nutrition,
Centre Municipal de Santé (CMS) Pierre Sémard,'https://soliguide.fr/fr/fiche/centre-municipal-de-sante-pierre-semard-drancy-8352',Pédicure,
Centre Dentaire Municipal Paul Vaillant Couturier,'https://soliguide.fr/fr/fiche/centre-dentaire-paul-vaillant-couturier-drancy-8353',Dentaire,
Centre Polyvalent de Santé Aimé Césaire,'https://soliguide.fr/fr/fiche/centre-polyvalent-de-sante-aime-cesaire-bobigny-8362',Généraliste,Médecin généraliste
Centre Polyvalent de Santé Aimé Césaire,'https://soliguide.fr/fr/fiche/centre-polyvalent-de-sante-aime-cesaire-bobigny-8362',Allergologie,
Centre Polyvalent de Santé Aimé Césaire,'https://soliguide.fr/fr/fiche/centre-polyvalent-de-sante-aime-cesaire-bobigny-8362',Gastro-entérologie,Aucun service adapté
Centre Polyvalent de Santé Aimé Césaire,'https://soliguide.fr/fr/fiche/centre-polyvalent-de-sante-aime-cesaire-bobigny-8362',Ophtalmologie,
Centre Polyvalent de Santé Aimé Césaire,'https://soliguide.fr/fr/fiche/centre-polyvalent-de-sante-aime-cesaire-bobigny-8362',Psychologie,
Centre Polyvalent de Santé Aimé Césaire,'https://soliguide.fr/fr/fiche/centre-polyvalent-de-sante-aime-cesaire-bobigny-8362',Rhumatologie,
Centre Polyvalent de Santé Aimé Césaire,'https://soliguide.fr/fr/fiche/centre-polyvalent-de-sante-aime-cesaire-bobigny-8362',Radiologie,
Centre Polyvalent de Santé Aimé Césaire,'https://soliguide.fr/fr/fiche/centre-polyvalent-de-sante-aime-cesaire-bobigny-8362',Mammographie,
Centre Polyvalent de Santé Aimé Césaire,'https://soliguide.fr/fr/fiche/centre-polyvalent-de-sante-aime-cesaire-bobigny-8362',Echographie,
Centre Polyvalent de Santé Aimé Césaire,'https://soliguide.fr/fr/fiche/centre-polyvalent-de-sante-aime-cesaire-bobigny-8362',Dentaire,Aucun service adapté
Centre Polyvalent de Santé Aimé Césaire,'https://soliguide.fr/fr/fiche/centre-polyvalent-de-sante-aime-cesaire-bobigny-8362',Pédicure,
Centre Municipal de Santé (CMS) Simone Veil,'https://soliguide.fr/fr/fiche/centre-municipal-de-sante-simone-veil-livry-gargan-8366',Généraliste,
Centre Municipal de Santé (CMS) Simone Veil,'https://soliguide.fr/fr/fiche/centre-municipal-de-sante-simone-veil-livry-gargan-8366',Infirmerie,Prise de sang
Centre Municipal de Santé (CMS) Simone Veil,'https://soliguide.fr/fr/fiche/centre-municipal-de-sante-simone-veil-livry-gargan-8366',Vaccination,Médecin généraliste
Centre Municipal de Santé (CMS) Simone Veil,'https://soliguide.fr/fr/fiche/centre-municipal-de-sante-simone-veil-livry-gargan-8366',Soins enfants,
Centre Municipal de Santé (CMS) Simone Veil,'https://soliguide.fr/fr/fiche/centre-municipal-de-sante-simone-veil-livry-gargan-8366',Conseil administratif,Accompagnement social
Centre Municipal de Santé (CMS) Simone Veil,'https://soliguide.fr/fr/fiche/centre-municipal-de-sante-simone-veil-livry-gargan-8366',Rhumatologie,
Centre Municipal de Santé (CMS) Simone Veil,'https://soliguide.fr/fr/fiche/centre-municipal-de-sante-simone-veil-livry-gargan-8366',Kinésithérapie,
Centre Municipal de Santé (CMS) Simone Veil,'https://soliguide.fr/fr/fiche/centre-municipal-de-sante-simone-veil-livry-gargan-8366',Radiologie,Échographie
Centre Municipal de Santé (CMS) Simone Veil,'https://soliguide.fr/fr/fiche/centre-municipal-de-sante-simone-veil-livry-gargan-8366',Dentaire,
Centre Municipal de Santé (CMS) Colette Coulon,'https://soliguide.fr/fr/fiche/centre-municipal-de-sante-colette-coulon-stains-8367',Généraliste,
Centre Municipal de Santé (CMS) Colette Coulon,'https://soliguide.fr/fr/fiche/centre-municipal-de-sante-colette-coulon-stains-8367',Infirmerie,Aucun service adapté
Centre Municipal de Santé (CMS) Colette Coulon,'https://soliguide.fr/fr/fiche/centre-municipal-de-sante-colette-coulon-stains-8367',Psychologie,
Centre Municipal de Santé (CMS) Colette Coulon,'https://soliguide.fr/fr/fiche/centre-municipal-de-sante-colette-coulon-stains-8367',Dentaire,
Centre Municipal de Santé (CMS) Colette Coulon,'https://soliguide.fr/fr/fiche/centre-municipal-de-sante-colette-coulon-stains-8367',Kinésithérapie,
Centre Municipal de Santé (CMS) Colette Coulon,'https://soliguide.fr/fr/fiche/centre-municipal-de-sante-colette-coulon-stains-8367',Radiologie,
Centre Municipal de Santé (CMS) Colette Coulon,'https://soliguide.fr/fr/fiche/centre-municipal-de-sante-colette-coulon-stains-8367',Orthophonie,
Centre Municipal de Santé (CMS) Colette Coulon,'https://soliguide.fr/fr/fiche/centre-municipal-de-sante-colette-coulon-stains-8367',Pédicure,
Centre Municipal de Santé (CMS) Colette Coulon,'https://soliguide.fr/fr/fiche/centre-municipal-de-sante-colette-coulon-stains-8367',Nutrition,
CMP Bagnolet,'https://soliguide.fr/fr/fiche/centre-medico-psychologique-cmp-bagnolet-8375',Psychologie,
CMP Saint-Denis,'https://soliguide.fr/fr/fiche/centre-medico-psychologique-cmp-saint-denis-8377',Psychologie,
CMP Saint-Ouen-sur-Seine,'https://soliguide.fr/fr/fiche/centre-medico-psychologique-cmp-saint-ouen-8379',Psychologie,
CMP Tagore - Epinay-sur-Seine,'https://soliguide.fr/fr/fiche/centre-medico-psychologique-cmp-tagore-epinay-sur-seine-8382',Psychologie,
CMP Stains,'https://soliguide.fr/fr/fiche/centre-medico-psychologique-cmp-stains-8389',Psychologie,
CMP Drancy,'https://soliguide.fr/fr/fiche/centre-medico-psychologique-cmp-drancy-8390',Psychologie,
CMP Aubervilliers,'https://soliguide.fr/fr/fiche/centre-medico-psychologique-cmp-aubervilliers-8391',Psychologie,
CMP Rosny-sous-Bois,'https://soliguide.fr/fr/fiche/centre-medico-psychologique-cmp-rosny-sous-bois-8392',Psychologie,
CMP Maréchal Leclerc adolescents - Neuilly-sur-Marne,'https://soliguide.fr/fr/fiche/centre-medico-psychologique-cmp-neuilly-sur-marne-8393',Psychologie,
CMP Montreuil,'https://soliguide.fr/fr/fiche/centre-medico-psychologique-cmp-montreuil-8395',Psychologie,
CMP Noisy-le-Sec,'https://soliguide.fr/fr/fiche/centre-medico-psychologique-cmp-noisy-le-sec-8397',Psychologie,
CMP Bobigny,'https://soliguide.fr/fr/fiche/centre-medico-psychologique-cmp-bobigny-8398',Psychologie,
CMP Bondy,'https://soliguide.fr/fr/fiche/centre-medico-psychologique-cmp-bondy-8399',Psychologie,
CMP Montfermeil,'https://soliguide.fr/fr/fiche/centre-medico-psychologique-cmp-montfermeil-8400',Psychologie,
CMP Neuilly-sur-Marne,'https://soliguide.fr/fr/fiche/centre-medico-psychologique-cmp-neuilly-sur-marne-8401',Psychologie,
CMP Noisy-le-Grand,'https://soliguide.fr/fr/fiche/centre-medico-psychologique-cmp-noisy-le-grand-8402',Psychologie,
CMP enfants Emmaüs,'https://soliguide.fr/fr/fiche/centre-medico-psychologique-cmp-emmaus-aulnay-sous-bois-8403',Psychologie,
CMP Villepinte,'https://soliguide.fr/fr/fiche/centre-medico-psychologique-cmp-villepinte-adultes-8404',Psychologie,
CMP Jules Valles,'https://soliguide.fr/fr/fiche/centre-medico-psychologique-cmp-jules-valles-tremblay-en-france-8406',Psychologie,
CMP Jules Valles,'https://soliguide.fr/fr/fiche/centre-medico-psychologique-cmp-jules-valles-tremblay-en-france-8406',Soins enfants,Psychologie
Secours Populaire - Comité de Stains,'https://soliguide.fr/fr/fiche/secours-populaire-comite-de-stains-8416',Colis alimentaire,Panier alimentaire
Association 7dreams,'https://soliguide.fr/fr/fiche/distribution-alimentaire-saint-denis-9182',Activités diverses,
Association 7dreams,'https://soliguide.fr/fr/fiche/distribution-alimentaire-saint-denis-9182',Soutien scolaire,
Etap' Ado,'https://soliguide.fr/fr/fiche/etap-ado-pantin-9185',Psychologie,Point d'information et d’orientation
Etap' Ado,'https://soliguide.fr/fr/fiche/etap-ado-pantin-9185',Halte de nuit,Accueil de jour
"Centre d'Accueil, de Soins et d'Orientation (CASO)",'https://soliguide.fr/fr/fiche/centre-accueil-de-soins-et-d-orientation-caso-saint-denis-9548',Domiciliation,
"Centre d'Accueil, de Soins et d'Orientation (CASO)",'https://soliguide.fr/fr/fiche/centre-accueil-de-soins-et-d-orientation-caso-saint-denis-9548',Accompagnement social,Point d'information et d’orientation
"Centre d'Accueil, de Soins et d'Orientation (CASO)",'https://soliguide.fr/fr/fiche/centre-accueil-de-soins-et-d-orientation-caso-saint-denis-9548',Conseil administratif,Accompagnement social
"Centre d'Accueil, de Soins et d'Orientation (CASO)",'https://soliguide.fr/fr/fiche/centre-accueil-de-soins-et-d-orientation-caso-saint-denis-9548',Dépistage,IST
"Centre d'Accueil, de Soins et d'Orientation (CASO)",'https://soliguide.fr/fr/fiche/centre-accueil-de-soins-et-d-orientation-caso-saint-denis-9548',Généraliste,Médecin généraliste
"Centre d'Accueil, de Soins et d'Orientation (CASO)",'https://soliguide.fr/fr/fiche/centre-accueil-de-soins-et-d-orientation-caso-saint-denis-9548',Infirmerie,
"Centre d'Accueil, de Soins et d'Orientation (CASO)",'https://soliguide.fr/fr/fiche/centre-accueil-de-soins-et-d-orientation-caso-saint-denis-9548',Toilettes,
"Centre d'Accueil, de Soins et d'Orientation (CASO)",'https://soliguide.fr/fr/fiche/centre-accueil-de-soins-et-d-orientation-caso-saint-denis-9548',Prise,
Accueil Demarillac,'https://soliguide.fr/fr/fiche/accueil-demarillac-drancy-9576',Distribution de repas,Petits-déjeuners gratuits
Unité Mobile PROSES Saint-Denis,'https://soliguide.fr/fr/fiche/unite-mobile-proses-saint-denis-9665',Addiction,
Maraudes PROSES Pantin,'https://soliguide.fr/fr/fiche/unite-mobile-proses-pantin-9666',Addiction,
Centre Social Arc-en-Ciel,'https://soliguide.fr/fr/fiche/centre-social-arc-en-ciel-dugny-9844',Permanence juridique,Conseil logement
Centre Social Arc-en-Ciel,'https://soliguide.fr/fr/fiche/centre-social-arc-en-ciel-dugny-9844',Accompagnement social,Conseil administratif
Centre Social Arc-en-Ciel,'https://soliguide.fr/fr/fiche/centre-social-arc-en-ciel-dugny-9844',Conseil administratif,Conseil budget
Centre Social Arc-en-Ciel,'https://soliguide.fr/fr/fiche/centre-social-arc-en-ciel-dugny-9844',Accompagnement à l'emploi,Accompagnement à l’emploi
Centre Social Arc-en-Ciel,'https://soliguide.fr/fr/fiche/centre-social-arc-en-ciel-dugny-9844',Cours de français,Atelier numérique
Secours Populaire - Comité de Saint-Denis,'https://soliguide.fr/fr/fiche/secours-populaire-comite-de-saint-denis-9846',Activités diverses,
Secours Populaire - Comité de Saint-Denis,'https://soliguide.fr/fr/fiche/secours-populaire-comite-de-saint-denis-9846',Colis alimentaire,Panier alimentaire
CMP enfants et adolescents - Aubervilliers,'https://soliguide.fr/fr/fiche/cmp-enfants-et-adolescents-aubervilliers-9934',Psychologie,
CMP enfants et adolescents - Dugny,'https://soliguide.fr/fr/fiche/cmp-enfants-et-adolescents-dugny-9935',Psychologie,
CMP enfants et adolescents - Drancy,'https://soliguide.fr/fr/fiche/cmp-enfants-et-adolescents-drancy-9936',Psychologie,
CMP enfants et adolescents - Stains,'https://soliguide.fr/fr/fiche/cmp-enfants-et-adolescents-stains-9937',Psychologie,
CMP enfants et adolescents - Bobigny,'https://soliguide.fr/fr/fiche/cmp-enfants-et-adolescents-bobigny-9938',Psychologie,
CMP enfants et adolescents - Noisy-le-Sec,'https://soliguide.fr/fr/fiche/cmp-enfants-et-adolescents-noisy-le-sec-9942',Psychologie,
CMP enfants et adolescents - Pantin,'https://soliguide.fr/fr/fiche/cmp-enfants-et-adolescents-pantin-9943',Psychologie,
Août Secours Alimentaire - Pantin,'https://soliguide.fr/fr/fiche/aout-secours-alimentaire-pantin-paris-9973',Colis alimentaire,Distribution de repas
PMI Roger Salengro,'https://soliguide.fr/fr/fiche/pmi-8-mai-1945-bondy-10144',Soins enfants,
PMI Roger Salengro,'https://soliguide.fr/fr/fiche/pmi-8-mai-1945-bondy-10144',Suivi grossesse,
PMI Anatole France,'https://soliguide.fr/fr/fiche/pmi-anatole-france-drancy-10145',Soins enfants,
PMI Anatole France,'https://soliguide.fr/fr/fiche/pmi-anatole-france-drancy-10145',Suivi grossesse,
Maison des Adolescents amica,'https://soliguide.fr/fr/fiche/maison-des-adolescents-amica-clichy-sous-bois-10310',Psychologie,
APEIS - Saint-Ouen,'https://soliguide.fr/fr/fiche/apeis-saint-ouen-10332',Accompagnement à l'emploi,Accompagnement à l’emploi
Association Bus Social Dentaire,'https://soliguide.fr/fr/fiche/bus-social-dentaire-saint-denis-10409',Conseil administratif,Point d'information et d’orientation
L'Inutile Utile,'https://soliguide.fr/fr/fiche/l-inutile-utile-pierrefitte-sur-seine-10511',Magasin solidaire,Boutique Solidaire
L'Inutile Utile,'https://soliguide.fr/fr/fiche/l-inutile-utile-pierrefitte-sur-seine-10511',Activités diverses,
Bureau Information Jeunesse - Le Blanc-Mesnil,'https://soliguide.fr/fr/fiche/bij-le-blanc-mesnil-10620',Ordinateur,Écrivain public
Bureau Information Jeunesse - Le Blanc-Mesnil,'https://soliguide.fr/fr/fiche/bij-le-blanc-mesnil-10620',Wifi,
Bureau Information Jeunesse - Le Blanc-Mesnil,'https://soliguide.fr/fr/fiche/bij-le-blanc-mesnil-10620',Accompagnement à l'emploi,Accompagnement à l’emploi
La Passerelle - Point d'Information Jeunesse et Lieu d'Ecoute Santé,'https://soliguide.fr/fr/fiche/la-passerelle-point-information-jeunesse-et-lieu-d-ecoute-sante-stains-10635',Accompagnement à l'emploi,
La Passerelle - Point d'Information Jeunesse et Lieu d'Ecoute Santé,'https://soliguide.fr/fr/fiche/la-passerelle-point-information-jeunesse-et-lieu-d-ecoute-sante-stains-10635',Ordinateur,
La Passerelle - Point d'Information Jeunesse et Lieu d'Ecoute Santé,'https://soliguide.fr/fr/fiche/la-passerelle-point-information-jeunesse-et-lieu-d-ecoute-sante-stains-10635',Wifi,
Pôle Information Jeunesse Bobigny,'https://soliguide.fr/fr/fiche/bij-bobigny-10641',Accompagnement à l'emploi,
Pôle Information Jeunesse Bobigny,'https://soliguide.fr/fr/fiche/bij-bobigny-10641',Bibliothèque,Point d'information et d’orientation
Maison de la Jeunesse de Saint-Denis,'https://soliguide.fr/fr/fiche/maison-de-la-jeunesse-saint-denis-10645',Point d'information,
Permanence CIDFF - Préfecture de Bobigny,'https://soliguide.fr/fr/fiche/permanence-cidff-prefecture-de-bobigny-10692',Permanence juridique,
Permanence CIDFF - Hôtel de Ville de Bondy,'https://soliguide.fr/fr/fiche/permanence-cidff-hotel-de-ville-de-bondy-10693',Permanence juridique,
Permanence CIDFF - Mairie Annexe de Gagny,'https://soliguide.fr/fr/fiche/permanence-cidff-mairie-annexe-de-gagny-10694',Permanence juridique,
Relais des parents,'https://soliguide.fr/fr/fiche/relais-des-parents-pantin-10695',Psychologie,Conseil aux parents
Relais des parents,'https://soliguide.fr/fr/fiche/relais-des-parents-pantin-10695',Activités diverses,Conseil aux parents
Relais des parents,'https://soliguide.fr/fr/fiche/relais-des-parents-pantin-10695',Activités diverses,Conseil aux parents
Maison de quartier Pierre Sémard,'https://soliguide.fr/fr/fiche/maison-de-quartier-pierre-semard-saint-denis-10696',Cours de français,Écrivain public
Maison de quartier Pierre Sémard,'https://soliguide.fr/fr/fiche/maison-de-quartier-pierre-semard-saint-denis-10696',Activités diverses,Espace familles
Médiathèque Aimé Césaire,'https://soliguide.fr/fr/fiche/mediatheque-aime-cesaire-la-courneuve-10768',Bibliothèque,
Médiathèque Aimé Césaire,'https://soliguide.fr/fr/fiche/mediatheque-aime-cesaire-la-courneuve-10768',Wifi,
Médiathèque Aimé Césaire,'https://soliguide.fr/fr/fiche/mediatheque-aime-cesaire-la-courneuve-10768',Ordinateur,Atelier numérique
Secours Populaire - Comité de Clichy-sous-Bois,'https://soliguide.fr/fr/fiche/secours-populaire-comite-de-clichy-sous-bois-10876',Colis alimentaire,
Secours Populaire - Comité de Clichy-sous-Bois,'https://soliguide.fr/fr/fiche/secours-populaire-comite-de-clichy-sous-bois-10876',Conseil administratif,Épicerie sociale et solidaire
Les Marmites Solidaires - SAWA,'https://soliguide.fr/fr/fiche/les-marmites-solidaires-association-sawa-paris-11096',Atelier cuisine,Atelier de cuisine
Amicale du Nid - Les Insoumises: Accueil de jour La Courneuve,'https://soliguide.fr/fr/fiche/accueil-de-jour-la-courneuve-11125',Accueil de jour,
Amicale du Nid - Les Insoumises: Accueil de jour La Courneuve,'https://soliguide.fr/fr/fiche/accueil-de-jour-la-courneuve-11125',Distribution de repas,
Amicale du Nid - Les Insoumises: Accueil de jour La Courneuve,'https://soliguide.fr/fr/fiche/accueil-de-jour-la-courneuve-11125',Accompagnement social,
Amicale du Nid - Les Insoumises: Accueil de jour La Courneuve,'https://soliguide.fr/fr/fiche/accueil-de-jour-la-courneuve-11125',Conseil administratif,
Amicale du Nid - Les Insoumises: Accueil de jour La Courneuve,'https://soliguide.fr/fr/fiche/accueil-de-jour-la-courneuve-11125',Activités diverses,
Amicale du Nid - Les Insoumises: Accueil de jour La Courneuve,'https://soliguide.fr/fr/fiche/accueil-de-jour-la-courneuve-11125',Bien-être,
Amicale du Nid - Les Insoumises: Accueil de jour La Courneuve,'https://soliguide.fr/fr/fiche/accueil-de-jour-la-courneuve-11125',Prise,
Amicale du Nid - Les Insoumises: Accueil de jour La Courneuve,'https://soliguide.fr/fr/fiche/accueil-de-jour-la-courneuve-11125',Douche,
Amicale du Nid - Les Insoumises: Accueil de jour La Courneuve,'https://soliguide.fr/fr/fiche/accueil-de-jour-la-courneuve-11125',Ordinateur,
Amicale du Nid - Les Insoumises: Accueil de jour La Courneuve,'https://soliguide.fr/fr/fiche/accueil-de-jour-la-courneuve-11125',Laverie,Aucun service adapté
Episol du Bourget - Réseau Andes,'https://soliguide.fr/fr/fiche/episol-du-bourget-le-bourget-11277',Épicerie sociale et solidaire,Panier alimentaire
Épicerie solidaire - A Cur Ouvert,'https://soliguide.fr/fr/fiche/epicerie-solidaire-coeur-ouvert-noisy-le-grand-11352',Colis alimentaire,Panier alimentaire
CMPP de Sevran,'https://soliguide.fr/fr/fiche/cmpp-de-sevran-11385',Psychologie,
Centre Social Lounès Matoub,'https://soliguide.fr/fr/fiche/centre-social-lounes-matoub-montreuil-11424',Conseil administratif,Atelier numérique
Centre Social Lounès Matoub,'https://soliguide.fr/fr/fiche/centre-social-lounes-matoub-montreuil-11424',Accompagnement à l'emploi,Accompagnement à l’emploi
Centre Social Lounès Matoub,'https://soliguide.fr/fr/fiche/centre-social-lounes-matoub-montreuil-11424',Cours de français,
Médiathèque Georges - Wolinski,'https://soliguide.fr/fr/fiche/mediatheque-georges-wolinski-noisy-le-grand-11457',Ordinateur,
Médiathèque Georges - Wolinski,'https://soliguide.fr/fr/fiche/mediatheque-georges-wolinski-noisy-le-grand-11457',Wifi,
Pôle d'évaluation pour mineurs isolés étrangers (PEMIE),'https://soliguide.fr/fr/fiche/pole-evaluation-pour-mineurs-isoles-etrangers-pemie-bobigny-11480',Conseil administratif,Accompagnement social
Espace Mikado,'https://soliguide.fr/fr/fiche/espace-mikado-tremblay-en-france-11482',Activités diverses,Accueil de jour
Espace Mikado,'https://soliguide.fr/fr/fiche/espace-mikado-tremblay-en-france-11482',Cours de français,Aucun service adapté
Espace Mikado,'https://soliguide.fr/fr/fiche/espace-mikado-tremblay-en-france-11482',Activités diverses,Garde d’enfants
Espace Mikado,'https://soliguide.fr/fr/fiche/espace-mikado-tremblay-en-france-11482',Psychologie,Conseil aux parents
Espace Mikado,'https://soliguide.fr/fr/fiche/espace-mikado-tremblay-en-france-11482',Activités diverses,Conseil administratif
Service social du CROUS de Créteil - Antenne de Saint Denis,'https://soliguide.fr/fr/fiche/service-social-du-crous-de-creteil-antenne-de-saint-denis-11504',Accompagnement social,
Service social du CROUS de Créteil - Antenne de Saint Denis,'https://soliguide.fr/fr/fiche/service-social-du-crous-de-creteil-antenne-de-saint-denis-11504',Psychologie,
Epiceas Epicerie Aubervilliers Solidarité - Réseau Andes,'https://soliguide.fr/fr/fiche/epiceas-epicerie-aubervilliers-solidarite-11582',Activités diverses,
Epiceas Epicerie Aubervilliers Solidarité - Réseau Andes,'https://soliguide.fr/fr/fiche/epiceas-epicerie-aubervilliers-solidarite-11582',Écrivain public,Produits d'hygiène
Association pour le logement des jeunes (ALJ),'https://soliguide.fr/fr/fiche/association-logement-jeune-alj-la-courneuve-11588',Hébergement à long terme,Conseil logement
Casiers Solidaires - Rue de Paris,'https://soliguide.fr/fr/fiche/casiers-solidaires-rue-de-paris-montreuil-11597',Accompagnement social,
Action sociale Mazone,'https://soliguide.fr/fr/fiche/action-sociale-mazone-stains-11620',Colis alimentaire,Épicerie sociale et solidaire
Action sociale Mazone,'https://soliguide.fr/fr/fiche/action-sociale-mazone-stains-11620',Magasin solidaire,Boutique Solidaire
Action sociale Mazone,'https://soliguide.fr/fr/fiche/action-sociale-mazone-stains-11620',Activités diverses,Conseil logement
Mission Locale CODE - antenne de L'Île-Saint-Denis,'https://soliguide.fr/fr/fiche/mission-locale-intercommunale-antenne-de-ile-saint-denis-11717',Accompagnement social,
Mission Locale CODE - antenne de L'Île-Saint-Denis,'https://soliguide.fr/fr/fiche/mission-locale-intercommunale-antenne-de-ile-saint-denis-11717',Accompagnement à l'emploi,
Epicerie Solidaire - Association Aurore,'https://soliguide.fr/fr/fiche/epicerie-solidaire-aurore-montreuil-11844',Épicerie sociale et solidaire,
Epicerie Solidaire - Association Aurore,'https://soliguide.fr/fr/fiche/epicerie-solidaire-aurore-montreuil-11844',Point d'information,Conseil administratif
Epicerie Solidaire - Association Aurore,'https://soliguide.fr/fr/fiche/epicerie-solidaire-aurore-montreuil-11844',Accompagnement à l'emploi,Insertion par l’Activité Économique
Epicerie Solidaire - Association Aurore,'https://soliguide.fr/fr/fiche/epicerie-solidaire-aurore-montreuil-11844',Atelier numérique,
Villepinte dans la Maison,'https://soliguide.fr/fr/fiche/villepinte-dans-la-maison-11942',Colis alimentaire,Épicerie sociale et solidaire
Cap Emploi 93 Aulnay-sous-Bois,'https://soliguide.fr/fr/fiche/cap-emploi-93-aulnay-sous-bois-11986',Accompagnement à l'emploi,
Cap Emploi 93 Pantin,'https://soliguide.fr/fr/fiche/cap-emploi-93-pantin-11988',Accompagnement à l'emploi,
Association Young Charity,'https://soliguide.fr/fr/fiche/association-young-charity-ile-saint-denis-12006',Colis alimentaire,Épicerie sociale et solidaire
Restaurant Le Bocal,'https://soliguide.fr/fr/fiche/restaurant-le-bocal-pierrefitte-sur-seine-12010',Insertion par l'activité économique,
Association Bomoyi Rue Carnot,'https://soliguide.fr/fr/fiche/association-bomoyi-bobigny-12033',Atelier numérique,
Association Bomoyi Rue Carnot,'https://soliguide.fr/fr/fiche/association-bomoyi-bobigny-12033',Accompagnement social,Conseil aux parents
Association Bomoyi Rue Carnot,'https://soliguide.fr/fr/fiche/association-bomoyi-bobigny-12033',Activités diverses,
Association Bomoyi Rue de Rome,'https://soliguide.fr/fr/fiche/association-bomoyi-rue-de-rome-bobigny-12034',Colis alimentaire,Épicerie sociale et solidaire
Emergence 93 - Accueil de jour Pass'R'Ailes,'https://soliguide.fr/fr/fiche/emergence-93-aubervilliers-12053',Accueil de jour,
Emergence 93 - Accueil de jour Pass'R'Ailes,'https://soliguide.fr/fr/fiche/emergence-93-aubervilliers-12053',Douche,
Emergence 93 - Accueil de jour Pass'R'Ailes,'https://soliguide.fr/fr/fiche/emergence-93-aubervilliers-12053',Laverie,
Emergence 93 - Accueil de jour Pass'R'Ailes,'https://soliguide.fr/fr/fiche/emergence-93-aubervilliers-12053',Activités diverses,
Emergence 93 - Accueil de jour Pass'R'Ailes,'https://soliguide.fr/fr/fiche/emergence-93-aubervilliers-12053',Accompagnement social,
Permanences de l'Association P2i à la Maison pour Tous du Champy,'https://soliguide.fr/fr/fiche/mediation-sociale-association-p2i-noisy-le-grand-12060',Conseil administratif,
Permanences de l'Association P2i à la Maison pour Tous du Champy,'https://soliguide.fr/fr/fiche/mediation-sociale-association-p2i-noisy-le-grand-12060',Écrivain public,
Association des Jeunes du Pavé Neuf Noisy-le-Grand (AJPN),'https://soliguide.fr/fr/fiche/association-des-jeunes-du-pave-neuf-ajpn-noisy-le-grand-12063',Permanence juridique,
Association des Jeunes du Pavé Neuf Noisy-le-Grand (AJPN),'https://soliguide.fr/fr/fiche/association-des-jeunes-du-pave-neuf-ajpn-noisy-le-grand-12063',Atelier cuisine,Atelier de cuisine
Association des Jeunes du Pavé Neuf Noisy-le-Grand (AJPN),'https://soliguide.fr/fr/fiche/association-des-jeunes-du-pave-neuf-ajpn-noisy-le-grand-12063',Colis alimentaire,Panier alimentaire
Association P2i,'https://soliguide.fr/fr/fiche/association-p2i-mediation-sociale-mairie-annexe-du-champy-noisy-le-grand-12073',Conseil administratif,
Maison de quartier 100 Hoche,'https://soliguide.fr/fr/fiche/maison-de-quartier-100-hoche-montreuil-12084',Écrivain public,Conseil administratif
Maison de quartier 100 Hoche,'https://soliguide.fr/fr/fiche/maison-de-quartier-100-hoche-montreuil-12084',Espace famille,Espace familles
Maison de quartier 100 Hoche,'https://soliguide.fr/fr/fiche/maison-de-quartier-100-hoche-montreuil-12084',Activités diverses,Atelier de cuisine
Association De l'Autre Côté,'https://soliguide.fr/fr/fiche/association-de-autre-cote-aubervilliers-12112',Conseil administratif,Coffre-fort numérique
Association De l'Autre Côté,'https://soliguide.fr/fr/fiche/association-de-autre-cote-aubervilliers-12112',Colis alimentaire,Panier alimentaire
Association De l'Autre Côté,'https://soliguide.fr/fr/fiche/association-de-autre-cote-aubervilliers-12112',Permanence juridique,Conseil administratif
Association Danton Coeur,'https://soliguide.fr/fr/fiche/dantoncoeur-drancy-12114',Cours de français,
Association Danton Coeur,'https://soliguide.fr/fr/fiche/dantoncoeur-drancy-12114',Accompagnement à l'emploi,Accompagnement à l’emploi
Emmaüs Alternatives - Service RSA,'https://soliguide.fr/fr/fiche/emmaus-alternatives-service-rsa-montreuil-12117',Accompagnement social,Domiciliation
Collectif Aclefeu,'https://soliguide.fr/fr/fiche/collectif-ac-le-feu-clichy-sous-bois-12125',Colis alimentaire,Aucun service adapté
Centre Socioculturel Coopératif  Le 110,'https://soliguide.fr/fr/fiche/centre-socioculturel-cooperatif-le-100-saint-denis-12225',Accompagnement social,Conseil administratif
Centre Socioculturel Coopératif  Le 110,'https://soliguide.fr/fr/fiche/centre-socioculturel-cooperatif-le-100-saint-denis-12225',Accompagnement à l'emploi,Conseil administratif
PASS - Hôpital André Grégoire,'https://soliguide.fr/fr/fiche/accompagnement-medico-social-dedie-aux-personnes-precaires-hopital-de-montreuil-12540',Généraliste,
Mobil'douche - Saint Denis,'https://soliguide.fr/fr/fiche/mobil-douche-saint-denis-12922',Douche,
Mobil'douche - Saint Denis,'https://soliguide.fr/fr/fiche/mobil-douche-saint-denis-12922',Vêtements,Produits d'hygiène
Pro Emploi Interim - Seine Saint Denis - SIAE,'https://soliguide.fr/fr/fiche/pro-emploi-interim-sevran-13085',Insertion par l'activité économique,Accompagnement à l'emploi
Dressing  Solidaire en Ligne,'https://soliguide.fr/fr/fiche/dressing-solidaire-en-ligne-pantin-13589',Vêtements,Atelier numérique
Dressing  Solidaire en Ligne,'https://soliguide.fr/fr/fiche/dressing-solidaire-en-ligne-pantin-13589',Activités diverses,
Dressing  Solidaire en Ligne,'https://soliguide.fr/fr/fiche/dressing-solidaire-en-ligne-pantin-13589',Activités diverses,
Les Compagnons Bâtisseurs d'Epinay-sur-Seine,'https://soliguide.fr/fr/fiche/les-compagnons-batisseurs-epinay-sur-seine-14194',Insertion par l'activité économique,Insertion par l’Activité Économique
Les Compagnons Bâtisseurs d'Epinay-sur-Seine,'https://soliguide.fr/fr/fiche/les-compagnons-batisseurs-epinay-sur-seine-14194',Insertion par l'activité économique,Insertion par l’Activité Économique
Les Compagnons Bâtisseurs de Montreuil,'https://soliguide.fr/fr/fiche/les-compagnons-batisseurs-de-montreuil-14200',Insertion par l'activité économique,Insertion par l’Activité Économique
Les Compagnons Bâtisseurs de Montreuil,'https://soliguide.fr/fr/fiche/les-compagnons-batisseurs-de-montreuil-14200',Insertion par l'activité économique,Insertion par l’Activité Économique
Les Compagnons Bâtisseurs de Villepinte,'https://soliguide.fr/fr/fiche/les-compagnons-batisseurs-de-villepinte-14201',Insertion par l'activité économique,Insertion par l’Activité Économique
Les Compagnons Bâtisseurs de Villepinte,'https://soliguide.fr/fr/fiche/les-compagnons-batisseurs-de-villepinte-14201',Insertion par l'activité économique,Insertion par l’Activité Économique
Médiathèque Colette,'https://soliguide.fr/fr/fiche/mediatheque-colette-epinay-sur-seine-14210',Bibliothèque,
Médiathèque Albert Camus,'https://soliguide.fr/fr/fiche/mediatheque-albert-camus-epinay-sur-seine-14211',Bibliothèque,
Médiathèque Albert Camus,'https://soliguide.fr/fr/fiche/mediatheque-albert-camus-epinay-sur-seine-14211',Wifi, Bibliothèque
Médiathèque Jules Vallès,'https://soliguide.fr/fr/fiche/mediatheque-jules-valles-epinay-sur-seine-14212',Bibliothèque,
Médiathèque Jules Vallès,'https://soliguide.fr/fr/fiche/mediatheque-jules-valles-epinay-sur-seine-14212',Ordinateur,
Médiathèque John Lennon,'https://soliguide.fr/fr/fiche/mediatheque-john-lennon-la-courneuve-14213',Bibliothèque,
Médiathèque Flora Tristan,'https://soliguide.fr/fr/fiche/mediatheque-flora-tristan-pierrefitte-sur-seine-14214',Bibliothèque,
Médiathèque Centre-Ville Saint-Denis,'https://soliguide.fr/fr/fiche/mediatheque-centre-ville-saint-denis-14215',Bibliothèque,
Médiathèque Don Quichotte,'https://soliguide.fr/fr/fiche/mediatheque-don-quichotte-saint-denis-14216',Bibliothèque,
Médiathèque Gulliver,'https://soliguide.fr/fr/fiche/mediatheque-gulliver-saint-denis-14217',Bibliothèque,
Médiathèque Ulysse,'https://soliguide.fr/fr/fiche/mediatheque-ulysse-saint-denis-14219',Bibliothèque,
Médiathèque Persépolis,'https://soliguide.fr/fr/fiche/mediatheque-persepolis-saint-ouen-14229',Bibliothèque,
Médiathèque Persépolis,'https://soliguide.fr/fr/fiche/mediatheque-persepolis-saint-ouen-14229',Wifi,
Médiathèque Glarner,'https://soliguide.fr/fr/fiche/mediatheque-glarner-saint-ouen-14231',Bibliothèque,
Médiathèque Lucie Aubrac,'https://soliguide.fr/fr/fiche/mediatheque-lucie-aubrac-saint-ouen-14233',Bibliothèque,
Médiathèque du Temps Libre,'https://soliguide.fr/fr/fiche/mediatheque-du-temps-libre-stains-14234',Bibliothèque,
Médiathèque Louis Aragon,'https://soliguide.fr/fr/fiche/mediatheque-louis-aragon-stains-14235',Bibliothèque,
Aurore - Aubervilliers,'https://soliguide.fr/fr/fiche/domiciliation-aurore-93-aubervilliers-14769',Domiciliation,Aucun service adapté
360 Degrés Sud,'https://soliguide.fr/fr/fiche/repas-solidaire-antigaspi-360-sud-clichy-sous-bois-15597',Distribution de repas,Repas solidaire
Régie de quartier Les Rayons - Stains,'https://soliguide.fr/fr/fiche/regie-de-quartier-clos-saint-lazare-cite-jardin-stains-15636',Insertion par l'activité économique,Insertion par l’Activité Économique
Linkee - Université de Saint-Denis,'https://soliguide.fr/fr/fiche/linkee-universite-de-saint-denis-15642',Colis alimentaire,
Régie de quartier de Saint-Denis,'https://soliguide.fr/fr/fiche/regie-de-quartier-de-saint-denis-15644',Insertion par l'activité économique,
Régie de quartier du Blanc-Mesnil (EI),'https://soliguide.fr/fr/fiche/la-regie-de-quartier-de-blanc-mesnil-le-blanc-mesnil-15645',Insertion par l'activité économique,
Ressourcerie 2 mains,'https://soliguide.fr/fr/fiche/ressourcerie-2-mains-aulnay-sous-bois-15647',Insertion par l'activité économique,
IDEES INTERIM - Aulnay-sous-Bois,'https://soliguide.fr/fr/fiche/id-ees-interim-aulnay-sous-bois-15677',Insertion par l'activité économique,Insertion par l’Activité Économique
Services Perso,'https://soliguide.fr/fr/fiche/services-perso-saint-denis-15741',Insertion par l'activité économique,Insertion par l’Activité Économique
Secours Populaire - Comité de Saint-Denis,'https://soliguide.fr/fr/fiche/secours-populaire-comite-de-saint-denis-9846',Vêtements,Boutique Solidaire
Femmes ACTIVES,'https://soliguide.fr/fr/fiche/femmes-actives-saint-denis-16356',Insertion par l'activité économique,
ID'EES INTERIM- Clichy-sous-Bois,'https://soliguide.fr/fr/fiche/id-ees-interim-f-agence-de-clichy-sous-bois-16374',Insertion par l'activité économique,Insertion par l’Activité Économique
ID'EES INTERIM- Clichy-sous-Bois,'https://soliguide.fr/fr/fiche/id-ees-interim-f-agence-de-clichy-sous-bois-16374',Accompagnement social,Insertion par l’Activité Économique
ID'EES INTERIM- Clichy-sous-Bois,'https://soliguide.fr/fr/fiche/id-ees-interim-f-agence-de-clichy-sous-bois-16374',Accompagnement à l'emploi,Insertion par l’Activité Économique
IDEES INTERIM - Aulnay-sous-Bois,'https://soliguide.fr/fr/fiche/id-ees-interim-aulnay-sous-bois-15677',Accompagnement à l'emploi,Insertion par l’Activité Économique
IDEES INTERIM - Aulnay-sous-Bois,'https://soliguide.fr/fr/fiche/id-ees-interim-aulnay-sous-bois-15677',Accompagnement social,Panier alimentaire
Humando Insertion,'https://soliguide.fr/fr/fiche/humando-insertion-pantin-16406',Insertion par l'activité économique,
ACI Les saveurs de la passerelle,'https://soliguide.fr/fr/fiche/passerelle-pour-integration-et-l-insertion-noisy-le-grand-16594',Insertion par l'activité économique,
Self Intérim -  Bondy,'https://soliguide.fr/fr/fiche/self-interim-de-bondy-16657',Insertion par l'activité économique,
Self Intérim - Neuilly-sur-Marne,'https://soliguide.fr/fr/fiche/self-interim-de-neuilly-sur-marne-16660',Insertion par l'activité économique,
Lemon Tri,'https://soliguide.fr/fr/fiche/lemon-tri-pantin-16831',Insertion par l'activité économique,
Association Philotechnique de Saint-Denis,'https://soliguide.fr/fr/fiche/association-philotechnique-de-saint-denis-la-courneuve-16843',Cours de français,
Maison de quartier Marcel Paul,'https://soliguide.fr/fr/fiche/maison-de-quartier-marcel-paul-sevran-3043',Cours de français,
Atelier R-ARE,'https://soliguide.fr/fr/fiche/atelier-r-are-romainville-17925',Insertion par l'activité économique,
Femmes ACTIVES,'https://soliguide.fr/fr/fiche/femmes-actives-saint-denis-16356',Insertion par l'activité économique,
Secours Catholique d'Aulnay - cité de l'Europe,'https://soliguide.fr/fr/fiche/secours-catholique-aulnay-cite-de-europe-aulnay-sous-bois-3423',Permanence juridique,Conseil aux parents
Secours Catholique de Neuilly-sur-Marne,'https://soliguide.fr/fr/fiche/secours-catholique-de-neuilly-sur-marne-3432',Cours de français,
La Fabrique de Santé Madeleine Brès,'https://soliguide.fr/fr/fiche/la-fabrique-de-sante-madeleine-bres-aubervilliers-5158',Accompagnement social,Psychologie
Sol'eil - Solutions & Conseil en gestion de vie quotidienne,'https://soliguide.fr/fr/fiche/sol-eil-solutions-conseil-19101',Point d'information,Point d'information et d’orientation
Maison des services publics de Montfermeil,'https://soliguide.fr/fr/fiche/maison-des-services-publics-de-montfermeil-2772',Accompagnement social,Conseil administratif
Pimms Médiation Noisy-le-Grand,'https://soliguide.fr/fr/fiche/point-conseil-budget-20352',Conseil administratif,Accompagnement à l’emploi
Vous et Votre Projet (PCB 93),'https://soliguide.fr/fr/fiche/point-conseil-budget-saint-denis-20354',Conseil administratif,
"La Maison du droit et de la médiation ""Gisèle Halimi""",'https://soliguide.fr/fr/fiche/la-maison-du-droit-et-de-la-mediation-stains-2859',Conseil administratif,Accompagnement social
Wimoov - Pantin,'https://soliguide.fr/fr/fiche/wimoov-pantin-20613',Aide à la mobilité,
Ressourcerie 2 mains,'https://soliguide.fr/fr/fiche/ressourcerie-2-mains-aulnay-sous-bois-15647',Magasin solidaire,Boutique Solidaire
Maison de quartier 100 Hoche,'https://soliguide.fr/fr/fiche/maison-de-quartier-100-hoche-montreuil-12084',Accompagnement à l'emploi,Accompagnement à l’emploi
Maison de quartier 100 Hoche,'https://soliguide.fr/fr/fiche/maison-de-quartier-100-hoche-montreuil-12084',Espace famille,Activités diverses
Maison de quartier 100 Hoche,'https://soliguide.fr/fr/fiche/maison-de-quartier-100-hoche-montreuil-12084',Accompagnement à l'emploi,Insertion par l’Activité Économique
Maison de quartier 100 Hoche,'https://soliguide.fr/fr/fiche/maison-de-quartier-100-hoche-montreuil-12084',Atelier numérique,
Bicyclo - La Maison du Vélo de Saint-Denis,'https://soliguide.fr/fr/fiche/bicyclo-de-saint-denis-21708',Aide à la mobilité,
L'Inutile Utile,'https://soliguide.fr/fr/fiche/l-inutile-utile-pierrefitte-sur-seine-10511',Activités diverses,
L'Inutile Utile,'https://soliguide.fr/fr/fiche/l-inutile-utile-pierrefitte-sur-seine-10511',Activités diverses,
L'Inutile Utile,'https://soliguide.fr/fr/fiche/l-inutile-utile-pierrefitte-sur-seine-10511',Atelier cuisine,Activités diverses
Salle de quartier Centre-ville,'https://soliguide.fr/fr/fiche/salle-de-quartier-cochennec-aubervilliers-5199',Permanence juridique,
Fontaine à eau,'https://soliguide.fr/fr/fiche/parc-montreau-montreuil-4291',Fontaine à eau,
Centre Municipal de Santé (CMS) Simone Veil,'https://soliguide.fr/fr/fiche/centre-municipal-de-sante-simone-veil-livry-gargan-8366',Ophtalmologie,
Centre Municipal de Santé (CMS) Simone Veil,'https://soliguide.fr/fr/fiche/centre-municipal-de-sante-simone-veil-livry-gargan-8366',Oto-rhino-laryngologie,
Centre Municipal de Santé (CMS) Simone Veil,'https://soliguide.fr/fr/fiche/centre-municipal-de-sante-simone-veil-livry-gargan-8366',Gynécologie,gynécologie
APES Edouard Vaillant,'https://soliguide.fr/fr/fiche/amicale-pour-entraide-et-la-solidarite-apes-drancy-3367',Activités diverses,
CAARUD PROSES Montreuil,'https://soliguide.fr/fr/fiche/caarud-proses-montreuil-137',Produits d'hygiène,Aucun service adapté
Bibliothèque Nelson Mandela,'https://soliguide.fr/fr/fiche/bibliotheque-romain-rolland-pantin-2905',Wifi,
Bibliothèque Nelson Mandela,'https://soliguide.fr/fr/fiche/bibliotheque-romain-rolland-pantin-2905',Prise,
Secours Catholique - Les Pavillons-sous-Bois,'https://soliguide.fr/fr/fiche/secours-catholique-les-pavillons-sous-bois-3439',Accompagnement social,
TAE - Travailler et Apprendre Ensemble,'https://soliguide.fr/fr/fiche/tae-travailler-et-apprendre-ensemble-23767',Magasin solidaire,Aucun service adapté
DOM'ASILE Permanence Droits Sociaux de Montreuil,'https://soliguide.fr/fr/fiche/dom-asile-permanence-droits-sociaux-de-montreuil-24266',Permanence juridique,
Linkee - Pantin,'https://soliguide.fr/fr/fiche/linkee-pantin-24807',Colis alimentaire,Accueil de jour
PASS de ville - CMS Henri Barbusse,'https://soliguide.fr/fr/fiche/pass-de-ville-de-saint-ouen-25132',Généraliste,
PASS de ville - CMS Henri Barbusse,'https://soliguide.fr/fr/fiche/pass-de-ville-de-saint-ouen-25132',Accompagnement social,Conseil administratif
Cultures du Coeur 93,'https://soliguide.fr/fr/fiche/cultures-du-coeur-95-copie-cergy-25194',Activités diverses,
Cultures du Coeur 93,'https://soliguide.fr/fr/fiche/cultures-du-coeur-95-copie-cergy-25194',Activités sportives,
CCAS de Villetaneuse,'https://soliguide.fr/fr/fiche/ccas-de-villetaneuse-5070',Conseil administratif,Conseil budget
Association familiale des gens du voyage dIle de France (AFGDVIF),'https://soliguide.fr/fr/fiche/association-familiale-des-gens-du-voyage-ile-de-france-afgdvif-aubervilliers-3121',Conseil administratif,Atelier numérique
Epiceas Epicerie Aubervilliers Solidarité - Réseau Andes,'https://soliguide.fr/fr/fiche/epiceas-epicerie-aubervilliers-solidarite-11582',Conseil administratif,
Centre social Mitry-Ambourget,'https://soliguide.fr/fr/fiche/centre-social-mitry-ambourget-aulnay-sous-bois-7713',Conseil administratif,Atelier numérique
Centre Social et Culturel Pablo Neruda,'https://soliguide.fr/fr/fiche/centre-social-et-culturel-pablo-neruda-bagnolet-2959',Atelier numérique,
Centre Social et Culturel Anne Frank,'https://soliguide.fr/fr/fiche/centre-social-et-culturel-anne-frank-bagnolet-2956',Conseil administratif,Point d'information et d’orientation
Caisse Allocations Familiales (CAF) - Bobigny,'https://soliguide.fr/fr/fiche/caisse-allocations-familiales-caf-bobigny-25273',Conseil administratif,
Caisse Allocations Familiales (CAF) - Bobigny,'https://soliguide.fr/fr/fiche/caisse-allocations-familiales-caf-bobigny-25273',Accompagnement social,
Caisse Allocations Familiales (CAF) - Bobigny,'https://soliguide.fr/fr/fiche/caisse-allocations-familiales-caf-bobigny-25273',Ordinateur,
Caisse Allocations Familiales (CAF) - Aulnay sous Bois,'https://soliguide.fr/fr/fiche/caisse-allocations-familiales-caf-bobigny-copie-25274',Conseil administratif,
Caisse Allocations Familiales (CAF) - Aulnay sous Bois,'https://soliguide.fr/fr/fiche/caisse-allocations-familiales-caf-bobigny-copie-25274',Accompagnement social,
Caisse Allocations Familiales (CAF) - Aulnay sous Bois,'https://soliguide.fr/fr/fiche/caisse-allocations-familiales-caf-bobigny-copie-25274',Ordinateur,
Caisse Allocations Familiales (CAF) - Noisy le Grand,'https://soliguide.fr/fr/fiche/caisse-allocations-familiales-caf-aulnay-sous-bois-copie-25275',Conseil administratif,
Caisse Allocations Familiales (CAF) - Noisy le Grand,'https://soliguide.fr/fr/fiche/caisse-allocations-familiales-caf-aulnay-sous-bois-copie-25275',Accompagnement social,
Caisse Allocations Familiales (CAF) - Noisy le Grand,'https://soliguide.fr/fr/fiche/caisse-allocations-familiales-caf-aulnay-sous-bois-copie-25275',Ordinateur,
Caisse Allocations Familiales (CAF) - Rosny sous Bois,'https://soliguide.fr/fr/fiche/caisse-allocations-familiales-caf-noisy-le-grand-copie-25276',Conseil administratif,
Caisse Allocations Familiales (CAF) - Rosny sous Bois,'https://soliguide.fr/fr/fiche/caisse-allocations-familiales-caf-noisy-le-grand-copie-25276',Accompagnement social,
Caisse Allocations Familiales (CAF) - Rosny sous Bois,'https://soliguide.fr/fr/fiche/caisse-allocations-familiales-caf-noisy-le-grand-copie-25276',Ordinateur,
Caisse Allocations Familiales (CAF) - Saint Denis,'https://soliguide.fr/fr/fiche/caisse-allocations-familiales-caf-rosny-sous-bois-copie-25277',Conseil administratif,
Caisse Allocations Familiales (CAF) - Saint Denis,'https://soliguide.fr/fr/fiche/caisse-allocations-familiales-caf-rosny-sous-bois-copie-25277',Accompagnement social,
Caisse Allocations Familiales (CAF) - Saint Denis,'https://soliguide.fr/fr/fiche/caisse-allocations-familiales-caf-rosny-sous-bois-copie-25277',Ordinateur,
Médiathèque Louis Aragon,'https://soliguide.fr/fr/fiche/mediatheque-louis-aragon-stains-14235',Wifi,
La Marmite,'https://soliguide.fr/fr/fiche/la-marmite-bondy-3116',Conseil administratif,Atelier numérique
ASTI - Association de Solidarité avec les Travailleurs Immigrés,'https://soliguide.fr/fr/fiche/asti-association-de-solidarite-avec-les-travailleurs-immigres-clichy-sous-bois-3753',Conseil administratif,Atelier numérique
CCAS de Montreuil,'https://soliguide.fr/fr/fiche/ccas-de-montreuil-sous-bois-5048',Accompagnement à l'emploi,Accompagnement à l’emploi
CCAS de Montreuil,'https://soliguide.fr/fr/fiche/ccas-de-montreuil-sous-bois-5048',Point d'information,Conseil administratif
Secours Catholique  de Rosny-sous-Bois,'https://soliguide.fr/fr/fiche/secours-catholique-de-rosny-sous-bois-3016',Magasin solidaire,Vêtements
Secours Catholique de Saint-Ouen,'https://soliguide.fr/fr/fiche/secours-catholique-de-saint-ouen-3421',Activités diverses,Accueil de jour
Secours Catholique - Les Pavillons-sous-Bois,'https://soliguide.fr/fr/fiche/secours-catholique-les-pavillons-sous-bois-3439',Activités diverses,Soutien scolaire
Secours Catholique de Montreuil,'https://soliguide.fr/fr/fiche/secours-catholique-de-montreuil-3074',Cours de français,
Le 6b,'https://soliguide.fr/fr/fiche/le-6b-25946',Activités diverses,Aucun service adapté
Association Germinal Seine Saint-Denis,'https://soliguide.fr/fr/fiche/germinal-paris-copie-26305',Insertion par l'activité économique,Insertion par l’Activité Économique
SBC Insertion 93,'https://soliguide.fr/fr/fiche/sbc-insertion-94-copie-ivry-sur-seine-26569',Insertion par l'activité économique,Accompagnement à l’emploi
Centre Municipal de Santé (CMS) La Plaine,'https://soliguide.fr/fr/fiche/centre-municipal-de-sante-plaine-saint-denis-8220',Gynécologie,
Solienka,'https://soliguide.fr/fr/fiche/solienka-27538',Psychologie,
Solienka,'https://soliguide.fr/fr/fiche/solienka-27538',Conseil handicap,
Solienka,'https://soliguide.fr/fr/fiche/solienka-27538',Conseil aux parents,
Médiathèque Annie Ernaux,'https://soliguide.fr/fr/fiche/mediatheque-annie-ernaux-27671',Bibliothèque,
Médiathèque Annie Ernaux,'https://soliguide.fr/fr/fiche/mediatheque-annie-ernaux-27671',Ordinateur,Atelier numérique
Médiathèque Annie Ernaux,'https://soliguide.fr/fr/fiche/mediatheque-annie-ernaux-27671',Wifi,
Centre Social et Culturel les Coutures,'https://soliguide.fr/fr/fiche/centre-social-et-culturel-les-coutures-bagnolet-2977',Permanence juridique,Conseil administratif
Consultation prénatale de prévention pour les pères au Centre Municipal de Santé Savattero,'https://soliguide.fr/fr/fiche/partage-consultation-prenatale-pour-les-peres-au-centre-municipal-de-sante-savatterro-27775',Généraliste,
Consultation prénatale de prévention pour les pères au Centre Municipal de Santé Savattero,'https://soliguide.fr/fr/fiche/partage-consultation-prenatale-pour-les-peres-au-centre-municipal-de-sante-savatterro-27775',Accompagnement social,Ouverture des droits sociaux
Consultation prénatale de prévention pour les pères au CeGIDD de l'hôpital André Grégoire,'https://soliguide.fr/fr/fiche/partage-consultation-prenatale-pour-les-peres-au-cegidd-de-lhopital-andre-gregoire-27776',Généraliste,
Consultation prénatale de prévention pour les pères au CeGIDD de l'hôpital André Grégoire,'https://soliguide.fr/fr/fiche/partage-consultation-prenatale-pour-les-peres-au-cegidd-de-lhopital-andre-gregoire-27776',Accompagnement social,Ouverture des droits sociaux
"Epicerie solidaire ""Un Panier pour tous""",'https://soliguide.fr/fr/fiche/epicerie-solidaire-un-panier-pour-tous-gagny-11587',Vêtements,Aucun service adapté
Consultation prénatale de prévention pour les pères au CeGIDD de l'hôpital André Grégoire,'https://soliguide.fr/fr/fiche/partage-consultation-prenatale-pour-les-peres-au-cegidd-de-lhopital-andre-gregoire-27776',Dépistage,
Consultation prénatale de prévention pour les pères au Centre Municipal de Santé Savattero,'https://soliguide.fr/fr/fiche/partage-consultation-prenatale-pour-les-peres-au-centre-municipal-de-sante-savatterro-27775',Dépistage,
Consultation prénatale de prévention pour les pères au Centre Municipal de Santé Savattero,'https://soliguide.fr/fr/fiche/partage-consultation-prenatale-pour-les-peres-au-centre-municipal-de-sante-savatterro-27775',Vaccination,
Consultation prénatale de prévention pour les pères au CeGIDD de l'hôpital André Grégoire,'https://soliguide.fr/fr/fiche/partage-consultation-prenatale-pour-les-peres-au-cegidd-de-lhopital-andre-gregoire-27776',Vaccination,
Consultation prénatale de prévention pour les pères au Centre Municipal de Santé Savattero,'https://soliguide.fr/fr/fiche/partage-consultation-prenatale-pour-les-peres-au-centre-municipal-de-sante-savatterro-27775',Suivi grossesse,
Consultation prénatale de prévention pour les pères au CeGIDD de l'hôpital André Grégoire,'https://soliguide.fr/fr/fiche/partage-consultation-prenatale-pour-les-peres-au-cegidd-de-lhopital-andre-gregoire-27776',Suivi grossesse,
Centre Socioculturel Coopératif  Le 110,'https://soliguide.fr/fr/fiche/centre-socioculturel-cooperatif-le-100-saint-denis-12225',Atelier cuisine,Atelier de cuisine
Centre Socioculturel Coopératif  Le 110,'https://soliguide.fr/fr/fiche/centre-socioculturel-cooperatif-le-100-saint-denis-12225',Distribution de repas,Activités diverses
La Blague - Café Associatif,'https://soliguide.fr/fr/fiche/la-blague-cafe-associatif-28576',Cours de français,
La Blague - Café Associatif,'https://soliguide.fr/fr/fiche/la-blague-cafe-associatif-28576',Distribution de repas,
Paniers étudiants de la Croix-Rouge et du Secours Populaire - Université Paris 8,'https://soliguide.fr/fr/fiche/paniers-etudiants-universite-paris-8-28636',Épicerie sociale et solidaire,
Vous et Votre Projet (PCB 93),'https://soliguide.fr/fr/fiche/point-conseil-budget-saint-denis-20354',Accompagnement social,
Pimms Médiation Noisy-le-Grand,'https://soliguide.fr/fr/fiche/point-conseil-budget-20352',Atelier numérique,
Pimms Médiation Noisy-le-Grand,'https://soliguide.fr/fr/fiche/point-conseil-budget-20352',Point d'information,Conseil budget
Permanence de Pimms Médiation - Neuilly-sur-Marne,'https://soliguide.fr/fr/fiche/pimms-mobile-neuilly-sur-marne-28803',Accompagnement social,Conseil administratif
Permanence de Pimms Médiation - Villemomble,'https://soliguide.fr/fr/fiche/pimms-mobile-villemomble-28809',Accompagnement social,Conseil administratif
Pimms Médiation - Bus France Services  - Cosmonautes,'https://soliguide.fr/fr/fiche/pimms-mobile-saint-denis-28811',Accompagnement social,Conseil administratif
FSGT 93 (Fédération Française et Gymnique du Travail),'https://soliguide.fr/fr/fiche/fsgt-93-29098',Activités sportives,
FSGT 93 (Fédération Française et Gymnique du Travail),'https://soliguide.fr/fr/fiche/fsgt-93-29098',Bien-être,
Alter'Nature - Bobigny,'https://soliguide.fr/fr/fiche/alternature-bobigny-29322',Colis alimentaire,Panier alimentaire
Alter'Nature - Bobigny,'https://soliguide.fr/fr/fiche/alternature-bobigny-29322',Conseil administratif,
Alter'Nature - Bobigny,'https://soliguide.fr/fr/fiche/alternature-bobigny-29322',Point d'information,
Alter'Nature - Bobigny,'https://soliguide.fr/fr/fiche/alternature-bobigny-29322',Activités diverses,Jardin solidaire
Alter'Nature - Villetaneuse,'https://soliguide.fr/fr/fiche/alternature-villetaneuse-29325',Colis alimentaire,Panier alimentaire
Alter'Nature - Villetaneuse,'https://soliguide.fr/fr/fiche/alternature-villetaneuse-29325',Conseil administratif,
Alter'Nature - Villetaneuse,'https://soliguide.fr/fr/fiche/alternature-villetaneuse-29325',Point d'information,
Alter'Nature - Villetaneuse,'https://soliguide.fr/fr/fiche/alternature-villetaneuse-29325',Activités diverses,Jardin solidaire
Bol d'Air - La Passerelle,'https://soliguide.fr/fr/fiche/le-bol-dair-27539',Conseil logement,
MaMaMa,'https://soliguide.fr/fr/fiche/mamama-saint-denis-11691',Produits d'hygiène,
Office Français de l'Immigration et de l'Intégration - Bobigny,'https://soliguide.fr/fr/fiche/office-francais-de-limmigration-et-de-lintegration-bobigny-29907',Permanence juridique,
Office Français de l'Immigration et de l'Intégration - Bobigny,'https://soliguide.fr/fr/fiche/office-francais-de-limmigration-et-de-lintegration-bobigny-29907',Conseil administratif,
Office Français de l'Immigration et de l'Intégration - Bobigny,'https://soliguide.fr/fr/fiche/office-francais-de-limmigration-et-de-lintegration-bobigny-29907',Point d'information,
Restos du Coeur - Centre dactivités d'Aubervilliers,'https://soliguide.fr/fr/fiche/centre-de-distribution-des-restos-du-coeur-aubervilliers-2362',Point d'information,Accompagnement social
Restos du Coeur - Centre dactivités d'Aubervilliers,'https://soliguide.fr/fr/fiche/centre-de-distribution-des-restos-du-coeur-aubervilliers-2362',Point d'information,Accueil de jour
Restos du Coeur - Centre dactivités de Noisy-le-Grand,'https://soliguide.fr/fr/fiche/centre-de-distribution-des-restos-du-coeur-noisy-le-grand-2372',Point d'information,Accompagnement social
Restos du Coeur - Centre dactivités de Noisy-le-Grand,'https://soliguide.fr/fr/fiche/centre-de-distribution-des-restos-du-coeur-noisy-le-grand-2372',Point d'information,Accueil de jour
Restos du Coeur - Centre dactivités de Montreuil,'https://soliguide.fr/fr/fiche/les-restos-du-coeur-de-montreuil-2388',Point d'information,Accueil de jour
Restos du Coeur - Centre dactivités de Montreuil,'https://soliguide.fr/fr/fiche/les-restos-du-coeur-de-montreuil-2388',Point d'information,Accompagnement social
Restos du Coeur - Centre dactivités de Pantin,'https://soliguide.fr/fr/fiche/centre-de-distribution-des-restos-du-coeur-pantin-2374',Point d'information,Accompagnement social
Restos du Coeur - Centre dactivités de Pantin,'https://soliguide.fr/fr/fiche/centre-de-distribution-des-restos-du-coeur-pantin-2374',Point d'information,Accueil de jour
Restos du Coeur - Centre dactivités de Pierrefitte,'https://soliguide.fr/fr/fiche/centre-de-distribution-des-restos-du-coeur-pierrefitte-sur-seine-2376',Point d'information,Accueil de jour
Restos du Coeur - Centre dactivités de Pierrefitte,'https://soliguide.fr/fr/fiche/centre-de-distribution-des-restos-du-coeur-pierrefitte-sur-seine-2376',Point d'information,Accueil de jour
Restos du Coeur - Centre dactivités d'Aulnay-sous-Bois,'https://soliguide.fr/fr/fiche/centre-de-distribution-des-restos-du-coeur-aulnay-sous-bois-2363',Point d'information,Accueil de jour
Restos du Coeur - Centre dactivités d'Aulnay-sous-Bois,'https://soliguide.fr/fr/fiche/centre-de-distribution-des-restos-du-coeur-aulnay-sous-bois-2363',Point d'information,Accueil de jour
Restos du Coeur - Centre dactivités de Bagnolet,'https://soliguide.fr/fr/fiche/centre-de-distribution-des-restos-du-coeur-bagnolet-3062',Point d'information,Accueil de jour
Restos du Coeur - Centre dactivités de Bagnolet,'https://soliguide.fr/fr/fiche/centre-de-distribution-des-restos-du-coeur-bagnolet-3062',Point d'information,Accueil de jour
Restos du Coeur - Centre dactivités de Bobigny,'https://soliguide.fr/fr/fiche/centre-de-distribution-des-restos-du-coeur-bobigny-3124',Point d'information,Accueil de jour
Restos du Coeur - Centre dactivités de Bobigny,'https://soliguide.fr/fr/fiche/centre-de-distribution-des-restos-du-coeur-bobigny-3124',Point d'information,Accueil de jour
Restos du Coeur - Centre dactivités de Bondy,'https://soliguide.fr/fr/fiche/centre-de-distribution-des-restos-du-coeur-bondy-2365',Point d'information,Accueil de jour
Restos du Coeur - Centre dactivités de Bondy,'https://soliguide.fr/fr/fiche/centre-de-distribution-des-restos-du-coeur-bondy-2365',Point d'information,Accueil de jour
Restos du Coeur - Centre dactivités de Clichy-sous-Bois,'https://soliguide.fr/fr/fiche/centre-de-distribution-des-restos-du-coeur-clichy-sous-bois-3125',Point d'information,Accueil de jour
Restos du Coeur - Centre dactivités de Clichy-sous-Bois,'https://soliguide.fr/fr/fiche/centre-de-distribution-des-restos-du-coeur-clichy-sous-bois-3125',Point d'information,Accueil de jour
Restos du Coeur - Centre dactivités de Drancy,'https://soliguide.fr/fr/fiche/centre-de-distribution-des-restos-du-coeur-drancy-2366',Point d'information,Accueil de jour
Restos du Coeur - Centre dactivités de Drancy,'https://soliguide.fr/fr/fiche/centre-de-distribution-des-restos-du-coeur-drancy-2366',Point d'information,Accueil de jour
Restos du Coeur - Centre dactivités d'Epinay-sur-Seine,'https://soliguide.fr/fr/fiche/centre-de-distribution-des-restos-du-coeur-epinay-sur-seine-6271',Point d'information,Accueil de jour
Restos du Coeur - Centre dactivités d'Epinay-sur-Seine,'https://soliguide.fr/fr/fiche/centre-de-distribution-des-restos-du-coeur-epinay-sur-seine-6271',Point d'information,Accueil de jour
Restos du Coeur - Centre dactivités de La Courneuve,'https://soliguide.fr/fr/fiche/centre-de-distribution-des-restos-du-coeur-la-courneuve-2368',Point d'information,Accueil de jour
Restos du Coeur - Centre dactivités de La Courneuve,'https://soliguide.fr/fr/fiche/centre-de-distribution-des-restos-du-coeur-la-courneuve-2368',Point d'information,Accueil de jour
Restos du Coeur - Centre dactivités du Blanc-Mesnil,'https://soliguide.fr/fr/fiche/centre-de-distribution-restos-du-coeur-drancy-2890',Point d'information,Accueil de jour
Restos du Coeur - Centre dactivités du Blanc-Mesnil,'https://soliguide.fr/fr/fiche/centre-de-distribution-restos-du-coeur-drancy-2890',Point d'information,Accueil de jour
Restos du Coeur - Centre dactivités du Bourget,'https://soliguide.fr/fr/fiche/centre-de-distribution-des-restos-du-coeur-paris-2385',Point d'information,Accueil de jour
Restos du Coeur - Centre dactivités du Bourget,'https://soliguide.fr/fr/fiche/centre-de-distribution-des-restos-du-coeur-paris-2385',Point d'information,Accueil de jour
Restos du Coeur - Centre dactivités du Pré-Saint-Gervais,'https://soliguide.fr/fr/fiche/centre-de-distribution-des-restos-du-coeur-le-pre-saint-gervais-2370',Point d'information,Accueil de jour
Restos du Coeur - Centre dactivités du Pré-Saint-Gervais,'https://soliguide.fr/fr/fiche/centre-de-distribution-des-restos-du-coeur-le-pre-saint-gervais-2370',Point d'information,Accueil de jour
Restos du Coeur - Centre dactivités des Lilas,'https://soliguide.fr/fr/fiche/centre-de-distribution-des-restos-du-coeur-les-lilas-2371',Point d'information,Accueil de jour
Restos du Coeur - Centre dactivités des Lilas,'https://soliguide.fr/fr/fiche/centre-de-distribution-des-restos-du-coeur-les-lilas-2371',Point d'information,Accueil de jour
Restos du Coeur - Centre dactivités des Pavillons-sous-Bois,'https://soliguide.fr/fr/fiche/centre-de-distribution-des-restos-du-coeur-les-pavillons-sous-bois-4697',Point d'information,Accueil de jour
Restos du Coeur - Centre dactivités des Pavillons-sous-Bois,'https://soliguide.fr/fr/fiche/centre-de-distribution-des-restos-du-coeur-les-pavillons-sous-bois-4697',Point d'information,Accueil de jour
Restos du Coeur - Centre dactivités de Neuilly-sur-Marne,'https://soliguide.fr/fr/fiche/centre-de-distribution-des-restos-du-coeur-neuilly-sur-marne-2386',Point d'information,Accueil de jour
Restos du Coeur - Centre dactivités de Neuilly-sur-Marne,'https://soliguide.fr/fr/fiche/centre-de-distribution-des-restos-du-coeur-neuilly-sur-marne-2386',Point d'information,Accueil de jour
Restos du Coeur - Centre dactivités de Noisy-le-Sec,'https://soliguide.fr/fr/fiche/centre-de-distribution-des-restos-du-coeur-noisy-le-sec-2373',Point d'information,Accueil de jour
Restos du Coeur - Centre dactivités de Noisy-le-Sec,'https://soliguide.fr/fr/fiche/centre-de-distribution-des-restos-du-coeur-noisy-le-sec-2373',Point d'information,Accueil de jour
Restos du Coeur - Centre dactivités de Neuilly-Plaisance,'https://soliguide.fr/fr/fiche/centre-de-distribution-des-restos-du-coeur-neuilly-plaisance-3127',Point d'information,Accueil de jour
Restos du Coeur - Centre dactivités de Neuilly-Plaisance,'https://soliguide.fr/fr/fiche/centre-de-distribution-des-restos-du-coeur-neuilly-plaisance-3127',Point d'information,Accueil de jour
Restos du Coeur - Centre dactivités de Rosny sous Bois,'https://soliguide.fr/fr/fiche/restos-du-coeur-de-rosny-sous-bois-3130',Point d'information,Accueil de jour
Restos du Coeur - Centre dactivités de Rosny sous Bois,'https://soliguide.fr/fr/fiche/restos-du-coeur-de-rosny-sous-bois-3130',Point d'information,Accueil de jour
Restos du Coeur - Centre dactivités de Sevran,'https://soliguide.fr/fr/fiche/centre-de-distribution-des-restos-du-coeur-sevran-2389',Point d'information,Accueil de jour
Restos du Coeur - Centre dactivités de Sevran,'https://soliguide.fr/fr/fiche/centre-de-distribution-des-restos-du-coeur-sevran-2389',Point d'information,Accueil de jour
Restos du Coeur - Centre dactivités de Saint-Denis,'https://soliguide.fr/fr/fiche/centre-de-distribution-des-restos-du-coeur-saint-denis-2378',Point d'information,Accueil de jour
Restos du Coeur - Centre dactivités de Saint-Denis,'https://soliguide.fr/fr/fiche/centre-de-distribution-des-restos-du-coeur-saint-denis-2378',Point d'information,Accueil de jour
Restos du Coeur - Centre dactivités de Saint-Ouen,'https://soliguide.fr/fr/fiche/centre-de-distribution-des-restos-du-coeur-saint-ouen-2379',Point d'information,Accueil de jour
Restos du Coeur - Centre dactivités de Saint-Ouen,'https://soliguide.fr/fr/fiche/centre-de-distribution-des-restos-du-coeur-saint-ouen-2379',Point d'information,Accueil de jour
Restos du Coeur - Centre dactivités de Stains,'https://soliguide.fr/fr/fiche/centre-de-distribution-des-restos-du-coeur-stains-2380',Point d'information,Accueil de jour
Restos du Coeur - Centre dactivités de Stains,'https://soliguide.fr/fr/fiche/centre-de-distribution-des-restos-du-coeur-stains-2380',Point d'information,Accueil de jour
Restos du Coeur - Centre dactivités de Tremblay-en-France,'https://soliguide.fr/fr/fiche/centre-de-distribution-des-restos-du-coeur-tremblay-en-france-2381',Point d'information,Accueil de jour
Restos du Coeur - Centre dactivités de Tremblay-en-France,'https://soliguide.fr/fr/fiche/centre-de-distribution-des-restos-du-coeur-tremblay-en-france-2381',Point d'information,Accueil de jour
Restos du Coeur - Centre dactivités de Villepinte,'https://soliguide.fr/fr/fiche/centre-de-distribution-des-restos-du-coeur-villepinte-2383',Point d'information,Accueil de jour
Restos du Coeur - Centre dactivités de Villepinte,'https://soliguide.fr/fr/fiche/centre-de-distribution-des-restos-du-coeur-villepinte-2383',Point d'information,Accueil de jour
Restos du Coeur - Centre dactivités de Villetaneuse,'https://soliguide.fr/fr/fiche/centre-de-distribution-des-restos-du-coeur-villetaneuse-6872',Point d'information,Accueil de jour
Restos du Coeur - Centre dactivités de Villetaneuse,'https://soliguide.fr/fr/fiche/centre-de-distribution-des-restos-du-coeur-villetaneuse-6872',Point d'information,Accueil de jour
La Voix des Rroms,'https://soliguide.fr/fr/fiche/la-voix-des-roms-32710',Permanence juridique,Point d'information et d’orientation
La Voix des Rroms,'https://soliguide.fr/fr/fiche/la-voix-des-roms-32710',Permanence juridique,Point d'information et d’orientation
"Bains-Douches ""La source d'Olympe""",'https://soliguide.fr/fr/fiche/bains-douches-de-saint-denis-32742',Douche,Écrivain public
"Bains-Douches ""La source d'Olympe""",'https://soliguide.fr/fr/fiche/bains-douches-de-saint-denis-32742',Toilettes,
Le Sens de l'Humus,'https://soliguide.fr/fr/fiche/le-sens-de-lhumus-32720',Bien-être,Activités diverses
Norauto Neuilly-sur-Marne,'https://soliguide.fr/fr/fiche/norauto-neuilly-sur-marne-32955',Aide à la mobilité,Mise à disposition de véhicule
Norauto Bobigny,'https://soliguide.fr/fr/fiche/norauto-bobigny-32956',Aide à la mobilité,Mise à disposition de véhicule
Norauto Livry Gargan,'https://soliguide.fr/fr/fiche/norauto-livry-gargan-32957',Aide à la mobilité,Mise à disposition de véhicule
Norauto Epinay,'https://soliguide.fr/fr/fiche/norauto-epinay-32982',Aide à la mobilité,Mise à disposition de véhicule
Norauto Sevran,'https://soliguide.fr/fr/fiche/norauto-sevran-32985',Aide à la mobilité,Mise à disposition de véhicule
Le Sens de l'Humus,'https://soliguide.fr/fr/fiche/le-sens-de-lhumus-32720',Activités diverses,Jardin solidaire
Le Sens de l'Humus,'https://soliguide.fr/fr/fiche/le-sens-de-lhumus-32720',Accompagnement social,Jardin solidaire
Le Sens de l'Humus,'https://soliguide.fr/fr/fiche/le-sens-de-lhumus-32720',Accompagnement à l'emploi,Jardin solidaire
Secours Catholique de Saint-Denis,'https://soliguide.fr/fr/fiche/secours-catholique-de-saint-denis-3413',Épicerie sociale et solidaire,Colis bébé
Secours Populaire - Comité d'Aubervilliers,'https://soliguide.fr/fr/fiche/secours-populaire-comite-aubervilliers-3352',Activités diverses,
360 Degrés Sud,'https://soliguide.fr/fr/fiche/repas-solidaire-antigaspi-360-sud-clichy-sous-bois-15597',Atelier cuisine,Atelier de cuisine
Fontaine à eau,'https://soliguide.fr/fr/fiche/fontaine-square-barbara-33657',Fontaine à eau,Aucun service adapté
Fontaine à eau,'https://soliguide.fr/fr/fiche/fontaine-square-clara-zetkin-33658',Fontaine à eau,Aucun service adapté
Fontaine à eau,'https://soliguide.fr/fr/fiche/fontaine-terrain-de-foot-ruffins-33662',Fontaine à eau,Aucun service adapté
Fontaine à eau,'https://soliguide.fr/fr/fiche/fontaine-place-guernica-33663',Fontaine à eau,Aucun service adapté
Fontaine à eau,'https://soliguide.fr/fr/fiche/fontaine-place-langevin-33666',Fontaine à eau,Aucun service adapté
Fontaine à eau,'https://soliguide.fr/fr/fiche/fontaine-terrain-edouard-vaillant-33667',Fontaine à eau,Aucun service adapté
Fontaine à eau,'https://soliguide.fr/fr/fiche/fontaine-square-de-leglise-33670',Fontaine à eau,Aucun service adapté
Maison du Centre MC2,'https://soliguide.fr/fr/fiche/maison-du-centre-mc2-33893',Écrivain public,
CCAS de Drancy,'https://soliguide.fr/fr/fiche/ccas-de-drancy-4991',Activités diverses,
CCAS de Drancy,'https://soliguide.fr/fr/fiche/ccas-de-drancy-4991',Distribution de repas,
Centre socioculturel Clara Zetkin,'https://soliguide.fr/fr/fiche/centre-socioculturel-clara-zetkin-villetaneuse-7138',Bien-être,Activités diverses
Centre socioculturel Clara Zetkin,'https://soliguide.fr/fr/fiche/centre-socioculturel-clara-zetkin-villetaneuse-7138',Activités diverses,Cours de français
Maison de quartier Edmond Michelet,'https://soliguide.fr/fr/fiche/maison-de-quartier-edmond-michelet-sevran-3042',Psychologie,
Centre Municipal de Santé (CMS) Savattero,'https://soliguide.fr/fr/fiche/centre-municipal-de-sante-savattero-montreuil-7240',Généraliste,Médecin généraliste
Centre Municipal de Santé (CMS) Savattero,'https://soliguide.fr/fr/fiche/centre-municipal-de-sante-savattero-montreuil-7240',Rhumatologie,Médecin généraliste
Centre Municipal de Santé (CMS) Savattero,'https://soliguide.fr/fr/fiche/centre-municipal-de-sante-savattero-montreuil-7240',Nutrition,nutrition
Centre Municipal de Santé (CMS) Savattero,'https://soliguide.fr/fr/fiche/centre-municipal-de-sante-savattero-montreuil-7240',Soins enfants,Pédiatre
Centre Municipal de Santé (CMS) Savattero,'https://soliguide.fr/fr/fiche/centre-municipal-de-sante-savattero-montreuil-7240',Psychologie,Médecin généraliste
Centre Municipal de Santé Daniel Renoult,'https://soliguide.fr/fr/fiche/centre-municipal-de-sante-daniel-renoult-montreuil-7242',Généraliste,Médecin généraliste
Centre Municipal de Santé Daniel Renoult,'https://soliguide.fr/fr/fiche/centre-municipal-de-sante-daniel-renoult-montreuil-7242',Soins enfants,Pédicure
Centre Municipal de Santé Daniel Renoult,'https://soliguide.fr/fr/fiche/centre-municipal-de-sante-daniel-renoult-montreuil-7242',Accompagnement social,Suivi Grossesse
Episol du Bourget - Réseau Andes,'https://soliguide.fr/fr/fiche/episol-du-bourget-le-bourget-11277',Activités diverses,Aucun service adapté
Episol du Bourget - Réseau Andes,'https://soliguide.fr/fr/fiche/episol-du-bourget-le-bourget-11277',Atelier cuisine,Atelier de cuisine
Secours Populaire - Comité de Saint-Denis,'https://soliguide.fr/fr/fiche/secours-populaire-comite-de-saint-denis-9846',Laverie,Aucun service adapté
Secours Populaire - Comité de Saint-Denis,'https://soliguide.fr/fr/fiche/secours-populaire-comite-de-saint-denis-9846',Douche,
Accueil de jour Emmaüs alternatives,'https://soliguide.fr/fr/fiche/accueil-de-jour-emmaus-montreuil-2864',Distribution de repas,Accueil de jour
MaMaMa,'https://soliguide.fr/fr/fiche/mamama-saint-denis-11691',Vêtements,Boutique Solidaire
Bibliothèque de Clichy-Sous-Bois,'https://soliguide.fr/fr/fiche/bibliotheque-de-clichy-sous-bois-15598',Wifi,
SOS Femmes 93  - Lieu d'Accueil et d'Orientation,'https://soliguide.fr/fr/fiche/sos-femmes-93-lieu-accueil-et-d-orientation-bondy-2789',Conseil aux parents,Accompagnement social
Solidarité Active Saint-Ouen - Réseau Andes,'https://soliguide.fr/fr/fiche/solidarite-active-saint-ouen-34370',Épicerie sociale et solidaire,
Action14,'https://soliguide.fr/fr/fiche/action-14-34375',Colis alimentaire,Épicerie sociale et solidaire
Bibliothèque Denis Diderot,'https://soliguide.fr/fr/fiche/bibliotheque-denis-diderot-bondy-5822',Wifi,
PMI Barbusse,'https://soliguide.fr/fr/fiche/pmi-barbusse-saint-denis-6934',Soins enfants,
Service Prévention Santé,'https://soliguide.fr/fr/fiche/service-prevention-sante-villepinte-8317',Point d'information,
Médiathèque Colette,'https://soliguide.fr/fr/fiche/mediatheque-colette-epinay-sur-seine-14210',Wifi,
Médiathèque Don Quichotte,'https://soliguide.fr/fr/fiche/mediatheque-don-quichotte-saint-denis-14216',Wifi,
Médiathèque Elsa Triolet,'https://soliguide.fr/fr/fiche/mediatheque-elsa-triolet-ile-saint-denis-4719',Wifi,
Médiathèque Flora Tristan,'https://soliguide.fr/fr/fiche/mediatheque-flora-tristan-pierrefitte-sur-seine-14214',Wifi,
Médiathèque Gulliver,'https://soliguide.fr/fr/fiche/mediatheque-gulliver-saint-denis-14217',Wifi,
Médiathèque Henri Michaux,'https://soliguide.fr/fr/fiche/mediatheque-henri-michaux-aubervilliers-7390',Wifi,
Médiathèque John Lennon,'https://soliguide.fr/fr/fiche/mediatheque-john-lennon-la-courneuve-14213',Wifi,
Médiathèque Paul Eluard,'https://soliguide.fr/fr/fiche/mediatheque-paul-eluard-aubervilliers-7391',Wifi,
Médiathèque du Temps Libre,'https://soliguide.fr/fr/fiche/mediatheque-du-temps-libre-stains-14234',Wifi,
Médiathèque Ulysse,'https://soliguide.fr/fr/fiche/mediatheque-ulysse-saint-denis-14219',Wifi,
La Petite Ruche - Réseau Andes,'https://soliguide.fr/fr/fiche/la-petite-ruche-34630',Accompagnement à l'emploi,Accompagnement à l’emploi
La Petite Ruche - Réseau Andes,'https://soliguide.fr/fr/fiche/la-petite-ruche-34630',Atelier numérique,
La Petite Ruche - Réseau Andes,'https://soliguide.fr/fr/fiche/la-petite-ruche-34630',Activités diverses,
La Petite Ruche - Réseau Andes,'https://soliguide.fr/fr/fiche/la-petite-ruche-34630',Bien-être,Activités diverses
Fontaine à eau,'https://soliguide.fr/fr/fiche/fontaine-square-blumenthal-34639',Fontaine à eau,
Fontaine à eau,'https://soliguide.fr/fr/fiche/fontaine-parc-jean-monnet-34641',Fontaine à eau,
Fontaine à eau,'https://soliguide.fr/fr/fiche/fontaine-parc-joanny-berlioz-34644',Fontaine à eau,
Fontaine à eau,'https://soliguide.fr/fr/fiche/fontaine-parc-central-dorgemont-2-34647',Fontaine à eau,
Fontaine à eau,'https://soliguide.fr/fr/fiche/fontaine-parc-central-dorgemont-34649',Fontaine à eau,
Fontaine à eau,'https://soliguide.fr/fr/fiche/fontaine-terrain-de-foot-34650',Fontaine à eau,
Fontaine à eau,'https://soliguide.fr/fr/fiche/fontaine-square-charline-blandin-34654',Fontaine à eau,
Fontaine à eau,'https://soliguide.fr/fr/fiche/fontaine-square-gabriel-deneux-34658',Fontaine à eau,
Fontaine à eau,'https://soliguide.fr/fr/fiche/fontaine-parc-de-la-chevrette-34659',Fontaine à eau,
Fontaine à eau,'https://soliguide.fr/fr/fiche/fontaine-34660',Fontaine à eau,
Fontaine à eau,'https://soliguide.fr/fr/fiche/fontaine-34662',Fontaine à eau,
Fontaine à eau,'https://soliguide.fr/fr/fiche/fontaine-city-stade-34664',Fontaine à eau,
Fontaine  à eau,'https://soliguide.fr/fr/fiche/fontaine-parc-des-presles-34667',Fontaine à eau,
Fontaine à eau,'https://soliguide.fr/fr/fiche/fontaine-square-ali-zebboudj-34669',Fontaine à eau,
Fontaine à eau,'https://soliguide.fr/fr/fiche/fontaine-34671',Fontaine à eau,
Point Accueil Prévention Santé (PAPS),'https://soliguide.fr/fr/fiche/point-accueil-prevention-sante-paps-villetaneuse-8331',Gastro-entérologie,
Point Accueil Prévention Santé (PAPS),'https://soliguide.fr/fr/fiche/point-accueil-prevention-sante-paps-villetaneuse-8331',Généraliste,Accueil de jour
Maison Pour Tous Berty Albrecht,'https://soliguide.fr/fr/fiche/maison-pour-tous-berty-albrecht-aubervilliers-5204',Cours de français,
Maison Pour Tous Berty Albrecht,'https://soliguide.fr/fr/fiche/maison-pour-tous-berty-albrecht-aubervilliers-5204',Activités diverses,
Unité Mobile PROSES Paris 13,'https://soliguide.fr/fr/fiche/unite-mobile-proses-paris-13-34821',Addiction,
PASS de ville - CMS Henri Barbusse,'https://soliguide.fr/fr/fiche/pass-de-ville-de-saint-ouen-25132',Infirmerie,
Permanence RESF Pantin - Maison de quartier des Quatre Chemins,'https://soliguide.fr/fr/fiche/permanence-resf-pantin-34861',Permanence juridique,
SFM AD (Solidarite Formation Mobilisation Accueil et développement) Stains II,'https://soliguide.fr/fr/fiche/sfm-ad-solidarite-formation-mobilisation-accueil-et-developpement-stains-ii-34871',Accompagnement à l'emploi,Accompagnement à l’emploi
SFM AD (Solidarite Formation Mobilisation Accueil et développement) Stains II,'https://soliguide.fr/fr/fiche/sfm-ad-solidarite-formation-mobilisation-accueil-et-developpement-stains-ii-34871',Permanence juridique,Point d'information et d’orientation
SFM AD (Solidarite Formation Mobilisation Accueil et développement) Stains II,'https://soliguide.fr/fr/fiche/sfm-ad-solidarite-formation-mobilisation-accueil-et-developpement-stains-ii-34871',Soutien scolaire,Point d'information et d’orientation
EMPP ESTIM93,'https://soliguide.fr/fr/fiche/empp-estim93-35029',Psychologie,Accompagnement social
EMPP Robert Ballanger,'https://soliguide.fr/fr/fiche/empp-estim93-copie-saint-denis-35105',Psychologie,Accompagnement social
EMPP Rivages,'https://soliguide.fr/fr/fiche/empp-estim93-copie-saint-denis-35106',Psychologie,Accompagnement social
EMPP La Cordée,'https://soliguide.fr/fr/fiche/empp-estim93-copie-saint-denis-35107',Psychologie,Accompagnement social
EMPP La Boussole,'https://soliguide.fr/fr/fiche/empp-estim93-copie-saint-denis-35108',Psychologie,Accompagnement social
point-justice de Drancy,'https://soliguide.fr/fr/fiche/point-acces-aux-droits-drancy-2764',Permanence juridique,Conseil administratif
Centre Municipal de Santé (CMS) Salvador Allende,'https://soliguide.fr/fr/fiche/centre-municipal-de-sante-salvador-allende-la-courneuve-5392',Dentaire,
Centre Municipal de Santé Elsa Rustin,'https://soliguide.fr/fr/fiche/centre-municipal-de-sante-elsa-rustin-bagnolet-8246',Nutrition,nutrition
Prévention des Expulsions Locatives des Ménages Assignés  : Diagnostic Social et Financier - UDAF 93,'https://soliguide.fr/fr/fiche/prevention-des-expulsions-locatives-des-menages-assignes-diagnostic-social-et-financier-udaf-93-35420',Accompagnement social,Conseil budget
Médiathèque de Bagnolet,'https://soliguide.fr/fr/fiche/mediatheque-de-bagnolet-35457',Bibliothèque,
Médiathèque de Bagnolet,'https://soliguide.fr/fr/fiche/mediatheque-de-bagnolet-35457',Ordinateur,
Médiathèque de Bagnolet,'https://soliguide.fr/fr/fiche/mediatheque-de-bagnolet-35457',Wifi,
Mission Locale de Stains,'https://soliguide.fr/fr/fiche/mission-locale-de-stains-aispja-36212',Accompagnement à l'emploi,Accompagnement à l’emploi
CCAS de Sevran,'https://soliguide.fr/fr/fiche/ccas-de-sevran-5064',Point d'information,Atelier numérique
point-justice de Sevran,'https://soliguide.fr/fr/fiche/point-acces-aux-droits-sevran-2854',Permanence juridique,Conseil administratif
point-justice de Sevran,'https://soliguide.fr/fr/fiche/point-acces-aux-droits-sevran-2854',Permanence juridique,Conseil aux parents
point-justice de Sevran,'https://soliguide.fr/fr/fiche/point-acces-aux-droits-sevran-2854',Permanence juridique,Conseil administratif
point-justice de Sevran,'https://soliguide.fr/fr/fiche/point-acces-aux-droits-sevran-2854',Conseil administratif,Conseil logement
CCAS de Sevran,'https://soliguide.fr/fr/fiche/ccas-de-sevran-5064',Activités diverses,Aide à la mobilité
CCAS de Sevran,'https://soliguide.fr/fr/fiche/ccas-de-sevran-5064',Distribution de repas,Infirmerie
CCAS de Sevran,'https://soliguide.fr/fr/fiche/ccas-de-sevran-5064',Activités diverses,Distribution de repas
CCAS de Sevran,'https://soliguide.fr/fr/fiche/ccas-de-sevran-5064',Espace famille,Soutien scolaire
CCAS de Sevran,'https://soliguide.fr/fr/fiche/ccas-de-sevran-5064',Accompagnement social,Conseil administratif
Mission Locale de La Courneuve,'https://soliguide.fr/fr/fiche/mission-locale-intercommunale-de-la-courneuve-2751',Ordinateur,
Mission Locale de La Courneuve,'https://soliguide.fr/fr/fiche/mission-locale-intercommunale-de-la-courneuve-2751',Conseil administratif,
Aurore - Aubervilliers,'https://soliguide.fr/fr/fiche/domiciliation-aurore-93-aubervilliers-14769',Distribution de repas,
Aurore - Aubervilliers,'https://soliguide.fr/fr/fiche/domiciliation-aurore-93-aubervilliers-14769',Accompagnement social,Conseil administratif
Bus Santé - Pantin,'https://soliguide.fr/fr/fiche/bus-sante-pantin-37189',Généraliste,Médecin généraliste
Bus Santé - Pantin,'https://soliguide.fr/fr/fiche/bus-sante-pantin-37189',Accompagnement social,Médecin généraliste
Bus Santé - Bondy,'https://soliguide.fr/fr/fiche/bus-sante-bondy-37283',Généraliste,Médecin généraliste
Bus Santé - Bondy,'https://soliguide.fr/fr/fiche/bus-sante-bondy-37283',Accompagnement social,Médecin généraliste
Bus Santé - Bobigny,'https://soliguide.fr/fr/fiche/bus-sante-bobigny-37284',Généraliste,Médecin généraliste
Bus Santé - Bobigny,'https://soliguide.fr/fr/fiche/bus-sante-bobigny-37284',Accompagnement social,Médecin généraliste
Solidarité Active Saint-Ouen - Réseau Andes,'https://soliguide.fr/fr/fiche/solidarite-active-saint-ouen-34370',Cours de français,
Solidarité Active Saint-Ouen - Réseau Andes,'https://soliguide.fr/fr/fiche/solidarite-active-saint-ouen-34370',Atelier numérique,Cours de français
Passerelle des Donateurs,'https://soliguide.fr/fr/fiche/passerelle-des-donateurs-34225',Produits d'hygiène,
GRDR,'https://soliguide.fr/fr/fiche/grdr-36657',Accompagnement à l'emploi,Accompagnement à l’emploi
Action14,'https://soliguide.fr/fr/fiche/action-14-34375',Vêtements,
Villepinte dans la Maison,'https://soliguide.fr/fr/fiche/villepinte-dans-la-maison-11942',Produits d'hygiène,
"Epicerie solidaire ""Un Panier pour tous""",'https://soliguide.fr/fr/fiche/epicerie-solidaire-un-panier-pour-tous-gagny-11587',Produits d'hygiène,
Association de Conseil et d'Insertion ACI93 (Saint-Denis),'https://soliguide.fr/fr/fiche/association-de-conseil-et-insertion-aci93-27030',Accompagnement à l'emploi,Accompagnement à l’emploi
Association de Conseil et d'Insertion ACI93 (Saint-Denis),'https://soliguide.fr/fr/fiche/association-de-conseil-et-insertion-aci93-27030',Écrivain public,Conseil administratif
Collectif Aclefeu,'https://soliguide.fr/fr/fiche/collectif-ac-le-feu-clichy-sous-bois-12125',Soutien scolaire,Aucun service adapté
La Contremarque,'https://soliguide.fr/fr/fiche/la-contremarque-38110',Accompagnement à l'emploi,Aucun service adapté
La Contremarque,'https://soliguide.fr/fr/fiche/la-contremarque-38110',Psychologie,Aucun service adapté
La Contremarque,'https://soliguide.fr/fr/fiche/la-contremarque-38110',Atelier numérique,Activités diverses
La Contremarque,'https://soliguide.fr/fr/fiche/la-contremarque-38110',Activités sportives,Activités diverses
Secours Catholique de Bondy,'https://soliguide.fr/fr/fiche/secours-catholique-de-bondy-3435',Activités diverses,Atelier de cuisine
Association Bomoyi Rue de Vienne,'https://soliguide.fr/fr/fiche/association-bomoyi-rue-de-vienne-38199',Atelier numérique,
Association Bomoyi Rue de Vienne,'https://soliguide.fr/fr/fiche/association-bomoyi-rue-de-vienne-38199',Accompagnement social,Médiation sociale
Association Bomoyi Rue de Vienne,'https://soliguide.fr/fr/fiche/association-bomoyi-rue-de-vienne-38199',Activités diverses,
SOS Femmes 93  - Lieu d'Accueil et d'Orientation,'https://soliguide.fr/fr/fiche/sos-femmes-93-lieu-accueil-et-d-orientation-bondy-2789',Garde d'enfants,Garde d’enfants
Association Ikambere « La Maison Accueillante »,'https://soliguide.fr/fr/fiche/association-ikambere-la-maison-accueillante-saint-denis-2661',Activités diverses,Accompagnement social
Secours Populaire - Comité de Livry Gargan,'https://soliguide.fr/fr/fiche/secours-populaire-comite-de-livry-gargan-2843',Cours de français,
Epicerie Solidaire de Livry Gargan - Réseau Andes,'https://soliguide.fr/fr/fiche/doublon-epicerie-solidaire-de-livry-gargan-reseau-andes-38351',Épicerie sociale et solidaire,
Epicerie Solidaire de Pierrefitte - Réseau Andes,'https://soliguide.fr/fr/fiche/epicerie-solidaire-de-pierrefitte-reseau-andes-pierrefitte-sur-seine-38483',Épicerie sociale et solidaire,
Epicerie solidaire POM CASSIS - Réseau Andes,'https://soliguide.fr/fr/fiche/doublon-pom-cassis-reseau-andes-drancy-38516',Épicerie sociale et solidaire,
Médiathèque Jules Vallès,'https://soliguide.fr/fr/fiche/mediatheque-jules-valles-epinay-sur-seine-14212',Wifi,
Médiathèque Centre-Ville Saint-Denis,'https://soliguide.fr/fr/fiche/mediatheque-centre-ville-saint-denis-14215',Wifi,
Médiathèque Glarner,'https://soliguide.fr/fr/fiche/mediatheque-glarner-saint-ouen-14231',Wifi,
Médiathèque Lucie Aubrac,'https://soliguide.fr/fr/fiche/mediatheque-lucie-aubrac-saint-ouen-14233',Wifi,
Espace Henri Grouès Abbé Pierre,'https://soliguide.fr/fr/fiche/espace-henri-groues-abbe-pierre-saint-ouen-3118',Distribution de repas,
Amicale pour l'Entraide et la Solidarité (APES) - Drancy,'https://soliguide.fr/fr/fiche/apes-cours-de-francais-drancy-12013',Activités diverses,Aucun service adapté
Amicale pour l'Entraide et la Solidarité (APES) - Drancy,'https://soliguide.fr/fr/fiche/apes-cours-de-francais-drancy-12013',Conseil aux parents,Accompagnement à l’emploi
Pôle d'évaluation pour mineurs isolés étrangers (PEMIE),'https://soliguide.fr/fr/fiche/pole-evaluation-pour-mineurs-isoles-etrangers-pemie-bobigny-11480',Hébergement d'urgence,Hébergement d’urgence
Secours Populaire - Comité de Bondy,'https://soliguide.fr/fr/fiche/secours-populaire-comite-de-bondy-38219',Conseil administratif,
Secours Populaire - Comité de Montfermeil,'https://soliguide.fr/fr/fiche/secours-populaire-comite-de-montfermeil-38937',Conseil administratif,
Secours Populaire - Comité de Montfermeil,'https://soliguide.fr/fr/fiche/secours-populaire-comite-de-montfermeil-38937',Colis alimentaire,
Secours Populaire - Comité de Bobigny,'https://soliguide.fr/fr/fiche/comite-de-bobigny-3364',Vêtements,
Secours Populaire - Comité de Drancy,'https://soliguide.fr/fr/fiche/secours-populaire-comite-de-drancy-2795',Colis alimentaire,
SFM AD (Solidarite Formation Mobilisation Accueil et développement): Agence locale d'insertion Epinay,'https://soliguide.fr/fr/fiche/sfm-ad-solidarite-formation-mobilisation-accueil-et-developpement-agence-locale-dinsertion-epinay-38946',Accompagnement à l'emploi,
SFM AD (Solidarite Formation Mobilisation Accueil et développement) Agence locale d'insertion Villetaneuse,'https://soliguide.fr/fr/fiche/sfm-ad-solidarite-formation-mobilisation-accueil-et-developpement-agence-locale-dinsertion-villetaneuse-38947',Accompagnement à l'emploi,Accompagnement à l’emploi
Association P2i,'https://soliguide.fr/fr/fiche/association-p2i-mediation-sociale-mairie-annexe-du-champy-noisy-le-grand-12073',Point d'information,
Association P2i,'https://soliguide.fr/fr/fiche/association-p2i-mediation-sociale-mairie-annexe-du-champy-noisy-le-grand-12073',Écrivain public,
Association P2i,'https://soliguide.fr/fr/fiche/association-p2i-mediation-sociale-mairie-annexe-du-champy-noisy-le-grand-12073',Atelier numérique,Aucun service adapté
Permanences de l'Association P2i au LCR Pré aux Grillons,'https://soliguide.fr/fr/fiche/permanences-de-lassociation-p2i-au-lcr-pre-aux-grillons-38967',Activités diverses,
Permanences de l'Association P2i au LCR Pré aux Grillons,'https://soliguide.fr/fr/fiche/permanences-de-lassociation-p2i-au-lcr-pre-aux-grillons-38967',Atelier cuisine,Atelier de cuisine
Permanences de l'Association P2i au LCR Pré aux Grillons,'https://soliguide.fr/fr/fiche/permanences-de-lassociation-p2i-au-lcr-pre-aux-grillons-38967',Activités diverses,
Permanences de l'Association P2i au LCR Pré aux Grillons,'https://soliguide.fr/fr/fiche/permanences-de-lassociation-p2i-au-lcr-pre-aux-grillons-38967',Activités diverses,
Permanences de l'Association P2i au LCR Pré aux Grillons,'https://soliguide.fr/fr/fiche/permanences-de-lassociation-p2i-au-lcr-pre-aux-grillons-38967',Bien-être,
Permanences de l'Association P2i à la Maison pour Tous du Champy,'https://soliguide.fr/fr/fiche/mediation-sociale-association-p2i-noisy-le-grand-12060',Point d'information,
Centre Municipal de Santé (CMS) Colette Coulon,'https://soliguide.fr/fr/fiche/centre-municipal-de-sante-colette-coulon-stains-8367',Soins enfants,Pédiatrie
Centre Municipal de Santé (CMS) Colette Coulon,'https://soliguide.fr/fr/fiche/centre-municipal-de-sante-colette-coulon-stains-8367',Ostéopathie,
Centre Municipal de Santé (CMS) Colette Coulon,'https://soliguide.fr/fr/fiche/centre-municipal-de-sante-colette-coulon-stains-8367',Gastro-entérologie,
Centre Municipal de Santé (CMS) Colette Coulon,'https://soliguide.fr/fr/fiche/centre-municipal-de-sante-colette-coulon-stains-8367',Suivi grossesse,Suivi Grossesse
Centre de Psychopathologie de l'enfant et de l'adolescent de Montreuil,'https://soliguide.fr/fr/fiche/cmp-cattp-enfants-et-adolescents-montreuil-40056',Accompagnement social,
Centre de Psychopathologie de l'enfant et de l'adolescent de Montreuil,'https://soliguide.fr/fr/fiche/cmp-cattp-enfants-et-adolescents-montreuil-40056',Activités diverses,
CMP enfants et adolescents - Aubervilliers,'https://soliguide.fr/fr/fiche/cmp-enfants-et-adolescents-aubervilliers-9934',Orthophonie,
Centre Polyvalent de Santé Aimé Césaire,'https://soliguide.fr/fr/fiche/centre-polyvalent-de-sante-aime-cesaire-bobigny-8362',Infirmerie,
Centre Polyvalent de Santé Aimé Césaire,'https://soliguide.fr/fr/fiche/centre-polyvalent-de-sante-aime-cesaire-bobigny-8362',Vaccination,
Centre Polyvalent de Santé Aimé Césaire,'https://soliguide.fr/fr/fiche/centre-polyvalent-de-sante-aime-cesaire-bobigny-8362',Radiologie,radiologie
point-justice de Montreuil Centre-Ville,'https://soliguide.fr/fr/fiche/point-acces-aux-droits-de-montreuil-centre-ville-2778',Permanence juridique,Conseil administratif
Centre municipal de santé pluridisciplinaire (CMSP) Docteur Kaplan,'https://soliguide.fr/fr/fiche/centre-municipal-de-sante-fernand-lamaze-le-blanc-mesnil-8297',Gynécologie,
Centre municipal de santé pluridisciplinaire (CMSP) Docteur Kaplan,'https://soliguide.fr/fr/fiche/centre-municipal-de-sante-fernand-lamaze-le-blanc-mesnil-8297',Endocrinologie,
Centre municipal de santé pluridisciplinaire (CMSP) Docteur Kaplan,'https://soliguide.fr/fr/fiche/centre-municipal-de-sante-fernand-lamaze-le-blanc-mesnil-8297',Nutrition,
Centre municipal de santé pluridisciplinaire (CMSP) Docteur Kaplan,'https://soliguide.fr/fr/fiche/centre-municipal-de-sante-fernand-lamaze-le-blanc-mesnil-8297',Vaccination,
Centre municipal de santé pluridisciplinaire (CMSP) Pierre Rouquès,'https://soliguide.fr/fr/fiche/centre-municipal-de-sante-pierre-rouques-le-blanc-mesnil-8294',Nutrition,
Centre Municipal de Santé (CMS) Henri Tauleigne,'https://soliguide.fr/fr/fiche/centre-municipal-de-sante-henri-tauleigne-bondy-8348',Cardiologie,
Centre Municipal de Santé Bauer,'https://soliguide.fr/fr/fiche/centre-municipal-de-sante-bauer-saint-ouen-7154',Pédicure,
Centre Municipal de Santé Bauer,'https://soliguide.fr/fr/fiche/centre-municipal-de-sante-bauer-saint-ouen-7154',Soins enfants,
Centre Municipal de Santé (CMS) Rue Saint-Denis,'https://soliguide.fr/fr/fiche/centre-municipal-de-sante-saint-denis-saint-ouen-7155',Soins enfants,
Centre Municipal de Santé Henri Barbusse,'https://soliguide.fr/fr/fiche/centre-municipal-de-sante-henri-barbusse-saint-ouen-7193',Soins enfants,
Centre Municipal de Santé Fernand Goulène,'https://soliguide.fr/fr/fiche/centre-municipal-de-sante-fernand-goulene-noisy-le-sec-8307',Psychologie,
Centre Municipal de Santé (CMS) Isabet,'https://soliguide.fr/fr/fiche/centre-municipal-de-sante-cornet-pantin-8342',Nutrition,
Centre Municipal de Santé  (CMS) Ténine,'https://soliguide.fr/fr/fiche/centre-municipal-de-sante-tenine-pantin-8343',Cardiologie,
Centre Municipal de Santé  (CMS) Ténine,'https://soliguide.fr/fr/fiche/centre-municipal-de-sante-tenine-pantin-8343',Nutrition,
Centre Municipal de Santé  (CMS) Ténine,'https://soliguide.fr/fr/fiche/centre-municipal-de-sante-tenine-pantin-8343',Phlébologie,
Centre Municipal de Santé (CMS) Sainte-Marguerite,'https://soliguide.fr/fr/fiche/centre-municipal-de-sante-sainte-marguerite-pantin-8345',Cardiologie,
Centre Municipal de Santé (CMS) Sainte-Marguerite,'https://soliguide.fr/fr/fiche/centre-municipal-de-sante-sainte-marguerite-pantin-8345',Dentaire,
Centre Municipal de Santé (CMS) Sainte-Marguerite,'https://soliguide.fr/fr/fiche/centre-municipal-de-sante-sainte-marguerite-pantin-8345',Nutrition,
Centre Municipal de Santé (CMS) Sainte-Marguerite,'https://soliguide.fr/fr/fiche/centre-municipal-de-sante-sainte-marguerite-pantin-8345',Kinésithérapie,
Centre Municipal de Santé (CMS) Sainte-Marguerite,'https://soliguide.fr/fr/fiche/centre-municipal-de-sante-sainte-marguerite-pantin-8345',Soins enfants,
La Maison des Initiatives et de la Citoyenneté,'https://soliguide.fr/fr/fiche/la-maison-des-initiatives-et-de-la-citoyennete-ile-saint-denis-7174',Conseil logement,"ERREUR API : Expecting ',' delimiter: line 5 column 32 (char 93)"
La Maison des Initiatives et de la Citoyenneté,'https://soliguide.fr/fr/fiche/la-maison-des-initiatives-et-de-la-citoyennete-ile-saint-denis-7174',Conseil aux parents,"ERREUR API : Expecting ',' delimiter: line 5 column 32 (char 93)"
La Maison des Initiatives et de la Citoyenneté,'https://soliguide.fr/fr/fiche/la-maison-des-initiatives-et-de-la-citoyennete-ile-saint-denis-7174',Cours de français,
La Maison des Initiatives et de la Citoyenneté,'https://soliguide.fr/fr/fiche/la-maison-des-initiatives-et-de-la-citoyennete-ile-saint-denis-7174',Garde d'enfants,"ERREUR API : Expecting ',' delimiter: line 5 column 32 (char 93)"
Pôle Municipal de Santé,'https://soliguide.fr/fr/fiche/pole-municipal-de-sante-tremblay-en-france-8311',Dermatologie,
Pôle Municipal de Santé,'https://soliguide.fr/fr/fiche/pole-municipal-de-sante-tremblay-en-france-8311',Gynécologie,
Pôle Municipal de Santé,'https://soliguide.fr/fr/fiche/pole-municipal-de-sante-tremblay-en-france-8311',Cardiologie,
Centre Municipal de Santé (CMS) La Plaine,'https://soliguide.fr/fr/fiche/centre-municipal-de-sante-plaine-saint-denis-8220',Nutrition,"ERREUR API : Expecting ',' delimiter: line 5 column 32 (char 93)"
Centre Municipal de Santé (CMS) La Plaine,'https://soliguide.fr/fr/fiche/centre-municipal-de-sante-plaine-saint-denis-8220',Accompagnement social,"ERREUR API : Expecting ',' delimiter: line 5 column 32 (char 93)"
Centre Municipal de Santé (CMS) Les Moulins,'https://soliguide.fr/fr/fiche/centre-municipal-de-sante-les-moulins-saint-denis-8219',Accompagnement social,"ERREUR API : Expecting ',' delimiter: line 5 column 32 (char 93)"
Centre Municipal de Santé (CMS) Les Moulins,'https://soliguide.fr/fr/fiche/centre-municipal-de-sante-les-moulins-saint-denis-8219',Gynécologie,
Centre Municipal de Santé (CMS) Les Moulins,'https://soliguide.fr/fr/fiche/centre-municipal-de-sante-les-moulins-saint-denis-8219',Psychologie,
Maison de Justice et du Droit d'Epinay-sur-Seine,'https://soliguide.fr/fr/fiche/la-maison-de-la-justice-et-du-droit-epinay-sur-seine-2822',Écrivain public,"ERREUR API : Expecting ',' delimiter: line 5 column 32 (char 93)"
Centre Municipal de Santé (CMS) Le Cygne,'https://soliguide.fr/fr/fiche/centre-municipal-de-sante-cygne-saint-denis-8217',Accompagnement social,"ERREUR API : Expecting ',' delimiter: line 5 column 32 (char 93)"
Centre Municipal de Santé (CMS) Le Cygne,'https://soliguide.fr/fr/fiche/centre-municipal-de-sante-cygne-saint-denis-8217',Psychologie,
Centre Municipal de Santé (CMS) Le Cygne,'https://soliguide.fr/fr/fiche/centre-municipal-de-sante-cygne-saint-denis-8217',Nutrition,"ERREUR API : Expecting ',' delimiter: line 5 column 32 (char 93)"
Centre Municipal de Santé (CMS) Corentin Celton,'https://soliguide.fr/fr/fiche/centre-municipal-de-sante-corentin-celton-drancy-8351',Psychologie,
France Services de villetaneuse -Maison Commune-Espace Numerique,'https://soliguide.fr/fr/fiche/service-tranquillite-publique-et-acces-aux-droits-villetaneuse-2850',Accompagnement social,
"La Maison du droit et de la médiation ""Gisèle Halimi""",'https://soliguide.fr/fr/fiche/la-maison-du-droit-et-de-la-mediation-stains-2859',Permanence juridique,"ERREUR API : Expecting ',' delimiter: line 5 column 32 (char 93)"
"La Maison du droit et de la médiation ""Gisèle Halimi""",'https://soliguide.fr/fr/fiche/la-maison-du-droit-et-de-la-mediation-stains-2859',Accompagnement social,Médecin généraliste
"La Maison du droit et de la médiation ""Gisèle Halimi""",'https://soliguide.fr/fr/fiche/la-maison-du-droit-et-de-la-mediation-stains-2859',Permanence juridique,Conseil administratif
"La Maison du droit et de la médiation ""Gisèle Halimi""",'https://soliguide.fr/fr/fiche/la-maison-du-droit-et-de-la-mediation-stains-2859',Permanence juridique,Conseil administratif
Centre Municipal de Santé Léo Lagrange,'https://soliguide.fr/fr/fiche/centre-municipal-de-sante-leo-lagrange-montreuil-7241',Nutrition,nutrition
Centre Municipal de Santé Léo Lagrange,'https://soliguide.fr/fr/fiche/centre-municipal-de-sante-leo-lagrange-montreuil-7241',Accompagnement social,gynécologie
Centre Municipal de Santé (CMS) Savattero,'https://soliguide.fr/fr/fiche/centre-municipal-de-sante-savattero-montreuil-7240',Accompagnement social,gynécologie
Centre Municipal de Santé (CMS) Savattero,'https://soliguide.fr/fr/fiche/centre-municipal-de-sante-savattero-montreuil-7240',Gynécologie,Aucun service adapté
Maternité de l'hôpital André Grégoire,'https://soliguide.fr/fr/fiche/pmi-hospitaliere-andre-gregoire-montreuil-6995',Gynécologie,gynécologie
Maternité de l'hôpital André Grégoire,'https://soliguide.fr/fr/fiche/pmi-hospitaliere-andre-gregoire-montreuil-6995',Suivi grossesse,Suivi Grossesse
Maternité de l'hôpital André Grégoire,'https://soliguide.fr/fr/fiche/pmi-hospitaliere-andre-gregoire-montreuil-6995',Gynécologie,gynécologie
Centre Socioculturel des Hauts de Gagny,'https://soliguide.fr/fr/fiche/centre-socioculturel-des-hauts-de-gagny-2951',Garde d'enfants,Activités diverses
Maison de quartier Franc Moisin - Bel Air - Stade de France,'https://soliguide.fr/fr/fiche/maison-de-quartier-franc-moisin-bel-air-stade-de-france-saint-denis-3041',Conseil aux parents,Accompagnement social
Mission Locale Paris Terres d'Envol - Antenne du Bourget,'https://soliguide.fr/fr/fiche/mission-locale-du-bourget-40114',Accompagnement à l'emploi,
Mission Locale Paris Terres d'Envol - Antenne de Dugny,'https://soliguide.fr/fr/fiche/mission-locale-de-dugny-40115',Accompagnement à l'emploi,
Maison de quartier 100 Hoche,'https://soliguide.fr/fr/fiche/maison-de-quartier-100-hoche-montreuil-12084',Accompagnement social,Conseil administratif
Association Danton Coeur,'https://soliguide.fr/fr/fiche/dantoncoeur-drancy-12114',Accompagnement à l'emploi,Insertion par l’Activité Économique
Association des Femmes Relais et Médiateurs Interculturels d'Aulnay-Sous-Bois - Réseau ANDES,'https://soliguide.fr/fr/fiche/association-des-femmes-relais-et-mediateurs-interculturels-aulnay-sous-bois-3387',Épicerie sociale et solidaire,
Epicerie Solidaire - Association Aurore,'https://soliguide.fr/fr/fiche/epicerie-solidaire-aurore-montreuil-11844',Conseil budget,
Régie de quartier de Saint-Denis,'https://soliguide.fr/fr/fiche/regie-de-quartier-de-saint-denis-15644',Magasin solidaire,Boutique Solidaire
PMI Président Wilson,'https://soliguide.fr/fr/fiche/pmi-president-wilson-40149',Suivi grossesse,
PMI Président Wilson,'https://soliguide.fr/fr/fiche/pmi-president-wilson-40149',Soins enfants,
PMI Paul Vaillant Couturier,'https://soliguide.fr/fr/fiche/pmi-paul-vaillant-couturier-40150',Suivi grossesse,
PMI Paul Vaillant Couturier,'https://soliguide.fr/fr/fiche/pmi-paul-vaillant-couturier-40150',Soins enfants,
Maison de quartier Romain Rolland,'https://soliguide.fr/fr/fiche/maison-de-quartier-romain-rolland-saint-denis-5219',Atelier numérique,
Maison de quartier Sohane - France Services,'https://soliguide.fr/fr/fiche/maison-de-quartier-sohane-bondy-7167',Cours de français,Activités diverses
EMPP Rivages,'https://soliguide.fr/fr/fiche/empp-estim93-copie-saint-denis-35106',Activités diverses,Accompagnement social
La Passerelle - Point d'Information Jeunesse et Lieu d'Ecoute Santé,'https://soliguide.fr/fr/fiche/la-passerelle-point-information-jeunesse-et-lieu-d-ecoute-sante-stains-10635',Atelier numérique,
La Passerelle - Point d'Information Jeunesse et Lieu d'Ecoute Santé,'https://soliguide.fr/fr/fiche/la-passerelle-point-information-jeunesse-et-lieu-d-ecoute-sante-stains-10635',Accompagnement social,
La Passerelle - Point d'Information Jeunesse et Lieu d'Ecoute Santé,'https://soliguide.fr/fr/fiche/la-passerelle-point-information-jeunesse-et-lieu-d-ecoute-sante-stains-10635',Psychologie,
Centre Social Louise Michel,'https://soliguide.fr/fr/fiche/centre-social-louise-michel-neuilly-sur-marne-7159',Accompagnement à l'emploi,Activités diverses
Secours Catholique  de Rosny-sous-Bois,'https://soliguide.fr/fr/fiche/secours-catholique-de-rosny-sous-bois-3016',Douche,
Secours Catholique  de Rosny-sous-Bois,'https://soliguide.fr/fr/fiche/secours-catholique-de-rosny-sous-bois-3016',Distribution de repas,
point-justice du Centre Administratif et Social Fernand Lefort de Saint-Ouen,'https://soliguide.fr/fr/fiche/point-acces-au-droit-saint-ouen-4720',Point d'information,
point-justice de Drancy,'https://soliguide.fr/fr/fiche/point-acces-aux-droits-drancy-2764',Point d'information,
point-justice de la Maison du droit de Noisy-le-Grand,'https://soliguide.fr/fr/fiche/maison-du-droit-de-noisy-le-grand-5816',Point d'information,
point-justice de la Maison du droit de Noisy-le-Grand,'https://soliguide.fr/fr/fiche/maison-du-droit-de-noisy-le-grand-5816',Écrivain public,
point-justice du Pré Saint-Gervais,'https://soliguide.fr/fr/fiche/point-acces-aux-droits-le-pre-saint-gervais-2702',Point d'information,
Maison de Justice et du Droit de Saint-Denis,'https://soliguide.fr/fr/fiche/maison-de-justice-et-du-droit-de-saint-denis-5212',Point d'information,
Maison de Justice et du Droit de La Courneuve,'https://soliguide.fr/fr/fiche/maison-de-la-justice-et-du-droit-de-la-courneuve-aubervilliers-3068',Point d'information,Point d'information et d’orientation
Maison de  Justice et du Droit d'Aubervilliers,'https://soliguide.fr/fr/fiche/maison-de-justice-et-du-droit-aubervilliers-3022',Point d'information,
Maison de Justice et du Droit de Pantin,'https://soliguide.fr/fr/fiche/maison-de-la-justice-et-du-droit-de-pantin-2886',Point d'information,
Maison de Justice et du Droit de Clichy-sous-Bois,'https://soliguide.fr/fr/fiche/maison-de-la-justice-et-du-droit-de-clichy-sous-bois-montfermeil-2824',Point d'information,
Maison de Justice et du Droit d'Epinay-sur-Seine,'https://soliguide.fr/fr/fiche/la-maison-de-la-justice-et-du-droit-epinay-sur-seine-2822',Point d'information,
point-justice de Montreuil Centre-Ville,'https://soliguide.fr/fr/fiche/point-acces-aux-droits-de-montreuil-centre-ville-2778',Point d'information,
point-justice de Livry-Gargan,'https://soliguide.fr/fr/fiche/point-acces-aux-droits-livry-gargan-2750',Point d'information,
Maison du Centre MC2,'https://soliguide.fr/fr/fiche/maison-du-centre-mc2-33893',Accompagnement à l'emploi,Accompagnement à l’emploi
Permanence CIDFF - Ghett'Up,'https://soliguide.fr/fr/fiche/permanence-cidff-ghettup-40676',Accompagnement à l'emploi,Accompagnement à l’emploi
Agence Locale d'Insertion - Neuilly Sur Marne/Neuilly Plaisance/Gagny - Germinal,'https://soliguide.fr/fr/fiche/agence-locale-dinsertion-neuilly-sur-marneneuilly-plaisancegagny-germinal-40684',Accompagnement à l'emploi,
Agence Locale d'Insertion - Noisy Le Grand/ Gournay - Germinal,'https://soliguide.fr/fr/fiche/agence-locale-dinsertion-noisy-le-grand-gournay-germinal-40685',Accompagnement à l'emploi,
Centre Social et Culturel la Fosse aux Fraises,'https://soliguide.fr/fr/fiche/centre-social-et-culturel-la-fosse-aux-fraises-bagnolet-2976',Cours de français,
Cop 1 - Solidarités Etudiantes Aubervilliers,'https://soliguide.fr/fr/fiche/cop-1-solidarites-etudiantes-auvervilliers-40874',Colis alimentaire,Épicerie sociale et solidaire
point-justice de Drancy,'https://soliguide.fr/fr/fiche/point-acces-aux-droits-drancy-2764',Permanence juridique,Aucun service adapté
Centre Municipal de Santé (CMS) Salvador Allende,'https://soliguide.fr/fr/fiche/centre-municipal-de-sante-salvador-allende-la-courneuve-5392',Accompagnement social,"PASS n'est pas dans la liste, mais cela correspond à un accompagnement social et à des consultations médicales, donc Accompagnement social et Médecin généraliste, mais comme il faut choisir un seul service, je choisis : Accompagnement social"
Agence Locale d'Insertion (ALI) - Saint-Ouen / L'Île Saint-Denis - Bimbamjob / ARES,'https://soliguide.fr/fr/fiche/agence-locale-dinsertion-saint-ouen-lile-saint-denis-bimbamjob-41424',Accompagnement à l'emploi,Accompagnement à l’emploi
SOS Femmes 93  - Lieu d'Accueil et d'Orientation,'https://soliguide.fr/fr/fiche/sos-femmes-93-lieu-accueil-et-d-orientation-bondy-2789',Point d'information,Accueil de jour
Service de Santé des Etudiants (SSE) - Université Paris 8,'https://soliguide.fr/fr/fiche/service-de-sante-des-etudiants-sse-universite-paris-8-41741',Généraliste,
Service de Santé des Etudiants (SSE) - Université Paris 8,'https://soliguide.fr/fr/fiche/service-de-sante-des-etudiants-sse-universite-paris-8-41741',Infirmerie,
Service de Santé des Etudiants (SSE) - Université Paris 8,'https://soliguide.fr/fr/fiche/service-de-sante-des-etudiants-sse-universite-paris-8-41741',Nutrition,nutrition
Pôle d'Accompagnement Social aux Etudiants de l'Université Paris 8,'https://soliguide.fr/fr/fiche/pole-daccompagnement-social-aux-etudiants-de-luniversite-paris-8-41743',Accompagnement social,Conseil administratif
Pôle d'Accompagnement Social aux Etudiants de l'Université Paris 8,'https://soliguide.fr/fr/fiche/pole-daccompagnement-social-aux-etudiants-de-luniversite-paris-8-41743',Conseil budget,Bon/chèque alimentaire
Pôle d'Accompagnement Social aux Etudiants de l'Université Paris 8,'https://soliguide.fr/fr/fiche/pole-daccompagnement-social-aux-etudiants-de-luniversite-paris-8-41743',Ordinateur,Atelier numérique
Pôle d'Accompagnement Social aux Etudiants de l'Université Paris 8,'https://soliguide.fr/fr/fiche/pole-daccompagnement-social-aux-etudiants-de-luniversite-paris-8-41743',Accompagnement social,Conseil administratif
360 Degrés Sud,'https://soliguide.fr/fr/fiche/repas-solidaire-antigaspi-360-sud-clichy-sous-bois-15597',Colis alimentaire,Épicerie sociale et solidaire
Permanence d'Accès aux Soins de Santé (PASS) de ville - Montreuil,'https://soliguide.fr/fr/fiche/permanence-dacces-aux-soins-de-sante-pass-de-ville-montreuil-42031',Généraliste,
Permanence d'Accès aux Soins de Santé (PASS) de ville Pierre-Rouquès - Le Blanc-Mesnil,'https://soliguide.fr/fr/fiche/permanence-dacces-aux-soins-de-sante-pass-de-ville-le-blanc-mesnil-42033',Généraliste,
Permanence d'Accès aux Soins de Santé (PASS) de ville Henri Barbusse - Saint-Denis,'https://soliguide.fr/fr/fiche/permanence-dacces-aux-soins-de-sante-pass-de-ville-saint-denis-42035',Généraliste,
Permanence d'Accès aux Soins de Santé (PASS) de ville - Aubervilliers,'https://soliguide.fr/fr/fiche/permanence-dacces-aux-soins-de-sante-pass-de-ville-aubervilliers-42036',Généraliste,
Permanence d'Accès aux Soins de Santé (PASS) de ville - La Courneuve,'https://soliguide.fr/fr/fiche/permanence-dacces-aux-soins-de-sante-pass-de-ville-la-courneuve-42038',Généraliste,
Permanence d'Accès aux Soins de Santé (PASS) de ville - Stains,'https://soliguide.fr/fr/fiche/permanence-dacces-aux-soins-de-sante-pass-de-ville-stains-42041',Généraliste,
Permanence d'Accès aux Soins de Santé (PASS) de ville - Livry-Gargan,'https://soliguide.fr/fr/fiche/permanence-dacces-aux-soins-de-sante-pass-de-ville-livry-gargan-42043',Accompagnement social,Conseil administratif
Permanence d'Accès aux Soins de Santé (PASS) de ville - Livry-Gargan,'https://soliguide.fr/fr/fiche/permanence-dacces-aux-soins-de-sante-pass-de-ville-livry-gargan-42043',Généraliste,
Permanence d'Accès aux Soins de Santé (PASS) de ville - Tremblay-en-France,'https://soliguide.fr/fr/fiche/permanence-dacces-aux-soins-de-sante-pass-de-ville-tremblay-en-france-42047',Accompagnement social,Conseil administratif
Permanence d'Accès aux Soins de Santé (PASS) de ville - Tremblay-en-France,'https://soliguide.fr/fr/fiche/permanence-dacces-aux-soins-de-sante-pass-de-ville-tremblay-en-france-42047',Généraliste,
Permanence d'Accès aux Soins de Santé (PASS) de ville - Pierrefitte-sur-Seine,'https://soliguide.fr/fr/fiche/permanence-dacces-aux-soins-de-sante-pass-de-ville-pierrefitte-sur-seine-42050',Accompagnement social,Conseil administratif
Permanence d'Accès aux Soins de Santé (PASS) de ville - Pierrefitte-sur-Seine,'https://soliguide.fr/fr/fiche/permanence-dacces-aux-soins-de-sante-pass-de-ville-pierrefitte-sur-seine-42050',Généraliste,
Bus Santé - Noisy-le-Sec,'https://soliguide.fr/fr/fiche/bus-sante-noisy-le-sec-42365',Généraliste,Médecin généraliste
Bus Santé - Noisy-le-Sec,'https://soliguide.fr/fr/fiche/bus-sante-noisy-le-sec-42365',Infirmerie,Soins infirmiers
Bus Santé - Noisy-le-Sec,'https://soliguide.fr/fr/fiche/bus-sante-noisy-le-sec-42365',Accompagnement social,Conseil administratif
LAbri,'https://soliguide.fr/fr/fiche/labri-42366',Psychologie,Permanence juridique
Centre de Soins d'Accompagnement et de Prévention en Addictologie (CSAPA) - Le Corbillon,'https://soliguide.fr/fr/fiche/csapa-le-corbillon-centre-de-soins-daccompagnement-et-de-prevention-en-addictologie-42440',Addiction,
Koezion,'https://soliguide.fr/fr/fiche/koezion-42447',Accompagnement à l'emploi,Accompagnement à l’emploi
Koezion,'https://soliguide.fr/fr/fiche/koezion-42447',Conseil administratif,Accompagnement à l’emploi
Koezion,'https://soliguide.fr/fr/fiche/koezion-42447',Activités sportives,
Koezion,'https://soliguide.fr/fr/fiche/koezion-42447',Activités sportives,
Koezion,'https://soliguide.fr/fr/fiche/koezion-42447',Activités sportives,
Koezion,'https://soliguide.fr/fr/fiche/koezion-42447',Aide à la mobilité,Aucun service adapté
Permanence d'Accès aux Soins de Santé (PASS) de ville Le Cygne - Saint-Denis,'https://soliguide.fr/fr/fiche/permanence-dacces-aux-soins-de-sante-pass-de-ville-le-cygne-saint-denis-42450',Accompagnement social,Ouverture de droits de santé
Permanence d'Accès aux Soins de Santé (PASS) de ville Le Cygne - Saint-Denis,'https://soliguide.fr/fr/fiche/permanence-dacces-aux-soins-de-sante-pass-de-ville-le-cygne-saint-denis-42450',Généraliste,
Permanence d'Accès aux Soins de Santé (PASS) de ville Les Moulins - Saint-Denis,'https://soliguide.fr/fr/fiche/permanence-dacces-aux-soins-de-sante-pass-de-ville-les-moulins-saint-denis-42451',Accompagnement social,Ouverture de droits de santé
Permanence d'Accès aux Soins de Santé (PASS) de ville Les Moulins - Saint-Denis,'https://soliguide.fr/fr/fiche/permanence-dacces-aux-soins-de-sante-pass-de-ville-les-moulins-saint-denis-42451',Généraliste,
Permanence d'Accès aux Soins de Santé (PASS) de ville La Plaine - Saint-Denis,'https://soliguide.fr/fr/fiche/permanence-dacces-aux-soins-de-sante-pass-de-ville-la-plaine-saint-denis-42452',Accompagnement social,Ouverture de droits de santé
Permanence d'Accès aux Soins de Santé (PASS) de ville La Plaine - Saint-Denis,'https://soliguide.fr/fr/fiche/permanence-dacces-aux-soins-de-sante-pass-de-ville-la-plaine-saint-denis-42452',Généraliste,
Centre socio-culturel Nelson Mandela,'https://soliguide.fr/fr/fiche/centre-socio-culturel-nelson-mandela-40678',Psychologie,Permanence juridique
Espace Joséphine Baker,'https://soliguide.fr/fr/fiche/espace-josephine-baker-42557',Activités diverses,
Permanence d'Accès aux Soins de Santé (PASS) de ville Isabet - Pantin,'https://soliguide.fr/fr/fiche/permanence-dacces-aux-soins-de-sante-pass-de-ville-isabet-pantin-42558',Accompagnement social,Ouverture de droits de santé
Permanence d'Accès aux Soins de Santé (PASS) de ville Isabet - Pantin,'https://soliguide.fr/fr/fiche/permanence-dacces-aux-soins-de-sante-pass-de-ville-isabet-pantin-42558',Généraliste,
Permanence d'Accès aux Soins de Santé (PASS) de ville Sainte-Marguerite - Pantin,'https://soliguide.fr/fr/fiche/permanence-dacces-aux-soins-de-sante-pass-de-ville-sainte-marguerite-pantin-42559',Accompagnement social,Ouverture de droits de santé
Permanence d'Accès aux Soins de Santé (PASS) de ville Sainte-Marguerite - Pantin,'https://soliguide.fr/fr/fiche/permanence-dacces-aux-soins-de-sante-pass-de-ville-sainte-marguerite-pantin-42559',Généraliste,
Permanence d'Accès aux Soins de Santé (PASS) de ville Ténine - Pantin,'https://soliguide.fr/fr/fiche/permanence-dacces-aux-soins-de-sante-pass-de-ville-tenine-pantin-42560',Accompagnement social,Ouverture de droits de santé
Permanence d'Accès aux Soins de Santé (PASS) de ville Ténine - Pantin,'https://soliguide.fr/fr/fiche/permanence-dacces-aux-soins-de-sante-pass-de-ville-tenine-pantin-42560',Généraliste,
VRAC Plaine Commune - Aubervilliers,'https://soliguide.fr/fr/fiche/vrac-plaine-commune-aubervilliers-42570',Activités diverses,Atelier de cuisine
VRAC Plaine Commune - Stains,'https://soliguide.fr/fr/fiche/vrac-plaine-commune-stains-42573',Activités diverses,Épicerie sociale et solidaire
VRAC Plaine Commune - Saint-Denis,'https://soliguide.fr/fr/fiche/vrac-plaine-commune-saint-denis-42575',Activités diverses,Épicerie sociale et solidaire
Maison du Centre MC2,'https://soliguide.fr/fr/fiche/maison-du-centre-mc2-33893',Cours de français,
Maison du Centre MC2,'https://soliguide.fr/fr/fiche/maison-du-centre-mc2-33893',Atelier numérique,
Maison du Centre MC2,'https://soliguide.fr/fr/fiche/maison-du-centre-mc2-33893',Espace famille,Espace familles
Centre socio-culturel Félix Merlin,'https://soliguide.fr/fr/fiche/centre-socio-culturel-felix-merlin-40683',Écrivain public,Conseil administratif
Centre socio-culturel Félix Merlin,'https://soliguide.fr/fr/fiche/centre-socio-culturel-felix-merlin-40683',Écrivain public,Conseil administratif
Espace Joséphine Baker,'https://soliguide.fr/fr/fiche/espace-josephine-baker-42557',Permanence juridique,Conseil administratif
CCAS de Romainville,'https://soliguide.fr/fr/fiche/ccas-de-romainville-5060',Distribution de bon/chèque alimentaire,Bon/chèque alimentaire
Episol du Bourget - Réseau Andes,'https://soliguide.fr/fr/fiche/episol-du-bourget-le-bourget-11277',Colis bébé,Épicerie sociale et solidaire
Centre Social Grand Air - Antenne  Jeunesse Bel Pêche,'https://soliguide.fr/fr/fiche/antenne-bel-peche-montreuil-2987',Atelier cuisine,Atelier de cuisine
Association Nénuphar,'https://soliguide.fr/fr/fiche/association-nenuphar-pantin-3373',Atelier cuisine,Atelier de cuisine
Centre Social Arc-en-Ciel,'https://soliguide.fr/fr/fiche/centre-social-arc-en-ciel-dugny-9844',Atelier cuisine,Atelier de cuisine
Centre Socioculturel Coopératif  Le 110,'https://soliguide.fr/fr/fiche/centre-socioculturel-cooperatif-le-100-saint-denis-12225',Atelier cuisine,Atelier de cuisine
Collectif Aclefeu,'https://soliguide.fr/fr/fiche/collectif-ac-le-feu-clichy-sous-bois-12125',Atelier cuisine,Atelier de cuisine
Divers Cités Cultures (D2C),'https://soliguide.fr/fr/fiche/divers-cites-cultures-d2c-sevran-2996',Atelier cuisine,Atelier de cuisine
Espace Mikado,'https://soliguide.fr/fr/fiche/espace-mikado-tremblay-en-france-11482',Atelier cuisine,Atelier de cuisine
La Contremarque,'https://soliguide.fr/fr/fiche/la-contremarque-38110',Atelier cuisine,Atelier de cuisine
La Petite Ruche - Réseau Andes,'https://soliguide.fr/fr/fiche/la-petite-ruche-34630',Atelier cuisine,Atelier de cuisine
Secours Catholique de Bondy,'https://soliguide.fr/fr/fiche/secours-catholique-de-bondy-3435',Atelier cuisine,Atelier de cuisine
FaSol,'https://soliguide.fr/fr/fiche/fasol-43199',Activités diverses,
FaSol,'https://soliguide.fr/fr/fiche/fasol-43199',Écrivain public,
Maison de quartier 100 Hoche,'https://soliguide.fr/fr/fiche/maison-de-quartier-100-hoche-montreuil-12084',Atelier cuisine,Atelier de cuisine
Secours Catholique de Sevran,'https://soliguide.fr/fr/fiche/secours-catholique-de-sevran-3428',Activités diverses,
Espace Culturel Maurice Utrillo,'https://soliguide.fr/fr/fiche/ateliers-expression-en-langue-francaise-saint-denis-2924',Activités diverses,
Fontaine à eau,'https://soliguide.fr/fr/fiche/toilettes-publiques-copie-saint-ouen-sur-seine-43533',Fontaine à eau,
Fontaine à eau,'https://soliguide.fr/fr/fiche/toilettes-publiques-copie-saint-denis-43534',Fontaine à eau,
Fontaine à eau,'https://soliguide.fr/fr/fiche/toilettes-publiques-copie-rosny-sous-bois-43535',Fontaine à eau,
Toilettes publiques,'https://soliguide.fr/fr/fiche/fontaine-a-eau-copie-montreuil-43536',Toilettes,
Fontaine à eau,'https://soliguide.fr/fr/fiche/toilettes-publiques-copie-montreuil-43537',Fontaine à eau,
Fontaine à eau,'https://soliguide.fr/fr/fiche/toilettes-publiques-copie-les-lilas-43538',Fontaine à eau,
Fontaine à eau,'https://soliguide.fr/fr/fiche/toilettes-publiques-copie-le-bourget-43539',Fontaine à eau,
Fontaine à eau,'https://soliguide.fr/fr/fiche/toilettes-publiques-copie-bobigny-43540',Fontaine à eau,
Fontaine à eau,'https://soliguide.fr/fr/fiche/toilettes-publiques-copie-lile-saint-denis-43541',Fontaine à eau,
Fontaine à eau,'https://soliguide.fr/fr/fiche/toilettes-publiques-copie-les-lilas-43542',Fontaine à eau,
Point wifi,'https://soliguide.fr/fr/fiche/toilettes-publiques-copie-la-courneuve-43543',Wifi,
Fontaine à eau,'https://soliguide.fr/fr/fiche/toilettes-publiques-copie-la-courneuve-43544',Fontaine à eau,
Secours Catholique de Saint-Denis,'https://soliguide.fr/fr/fiche/secours-catholique-de-saint-denis-3413',Atelier numérique,
VRAC Plaine Commune - Aubervilliers,'https://soliguide.fr/fr/fiche/vrac-plaine-commune-aubervilliers-42570',Activités diverses,Épicerie sociale et solidaire
Secours Catholique d'Aulnay - cité de l'Europe,'https://soliguide.fr/fr/fiche/secours-catholique-aulnay-cite-de-europe-aulnay-sous-bois-3423',Accompagnement social,Conseil administratif
Agence Locale d'Insertion - Pantin,'https://soliguide.fr/fr/fiche/agence-locale-dinsertion-pantin-44004',Accompagnement à l'emploi,Accompagnement à l’emploi
Pantin Insertion,'https://soliguide.fr/fr/fiche/pantin-insertion-44005',Accompagnement à l'emploi,
Pantin Insertion,'https://soliguide.fr/fr/fiche/pantin-insertion-44005',Insertion par l'activité économique,
Le Refuge de Pantin,'https://soliguide.fr/fr/fiche/le-refuge-de-pantin-50',Distribution de repas,Accueil de jour
Permanence d'Accès aux Soins de Santé (PASS) de ville Docteur Kaplan  - Le Blanc-Mesnil,'https://soliguide.fr/fr/fiche/permanence-dacces-aux-soins-de-sante-pass-de-ville-fernand-lamaza-le-blanc-mesnil-44232',Accompagnement social,Ouverture de droits de santé
Permanence d'Accès aux Soins de Santé (PASS) de ville Docteur Kaplan  - Le Blanc-Mesnil,'https://soliguide.fr/fr/fiche/permanence-dacces-aux-soins-de-sante-pass-de-ville-fernand-lamaza-le-blanc-mesnil-44232',Généraliste,
Services d'Accueil et d'Urgence (SAU) - CHI Montfermeil,'https://soliguide.fr/fr/fiche/services-dacceuil-et-durgence-sau-chi-montfermeil-44234',Psychologie,
Services d'Accueil et d'Urgence (SAU) - CHI Saint-Denis,'https://soliguide.fr/fr/fiche/services-dacceuil-et-durgence-sau-chi-saint-denis-44233',Psychologie,
Services d'Accueil et d'Urgence (SAU) - CHU Avicenne,'https://soliguide.fr/fr/fiche/services-dacceuil-et-durgence-sau-chu-avicennes-44235',Psychologie,
Fontaine à eau,'https://soliguide.fr/fr/fiche/fontaine-a-eau-44340',Fontaine à eau,
Fontaine à eau,'https://soliguide.fr/fr/fiche/fontaine-a-eau-44341',Fontaine à eau,
Centre Ressources Jane Vialle - (CRJV),'https://soliguide.fr/fr/fiche/centre-ressources-meres-enfants-crjv-44493',Point d'information,
Centre Ressources Jane Vialle - (CRJV),'https://soliguide.fr/fr/fiche/centre-ressources-meres-enfants-crjv-44493',Cuisine partagée,
Centre Ressources Jane Vialle - (CRJV),'https://soliguide.fr/fr/fiche/centre-ressources-meres-enfants-crjv-44493',Atelier cuisine,Activités diverses
Centre Ressources Jane Vialle - (CRJV),'https://soliguide.fr/fr/fiche/centre-ressources-meres-enfants-crjv-44493',Magasin solidaire,Boutique Solidaire
La Cité Fertile,'https://soliguide.fr/fr/fiche/la-cite-fertile-45314',Activités sportives,Activités diverses
La Cité Fertile,'https://soliguide.fr/fr/fiche/la-cite-fertile-45314',Colis alimentaire,Aucun service adapté
CCAS de Rosny-sous-Bois,'https://soliguide.fr/fr/fiche/ccas-de-rosny-sous-bois-5061',Conseil handicap,Conseil Handicap
CCAS de Rosny-sous-Bois,'https://soliguide.fr/fr/fiche/ccas-de-rosny-sous-bois-5061',Aide à la mobilité,Allocation chèque taxi
CCAS de Rosny-sous-Bois,'https://soliguide.fr/fr/fiche/ccas-de-rosny-sous-bois-5061',Aide à la mobilité,Accompagnement à l’emploi
CCAS de Rosny-sous-Bois,'https://soliguide.fr/fr/fiche/ccas-de-rosny-sous-bois-5061',Distribution de bon/chèque alimentaire,Bon/chèque alimentaire
CCAS de Rosny-sous-Bois,'https://soliguide.fr/fr/fiche/ccas-de-rosny-sous-bois-5061',Conseil aux parents,Soutien scolaire
Action sociale Mazone,'https://soliguide.fr/fr/fiche/action-sociale-mazone-stains-11620',Point d'information,Accueil de jour
point-justice de Montreuil Centre-Ville,'https://soliguide.fr/fr/fiche/point-acces-aux-droits-de-montreuil-centre-ville-2778',Permanence juridique,Accompagnement social
Maison de Quartier Pasteur,'https://soliguide.fr/fr/fiche/maison-de-quartier-pasteur-saint-ouen-7148',Cours de français,Activités diverses
Maison de Quartier Pasteur,'https://soliguide.fr/fr/fiche/maison-de-quartier-pasteur-saint-ouen-7148',Atelier cuisine,Atelier de cuisine
Permanence RESF Les Lilas,'https://soliguide.fr/fr/fiche/permanence-resf-les-lilas-3349',Permanence juridique,
Permanence RESF Romainville,'https://soliguide.fr/fr/fiche/permanence-resf-romainville-45777',Permanence juridique,
Upromi - Neuilly-Plaisance,'https://soliguide.fr/fr/fiche/upromi-neuilly-plaisance-45840',Accompagnement à l'emploi,
Upromi - Neuilly-Plaisance,'https://soliguide.fr/fr/fiche/upromi-neuilly-plaisance-45840',Cours de français,
Epicerie Bondy Solidarités,'https://soliguide.fr/fr/fiche/epicerie-bondy-solidarites-5812',Épicerie sociale et solidaire,Colis bébé
Agence Locale d'Insertion - Neuilly Sur Marne/Neuilly Plaisance/Gagny - Germinal,'https://soliguide.fr/fr/fiche/agence-locale-dinsertion-neuilly-sur-marneneuilly-plaisancegagny-germinal-40684',Accompagnement social,
Maison des femmes de Pantin,'https://soliguide.fr/fr/fiche/maison-des-femmes-de-pantin-45956',Accompagnement à l'emploi,Accompagnement à l’emploi
Maison des femmes de Pantin,'https://soliguide.fr/fr/fiche/maison-des-femmes-de-pantin-45956',Activités diverses,
Koezion,'https://soliguide.fr/fr/fiche/koezion-42447',Colis alimentaire,Panier alimentaire
Maison pour tous Césaria Evora,'https://soliguide.fr/fr/fiche/maison-pour-tous-cesaria-evora-la-courneuve-7170',Activités diverses,
Maison pour tous Césaria Evora,'https://soliguide.fr/fr/fiche/maison-pour-tous-cesaria-evora-la-courneuve-7170',Conseil aux parents,Espace familles
Maison pour tous Césaria Evora,'https://soliguide.fr/fr/fiche/maison-pour-tous-cesaria-evora-la-courneuve-7170',Bien-être,
Circonscription de Service Social Départemental de Bondy,'https://soliguide.fr/fr/fiche/circonscription-du-service-social-departemental-de-bondy-3211',Ordinateur,
Circonscription de Service Social Départemental de Bondy,'https://soliguide.fr/fr/fiche/circonscription-du-service-social-departemental-de-bondy-3211',Wifi,
Circonscription de Service Social Départemental de Bondy,'https://soliguide.fr/fr/fiche/circonscription-du-service-social-departemental-de-bondy-3211',Conseil budget,
Circonscription de Service Social Départemental de Bondy,'https://soliguide.fr/fr/fiche/circonscription-du-service-social-departemental-de-bondy-3211',Accompagnement à l'emploi,
Circonscription du Service Social Départemental de Montfermeil/ Coubron/ Clichy-sous-Bois. Site de Clichy sous Bois,'https://soliguide.fr/fr/fiche/circonscription-du-service-social-departemental-de-clichy-sous-bois-3213',Conseil budget,
Circonscription du Service Social Départemental de Montfermeil/ Coubron/ Clichy-sous-Bois. Site de Clichy sous Bois,'https://soliguide.fr/fr/fiche/circonscription-du-service-social-departemental-de-clichy-sous-bois-3213',Accompagnement à l'emploi,
Circonscription du Service Social Départemental de Montfermeil/ Coubron/ Clichy-sous-Bois. Site de Clichy sous Bois,'https://soliguide.fr/fr/fiche/circonscription-du-service-social-departemental-de-clichy-sous-bois-3213',Ordinateur,
Circonscription du Service Social Départemental de Montfermeil/ Coubron/ Clichy-sous-Bois. Site de Clichy sous Bois,'https://soliguide.fr/fr/fiche/circonscription-du-service-social-departemental-de-clichy-sous-bois-3213',Wifi,
Circonscription de Service Social Départemental de Drancy,'https://soliguide.fr/fr/fiche/circonscription-du-service-social-departemental-de-drancy-3218',Conseil budget,
Circonscription de Service Social Départemental de Drancy,'https://soliguide.fr/fr/fiche/circonscription-du-service-social-departemental-de-drancy-3218',Accompagnement à l'emploi,
Circonscription de Service Social Départemental de Drancy,'https://soliguide.fr/fr/fiche/circonscription-du-service-social-departemental-de-drancy-3218',Ordinateur,
Circonscription de Service Social Départemental de Drancy,'https://soliguide.fr/fr/fiche/circonscription-du-service-social-departemental-de-drancy-3218',Wifi,
Circonscription du Service Social Départemental de Dugny/ Le Bourget/ Le Blanc Mesnil. Site du Blanc Mesnil.,'https://soliguide.fr/fr/fiche/circonscription-du-service-social-departemental-de-dugny-et-le-bourget-3220',Conseil budget,
Circonscription du Service Social Départemental de Dugny/ Le Bourget/ Le Blanc Mesnil. Site du Blanc Mesnil.,'https://soliguide.fr/fr/fiche/circonscription-du-service-social-departemental-de-dugny-et-le-bourget-3220',Accompagnement à l'emploi,
Circonscription du Service Social Départemental de Dugny/ Le Bourget/ Le Blanc Mesnil. Site du Blanc Mesnil.,'https://soliguide.fr/fr/fiche/circonscription-du-service-social-departemental-de-dugny-et-le-bourget-3220',Atelier numérique,
Circonscription du Service Social Départemental de Dugny/ Le Bourget/ Le Blanc Mesnil. Site du Blanc Mesnil.,'https://soliguide.fr/fr/fiche/circonscription-du-service-social-departemental-de-dugny-et-le-bourget-3220',Ordinateur,
Circonscription du Service Social Départemental de Dugny/ Le Bourget/ Le Blanc Mesnil. Site du Blanc Mesnil.,'https://soliguide.fr/fr/fiche/circonscription-du-service-social-departemental-de-dugny-et-le-bourget-3220',Wifi,
Circonscription du Service Social Départemental de Dugny/ Le Bourget/ Le Blanc Mesnil. Site du Blanc Mesnil.,'https://soliguide.fr/fr/fiche/circonscription-du-service-social-departemental-de-dugny-et-le-bourget-3220',Coffre-fort numérique,
Circonscription du Service Social Départemental d'Epinay-sur-Seine-Villetaneuse / site d'Epinay sur Seine,'https://soliguide.fr/fr/fiche/circonscription-du-service-social-departemental-epinay-sur-seine-3231',Conseil budget,
Circonscription du Service Social Départemental d'Epinay-sur-Seine-Villetaneuse / site d'Epinay sur Seine,'https://soliguide.fr/fr/fiche/circonscription-du-service-social-departemental-epinay-sur-seine-3231',Accompagnement à l'emploi,
Circonscription du Service Social Départemental d'Epinay-sur-Seine-Villetaneuse / site d'Epinay sur Seine,'https://soliguide.fr/fr/fiche/circonscription-du-service-social-departemental-epinay-sur-seine-3231',Ordinateur,
Circonscription du Service Social Départemental d'Epinay-sur-Seine-Villetaneuse / site d'Epinay sur Seine,'https://soliguide.fr/fr/fiche/circonscription-du-service-social-departemental-epinay-sur-seine-3231',Wifi,
"Circonscription du Service Social Départemental de Neuilly sur Marne, Neuilly Plaisance, Gagny",'https://soliguide.fr/fr/fiche/circonscription-du-service-social-departemental-de-gagny-neuilly-sur-marne-3232',Accompagnement à l'emploi,
"Circonscription du Service Social Départemental de Neuilly sur Marne, Neuilly Plaisance, Gagny",'https://soliguide.fr/fr/fiche/circonscription-du-service-social-departemental-de-gagny-neuilly-sur-marne-3232',Conseil budget,
"Circonscription du Service Social Départemental de Neuilly sur Marne, Neuilly Plaisance, Gagny",'https://soliguide.fr/fr/fiche/circonscription-du-service-social-departemental-de-gagny-neuilly-sur-marne-3232',Ordinateur,
"Circonscription du Service Social Départemental de Neuilly sur Marne, Neuilly Plaisance, Gagny",'https://soliguide.fr/fr/fiche/circonscription-du-service-social-departemental-de-gagny-neuilly-sur-marne-3232',Wifi,
Circonscription du Service Social Départemental de La Courneuve,'https://soliguide.fr/fr/fiche/circonscription-du-service-social-departemental-de-la-courneuve-3233',Conseil budget,
Circonscription du Service Social Départemental de La Courneuve,'https://soliguide.fr/fr/fiche/circonscription-du-service-social-departemental-de-la-courneuve-3233',Accompagnement à l'emploi,
Circonscription du Service Social Départemental de La Courneuve,'https://soliguide.fr/fr/fiche/circonscription-du-service-social-departemental-de-la-courneuve-3233',Ordinateur,
Circonscription du Service Social Départemental de La Courneuve,'https://soliguide.fr/fr/fiche/circonscription-du-service-social-departemental-de-la-courneuve-3233',Wifi,
Circonscription de Service Social Départemental du Pré-Saint-Gervais/ Les Lilas,'https://soliguide.fr/fr/fiche/circonscription-du-service-social-departemental-du-pre-saint-gervais-le-pre-saint-gervais-3239',Conseil budget,
Circonscription de Service Social Départemental du Pré-Saint-Gervais/ Les Lilas,'https://soliguide.fr/fr/fiche/circonscription-du-service-social-departemental-du-pre-saint-gervais-le-pre-saint-gervais-3239',Accompagnement à l'emploi,
Circonscription de Service Social Départemental du Pré-Saint-Gervais/ Les Lilas,'https://soliguide.fr/fr/fiche/circonscription-du-service-social-departemental-du-pre-saint-gervais-le-pre-saint-gervais-3239',Ordinateur,
Circonscription de Service Social Départemental du Pré-Saint-Gervais/ Les Lilas,'https://soliguide.fr/fr/fiche/circonscription-du-service-social-departemental-du-pre-saint-gervais-le-pre-saint-gervais-3239',Wifi,
Circonscription du Service Social Départemental de L'Ile-Saint-Denis- Saint Ouen / Site de L'Ile St Denis,'https://soliguide.fr/fr/fiche/circonscription-du-service-social-departemental-de-ile-saint-denis-3244',Conseil budget,
Circonscription du Service Social Départemental de L'Ile-Saint-Denis- Saint Ouen / Site de L'Ile St Denis,'https://soliguide.fr/fr/fiche/circonscription-du-service-social-departemental-de-ile-saint-denis-3244',Accompagnement à l'emploi,
Circonscription du Service Social Départemental de L'Ile-Saint-Denis- Saint Ouen / Site de L'Ile St Denis,'https://soliguide.fr/fr/fiche/circonscription-du-service-social-departemental-de-ile-saint-denis-3244',Ordinateur,
Circonscription du Service Social Départemental de L'Ile-Saint-Denis- Saint Ouen / Site de L'Ile St Denis,'https://soliguide.fr/fr/fiche/circonscription-du-service-social-departemental-de-ile-saint-denis-3244',Wifi,
MAISON DEPARTEMENTALE DES SOLIDARITES Dugny/Le Bourget/ Le Blanc Mesnil. Site du Blanc-Mesnil,'https://soliguide.fr/fr/fiche/circonscription-municipale-de-service-social-le-blanc-mesnil-3236',Accompagnement à l'emploi,
MAISON DEPARTEMENTALE DES SOLIDARITES Dugny/Le Bourget/ Le Blanc Mesnil. Site du Blanc-Mesnil,'https://soliguide.fr/fr/fiche/circonscription-municipale-de-service-social-le-blanc-mesnil-3236',Conseil budget,
MAISON DEPARTEMENTALE DES SOLIDARITES Dugny/Le Bourget/ Le Blanc Mesnil. Site du Blanc-Mesnil,'https://soliguide.fr/fr/fiche/circonscription-municipale-de-service-social-le-blanc-mesnil-3236',Ordinateur,
MAISON DEPARTEMENTALE DES SOLIDARITES Dugny/Le Bourget/ Le Blanc Mesnil. Site du Blanc-Mesnil,'https://soliguide.fr/fr/fiche/circonscription-municipale-de-service-social-le-blanc-mesnil-3236',Wifi,
Circonscription de Service Social Départemental de L'Ile Saint Denis/ Saint-Ouen. Site de St Ouen,'https://soliguide.fr/fr/fiche/service-social-de-polyvalence-municipal-saint-ouen-4652',Accompagnement à l'emploi,
Circonscription de Service Social Départemental de L'Ile Saint Denis/ Saint-Ouen. Site de St Ouen,'https://soliguide.fr/fr/fiche/service-social-de-polyvalence-municipal-saint-ouen-4652',Conseil budget,
Circonscription de Service Social Départemental de L'Ile Saint Denis/ Saint-Ouen. Site de St Ouen,'https://soliguide.fr/fr/fiche/service-social-de-polyvalence-municipal-saint-ouen-4652',Ordinateur,
Circonscription de Service Social Départemental de L'Ile Saint Denis/ Saint-Ouen. Site de St Ouen,'https://soliguide.fr/fr/fiche/service-social-de-polyvalence-municipal-saint-ouen-4652',Wifi,
Circonscription du Service Social Départemental de Pavillons sous Bois / Livry-Gargan /Vaujours. Site de Livry Gargan.,'https://soliguide.fr/fr/fiche/circonscription-du-service-social-departemental-de-livry-gargan-et-vaujours-3247',Conseil budget,
Circonscription du Service Social Départemental de Pavillons sous Bois / Livry-Gargan /Vaujours. Site de Livry Gargan.,'https://soliguide.fr/fr/fiche/circonscription-du-service-social-departemental-de-livry-gargan-et-vaujours-3247',Accompagnement à l'emploi,
Circonscription du Service Social Départemental de Pavillons sous Bois / Livry-Gargan /Vaujours. Site de Livry Gargan.,'https://soliguide.fr/fr/fiche/circonscription-du-service-social-departemental-de-livry-gargan-et-vaujours-3247',Ordinateur,
Circonscription du Service Social Départemental de Pavillons sous Bois / Livry-Gargan /Vaujours. Site de Livry Gargan.,'https://soliguide.fr/fr/fiche/circonscription-du-service-social-departemental-de-livry-gargan-et-vaujours-3247',Wifi,
MAISON DEPARTEMENTALE DES SOLIDARITES Dugny Le Bourget Le Blanc Mesnil. Site du Bourget,'https://soliguide.fr/fr/fiche/maison-departementale-des-solidarites-dugny-le-bourget-le-blanc-mesnil.-site-du-bourget-45997',Conseil budget,
MAISON DEPARTEMENTALE DES SOLIDARITES Dugny Le Bourget Le Blanc Mesnil. Site du Bourget,'https://soliguide.fr/fr/fiche/maison-departementale-des-solidarites-dugny-le-bourget-le-blanc-mesnil.-site-du-bourget-45997',Accompagnement à l'emploi,
MAISON DEPARTEMENTALE DES SOLIDARITES Dugny Le Bourget Le Blanc Mesnil. Site du Bourget,'https://soliguide.fr/fr/fiche/maison-departementale-des-solidarites-dugny-le-bourget-le-blanc-mesnil.-site-du-bourget-45997',Ordinateur,
MAISON DEPARTEMENTALE DES SOLIDARITES Dugny Le Bourget Le Blanc Mesnil. Site du Bourget,'https://soliguide.fr/fr/fiche/maison-departementale-des-solidarites-dugny-le-bourget-le-blanc-mesnil.-site-du-bourget-45997',Wifi,
Saint-Vincent-de-Paul Noisy-le-Grand,'https://soliguide.fr/fr/fiche/saint-vincent-de-paul-noisy-le-grand-46143',Colis alimentaire,Panier alimentaire
Saint-Vincent-de-Paul Noisy-le-Grand,'https://soliguide.fr/fr/fiche/saint-vincent-de-paul-noisy-le-grand-46143',Conseil administratif,Écrivain public
Saint-Vincent-de-Paul Noisy-le-Grand,'https://soliguide.fr/fr/fiche/saint-vincent-de-paul-noisy-le-grand-46143',Activités diverses,Accompagnement social
Equipe mobile santé précarité (EMSP) - Hôtel Social 93,'https://soliguide.fr/fr/fiche/equipe-mobile-sante-precarite-emsp-hotel-social-93-46146',Accompagnement social,Accompagnement à l’emploi
Equipe mobile santé précarité (EMSP) - Interlogement 93,'https://soliguide.fr/fr/fiche/equipe-mobile-sante-precarite-emsp-interlogement-93-46147',Accompagnement social,Accompagnement à l’emploi
Circonscription de service social de  Noisy le Grand/Gournay sur Marne,'https://soliguide.fr/fr/fiche/circonscription-de-service-social-de-noisy-le-grandgournay-sur-marne-46154',Accompagnement social,
Circonscription de service social de  Noisy le Grand/Gournay sur Marne,'https://soliguide.fr/fr/fiche/circonscription-de-service-social-de-noisy-le-grandgournay-sur-marne-46154',Conseil budget,
Circonscription de service social de  Noisy le Grand/Gournay sur Marne,'https://soliguide.fr/fr/fiche/circonscription-de-service-social-de-noisy-le-grandgournay-sur-marne-46154',Accompagnement à l'emploi,
Circonscription de service social de  Noisy le Grand/Gournay sur Marne,'https://soliguide.fr/fr/fiche/circonscription-de-service-social-de-noisy-le-grandgournay-sur-marne-46154',Ordinateur,
Circonscription de service social de  Noisy le Grand/Gournay sur Marne,'https://soliguide.fr/fr/fiche/circonscription-de-service-social-de-noisy-le-grandgournay-sur-marne-46154',Wifi,
Circonscription de service sociale de Tremblay Villepinte. Site de Villepinte,'https://soliguide.fr/fr/fiche/circonscription-de-service-sociale-de-tremblay-villepinte.-site-de-villepinte-46155',Accompagnement social,
Circonscription de service sociale de Tremblay Villepinte. Site de Villepinte,'https://soliguide.fr/fr/fiche/circonscription-de-service-sociale-de-tremblay-villepinte.-site-de-villepinte-46155',Conseil budget,
Circonscription de service sociale de Tremblay Villepinte. Site de Villepinte,'https://soliguide.fr/fr/fiche/circonscription-de-service-sociale-de-tremblay-villepinte.-site-de-villepinte-46155',Accompagnement à l'emploi,
Circonscription de service sociale de Tremblay Villepinte. Site de Villepinte,'https://soliguide.fr/fr/fiche/circonscription-de-service-sociale-de-tremblay-villepinte.-site-de-villepinte-46155',Ordinateur,
Circonscription de service sociale de Tremblay Villepinte. Site de Villepinte,'https://soliguide.fr/fr/fiche/circonscription-de-service-sociale-de-tremblay-villepinte.-site-de-villepinte-46155',Wifi,
Circonscription du Service Social Départemental de Tremblay-en-France/Villepinte. Site de Tremblay en France.,'https://soliguide.fr/fr/fiche/circonscription-du-service-social-departemental-de-tremblay-en-france-3324',Conseil budget,
Circonscription du Service Social Départemental de Tremblay-en-France/Villepinte. Site de Tremblay en France.,'https://soliguide.fr/fr/fiche/circonscription-du-service-social-departemental-de-tremblay-en-france-3324',Accompagnement à l'emploi,
Circonscription de service social d'Aulnay Sous Bois,'https://soliguide.fr/fr/fiche/circonscription-de-service-social-daulnay-sous-bois-46156',Accompagnement social,
Circonscription de service social d'Aulnay Sous Bois,'https://soliguide.fr/fr/fiche/circonscription-de-service-social-daulnay-sous-bois-46156',Conseil budget,
Circonscription de service social d'Aulnay Sous Bois,'https://soliguide.fr/fr/fiche/circonscription-de-service-social-daulnay-sous-bois-46156',Accompagnement à l'emploi,
Circonscription de service social d'Aulnay Sous Bois,'https://soliguide.fr/fr/fiche/circonscription-de-service-social-daulnay-sous-bois-46156',Ordinateur,
Circonscription de service social d'Aulnay Sous Bois,'https://soliguide.fr/fr/fiche/circonscription-de-service-social-daulnay-sous-bois-46156',Wifi,
Circonscription du Service Social Départemental de Montreuil,'https://soliguide.fr/fr/fiche/circonscription-du-service-social-departemental-de-montreuil-3251',Wifi,
Femmes ACTIVES,'https://soliguide.fr/fr/fiche/femmes-actives-saint-denis-16356',Magasin solidaire,Boutique Solidaire
Femmes ACTIVES,'https://soliguide.fr/fr/fiche/femmes-actives-saint-denis-16356',Activités diverses,
Circonscription du Service Social Départemental de Montfermeil /Coubron/Clichy sous Bois. Site de Montfermeil.,'https://soliguide.fr/fr/fiche/circonscription-du-service-social-departemental-de-montfermeil-et-coubron-3248',Conseil budget,
Circonscription du Service Social Départemental de Montfermeil /Coubron/Clichy sous Bois. Site de Montfermeil.,'https://soliguide.fr/fr/fiche/circonscription-du-service-social-departemental-de-montfermeil-et-coubron-3248',Accompagnement à l'emploi,
Circonscription du Service Social Départemental de Montfermeil /Coubron/Clichy sous Bois. Site de Montfermeil.,'https://soliguide.fr/fr/fiche/circonscription-du-service-social-departemental-de-montfermeil-et-coubron-3248',Ordinateur,
Circonscription du Service Social Départemental de Montfermeil /Coubron/Clichy sous Bois. Site de Montfermeil.,'https://soliguide.fr/fr/fiche/circonscription-du-service-social-departemental-de-montfermeil-et-coubron-3248',Wifi,
Circonscription du Service Social Départemental de Montreuil,'https://soliguide.fr/fr/fiche/circonscription-du-service-social-departemental-de-montreuil-3251',Ordinateur,
Circonscription du Service Social Départemental de Montreuil,'https://soliguide.fr/fr/fiche/circonscription-du-service-social-departemental-de-montreuil-3251',Conseil handicap,Conseil Handicap
Circonscription du Service Social Départemental de Montreuil,'https://soliguide.fr/fr/fiche/circonscription-du-service-social-departemental-de-montreuil-3251',Conseil budget,
Circonscription du Service Social Départemental de Montreuil,'https://soliguide.fr/fr/fiche/circonscription-du-service-social-departemental-de-montreuil-3251',Accompagnement à l'emploi,
Circonscription du Service Social Départemental de Noisy-le-Sec/ Romainville. Site de Noisy le Sec.,'https://soliguide.fr/fr/fiche/circonscription-du-service-social-departemental-de-noisy-le-sec-3256',Conseil budget,
Circonscription du Service Social Départemental de Noisy-le-Sec/ Romainville. Site de Noisy le Sec.,'https://soliguide.fr/fr/fiche/circonscription-du-service-social-departemental-de-noisy-le-sec-3256',Accompagnement à l'emploi,
Circonscription du Service Social Départemental de Noisy-le-Sec/ Romainville. Site de Noisy le Sec.,'https://soliguide.fr/fr/fiche/circonscription-du-service-social-departemental-de-noisy-le-sec-3256',Wifi,
Circonscription du Service Social Départemental de Noisy-le-Sec/ Romainville. Site de Noisy le Sec.,'https://soliguide.fr/fr/fiche/circonscription-du-service-social-departemental-de-noisy-le-sec-3256',Ordinateur,
Circonscription du Service Social Départemental des Pavillons-sous-Bois / Livry Gargan/ Vaujours. Site des Pavillons sous Bois,'https://soliguide.fr/fr/fiche/circonscription-du-service-social-departemental-des-pavillons-sous-bois-et-du-raincy-les-pavillons-sous-bois-3261',Conseil budget,
Circonscription du Service Social Départemental des Pavillons-sous-Bois / Livry Gargan/ Vaujours. Site des Pavillons sous Bois,'https://soliguide.fr/fr/fiche/circonscription-du-service-social-departemental-des-pavillons-sous-bois-et-du-raincy-les-pavillons-sous-bois-3261',Accompagnement à l'emploi,
Circonscription du Service Social Départemental des Pavillons-sous-Bois / Livry Gargan/ Vaujours. Site des Pavillons sous Bois,'https://soliguide.fr/fr/fiche/circonscription-du-service-social-departemental-des-pavillons-sous-bois-et-du-raincy-les-pavillons-sous-bois-3261',Wifi,
Circonscription du Service Social Départemental de Pierre?tte-Sur-Seine/Stains. Site de Pierrefitte sur Seine.,'https://soliguide.fr/fr/fiche/circonscription-du-service-social-departemental-de-pierre-tte-sur-seine-pierrefitte-sur-seine-3262',Conseil budget,
Circonscription du Service Social Départemental de Pierre?tte-Sur-Seine/Stains. Site de Pierrefitte sur Seine.,'https://soliguide.fr/fr/fiche/circonscription-du-service-social-departemental-de-pierre-tte-sur-seine-pierrefitte-sur-seine-3262',Accompagnement à l'emploi,
Circonscription du Service Social Départemental de Pierre?tte-Sur-Seine/Stains. Site de Pierrefitte sur Seine.,'https://soliguide.fr/fr/fiche/circonscription-du-service-social-departemental-de-pierre-tte-sur-seine-pierrefitte-sur-seine-3262',Ordinateur,
Circonscription du Service Social Départemental de Pierre?tte-Sur-Seine/Stains. Site de Pierrefitte sur Seine.,'https://soliguide.fr/fr/fiche/circonscription-du-service-social-departemental-de-pierre-tte-sur-seine-pierrefitte-sur-seine-3262',Wifi,
Circonscription du Service Social Départemental de Noisy le Sec /Romainville. Site de Romainville.,'https://soliguide.fr/fr/fiche/circonscription-du-service-social-departemental-de-romainville-3264',Conseil budget,
Circonscription du Service Social Départemental de Noisy le Sec /Romainville. Site de Romainville.,'https://soliguide.fr/fr/fiche/circonscription-du-service-social-departemental-de-romainville-3264',Accompagnement à l'emploi,
Circonscription du Service Social Départemental de Rosny-sous-Bois/Villemomble-Le Raincy . Site de Rosny sous Bois.,'https://soliguide.fr/fr/fiche/circonscription-du-service-social-departemental-de-rosny-sous-bois-3265',Conseil budget,
Circonscription du Service Social Départemental de Rosny-sous-Bois/Villemomble-Le Raincy . Site de Rosny sous Bois.,'https://soliguide.fr/fr/fiche/circonscription-du-service-social-departemental-de-rosny-sous-bois-3265',Accompagnement à l'emploi,
Circonscription du Service Social Départemental de Rosny-sous-Bois/Villemomble-Le Raincy . Site de Rosny sous Bois.,'https://soliguide.fr/fr/fiche/circonscription-du-service-social-departemental-de-rosny-sous-bois-3265',Ordinateur,
Circonscription du Service Social Départemental de Rosny-sous-Bois/Villemomble-Le Raincy . Site de Rosny sous Bois.,'https://soliguide.fr/fr/fiche/circonscription-du-service-social-departemental-de-rosny-sous-bois-3265',Wifi,
Circonscription du Service Social Départemental de Sevran,'https://soliguide.fr/fr/fiche/circonscription-du-service-social-departemental-de-sevran-3323',Ordinateur,
Circonscription du Service Social Départemental de Sevran,'https://soliguide.fr/fr/fiche/circonscription-du-service-social-departemental-de-sevran-3323',Wifi,
Circonscription du Service Social Départemental de Sevran,'https://soliguide.fr/fr/fiche/circonscription-du-service-social-departemental-de-sevran-3323',Conseil budget,
Circonscription du Service Social Départemental de Sevran,'https://soliguide.fr/fr/fiche/circonscription-du-service-social-departemental-de-sevran-3323',Accompagnement à l'emploi,
Circonscription du Service Social Départemental de Tremblay-en-France/Villepinte. Site de Tremblay en France.,'https://soliguide.fr/fr/fiche/circonscription-du-service-social-departemental-de-tremblay-en-france-3324',Ordinateur,
Circonscription du Service Social Départemental de Tremblay-en-France/Villepinte. Site de Tremblay en France.,'https://soliguide.fr/fr/fiche/circonscription-du-service-social-departemental-de-tremblay-en-france-3324',Wifi,
Circonscription du Service Social Départemental de'Epinay sur Seine/Villetaneuse. Site de Villetaneuse.,'https://soliguide.fr/fr/fiche/circonscription-du-service-social-departemental-de-villetaneuse-3338',Conseil budget,
Circonscription du Service Social Départemental de'Epinay sur Seine/Villetaneuse. Site de Villetaneuse.,'https://soliguide.fr/fr/fiche/circonscription-du-service-social-departemental-de-villetaneuse-3338',Accompagnement à l'emploi,
Circonscription du Service Social Départemental de'Epinay sur Seine/Villetaneuse. Site de Villetaneuse.,'https://soliguide.fr/fr/fiche/circonscription-du-service-social-departemental-de-villetaneuse-3338',Ordinateur,
Circonscription du Service Social Départemental de'Epinay sur Seine/Villetaneuse. Site de Villetaneuse.,'https://soliguide.fr/fr/fiche/circonscription-du-service-social-departemental-de-villetaneuse-3338',Wifi,
Circonscription du Service Social Départemental de Pierrefitte/Stains. Site de Stains.,'https://soliguide.fr/fr/fiche/circonscription-du-service-social-departemental-de-stains-levallois-perret-3343',Conseil budget,
Circonscription du Service Social Départemental de Pierrefitte/Stains. Site de Stains.,'https://soliguide.fr/fr/fiche/circonscription-du-service-social-departemental-de-stains-levallois-perret-3343',Accompagnement à l'emploi,
Circonscription du Service Social Départemental de Pierrefitte/Stains. Site de Stains.,'https://soliguide.fr/fr/fiche/circonscription-du-service-social-departemental-de-stains-levallois-perret-3343',Ordinateur,
Circonscription du Service Social Départemental de Pierrefitte/Stains. Site de Stains.,'https://soliguide.fr/fr/fiche/circonscription-du-service-social-departemental-de-stains-levallois-perret-3343',Wifi,
Centre Social SFM Montreuil,'https://soliguide.fr/fr/fiche/centre-social-sfm-montreuil-3099',Conseil administratif,
Centre Social Esperanto,'https://soliguide.fr/fr/fiche/atelier-socio-linguistique-montreuil-2875',Accompagnement à l'emploi,Accompagnement à l’emploi
Centre Socioculturel des Hauts de Gagny,'https://soliguide.fr/fr/fiche/centre-socioculturel-des-hauts-de-gagny-2951',Atelier cuisine,Activités diverses
Solidarité Enfant SIDA - Bobigny,'https://soliguide.fr/fr/fiche/solidarite-enfant-sida-bobigny-3084',Accompagnement social,
Les Compagnons Bâtisseurs de Clichy-sous-Bois,'https://soliguide.fr/fr/fiche/les-compagnons-batisseurs-de-clichy-sous-bois-14192',Activités diverses,Aide à la mobilité
Les Compagnons Bâtisseurs de Bobigny,'https://soliguide.fr/fr/fiche/les-compagnons-batisseurs-de-bobigny-14193',Accompagnement social,Conseil administratif
Maison de Justice et du Droit d'Epinay-sur-Seine,'https://soliguide.fr/fr/fiche/la-maison-de-la-justice-et-du-droit-epinay-sur-seine-2822',Permanence juridique,Aucun service adapté
Habitat-Cité,'https://soliguide.fr/fr/fiche/permanence-acces-aux-droits-pour-les-russophones-pantin-2648',Point d'information,
point-justice de Sevran,'https://soliguide.fr/fr/fiche/point-acces-aux-droits-sevran-2854',Permanence juridique,Conseil budget
Fontaine à eau,'https://soliguide.fr/fr/fiche/fontaine-a-eau-46528',Fontaine à eau,
Fontaine à eau,'https://soliguide.fr/fr/fiche/fontaine-a-eau-46529',Fontaine à eau,
Fontaine à eau,'https://soliguide.fr/fr/fiche/fontaine-a-eau-46530',Fontaine à eau,
Fontaine à eau,'https://soliguide.fr/fr/fiche/fontaine-a-eau-46531',Fontaine à eau,
Fontaine à eau,'https://soliguide.fr/fr/fiche/fontaine-a-eau-46532',Fontaine à eau,
Fontaine à eau,'https://soliguide.fr/fr/fiche/fontaine-a-eau-46533',Fontaine à eau,
Fontaine à eau,'https://soliguide.fr/fr/fiche/fontaine-a-eau-46535',Fontaine à eau,
Fontaine à eau,'https://soliguide.fr/fr/fiche/fontaine-a-eau-46536',Fontaine à eau,
Fontaine à eau,'https://soliguide.fr/fr/fiche/fontaine-a-eau-46540',Fontaine à eau,
La Boutique Solidarité de Gagny,'https://soliguide.fr/fr/fiche/la-boutique-solidarite-de-gagny-3117',Espace de repos,Espace familles
La Boutique Solidarité de Gagny,'https://soliguide.fr/fr/fiche/la-boutique-solidarite-de-gagny-3117',Bien-être,
APEIS - Saint-Ouen,'https://soliguide.fr/fr/fiche/apeis-saint-ouen-10332',Activités diverses,
APEIS - Saint-Ouen,'https://soliguide.fr/fr/fiche/apeis-saint-ouen-10332',Magasin solidaire,Boutique Solidaire
Fontaine à eau - Parc Frédérick Lemaître,'https://soliguide.fr/fr/fiche/fontaine-a-eau-parc-frederick-lemaitre-48521',Fontaine à eau,
Fontaine à eau - Parc Mandela,'https://soliguide.fr/fr/fiche/fontaine-a-eau-parc-mandela-48522',Fontaine à eau,
Fontaine à eau - Place des Tirailleurs Africains,'https://soliguide.fr/fr/fiche/fontaine-a-eau-place-des-tirailleurs-africains-48523',Fontaine à eau,
Fontaine à eau - Place de la République,'https://soliguide.fr/fr/fiche/fontaine-a-eau-place-de-la-republique-48525',Fontaine à eau,
Fontaine à eau - Parc Henriette Vornière,'https://soliguide.fr/fr/fiche/fontaine-a-eau-parc-henriette-vorniere-48526',Fontaine à eau,
Fontaine à eau,'https://soliguide.fr/fr/fiche/fontaine-a-eau-48527',Fontaine à eau,
Fontaine à eau - Square Evelyne Dupont,'https://soliguide.fr/fr/fiche/fontaine-a-eau-square-evelyne-dupont-48529',Fontaine à eau,
Fontaine à eau - Mail Brassens,'https://soliguide.fr/fr/fiche/fontaine-a-eau-mail-brassens-48530',Fontaine à eau,
Fontaine à eau - Square Gisèle Halimi,'https://soliguide.fr/fr/fiche/fontaine-a-eau-square-gisele-halimi-48560',Fontaine à eau,
Agence Locale d'Insertion (ALI) - Bagnolet / Les Lilas / Le Pré-Saint-Gervais Bimbamjob / ARES,'https://soliguide.fr/fr/fiche/agence-locale-dinsertion-ali-saint-ouen-lile-saint-denis-bimbamjob-ares-copie-saint-ouen-sur-seine-48621',Accompagnement à l'emploi,Accompagnement à l’emploi
La Ruche - Saint-Denis,'https://soliguide.fr/fr/fiche/la-ruche-saint-denis-49094',Insertion par l'activité économique,Accompagnement à l’emploi
La Ruche - Saint-Denis,'https://soliguide.fr/fr/fiche/la-ruche-saint-denis-49094',Insertion par l'activité économique,Accompagnement à l’emploi
La Ruche - Saint-Denis,'https://soliguide.fr/fr/fiche/la-ruche-saint-denis-49094',Insertion par l'activité économique,Accompagnement à l’emploi
Maison de quartier Balavoine,'https://soliguide.fr/fr/fiche/maison-de-quartier-balavoine-bondy-7164',Garde d'enfants,Garde d’enfants
Centre Municipal de Santé (CMS) Henri Tauleigne,'https://soliguide.fr/fr/fiche/centre-municipal-de-sante-henri-tauleigne-bondy-8348',Vaccination,
Agence Locale d'Insertion (ALI) - La Courneuve - C2DI 93,'https://soliguide.fr/fr/fiche/agence-locale-dinsertion-ali-la-courneuve-c2di-93-49384',Accompagnement à l'emploi,Accompagnement à l’emploi
LES RELAIS SOLIDAIRES,'https://soliguide.fr/fr/fiche/les-relais-solidaires-49395',Insertion par l'activité économique,Accompagnement à l’emploi
La Ruche - Stains,'https://soliguide.fr/fr/fiche/la-ruche-saint-denis-copie-49495',Insertion par l'activité économique,Accompagnement à l’emploi
La Ruche - Stains,'https://soliguide.fr/fr/fiche/la-ruche-saint-denis-copie-49495',Insertion par l'activité économique,Accompagnement à l’emploi
La Ruche - Stains,'https://soliguide.fr/fr/fiche/la-ruche-saint-denis-copie-49495',Insertion par l'activité économique,Accompagnement à l’emploi
Agence Locale d'Insertion (ALI) - Saint-Denis - CODE,'https://soliguide.fr/fr/fiche/agence-locale-dinsertion-ali-saint-denis-objectif-emploi-49591',Accompagnement à l'emploi,Accompagnement à l’emploi
Agence Locale d'Insertion (ALI) - Pierrefitte-sur-Seine - Plaine Impact Inclusion,'https://soliguide.fr/fr/fiche/agence-locale-dinsertion-ali-pierrefitte-sur-seine-plaine-impact-inclusion-49674',Accompagnement à l'emploi,Accompagnement à l’emploi
Agence Locale d'Insertion (ALI) - Stains - Plaine Impact Inclusion,'https://soliguide.fr/fr/fiche/agence-locale-dinsertion-ali-stains-plaine-impact-inclusion-49673',Accompagnement à l'emploi,Accompagnement à l’emploi
Restos du Coeur - Centre dactivités du Bourget,'https://soliguide.fr/fr/fiche/centre-de-distribution-des-restos-du-coeur-paris-2385',Colis bébé,Produits d'hygiène
Restos du Coeur - Centre dactivités des Pavillons-sous-Bois,'https://soliguide.fr/fr/fiche/centre-de-distribution-des-restos-du-coeur-les-pavillons-sous-bois-4697',Colis bébé,Produits d'hygiène
Restos du Coeur - Centre dactivités du Pré-Saint-Gervais,'https://soliguide.fr/fr/fiche/centre-de-distribution-des-restos-du-coeur-le-pre-saint-gervais-2370',Colis bébé,Produits d'hygiène
Restos du Coeur - Centre dactivités des Lilas,'https://soliguide.fr/fr/fiche/centre-de-distribution-des-restos-du-coeur-les-lilas-2371',Colis bébé,Produits d'hygiène
Restos du Coeur - Centre dactivités de Neuilly-sur-Marne,'https://soliguide.fr/fr/fiche/centre-de-distribution-des-restos-du-coeur-neuilly-sur-marne-2386',Colis bébé,Produits d'hygiène
Restos du Coeur - Centre dactivités de Neuilly-Plaisance,'https://soliguide.fr/fr/fiche/centre-de-distribution-des-restos-du-coeur-neuilly-plaisance-3127',Colis bébé,Produits d'hygiène
Restos du Coeur - Centre dactivités de Noisy-le-Grand,'https://soliguide.fr/fr/fiche/centre-de-distribution-des-restos-du-coeur-noisy-le-grand-2372',Colis bébé,Produits d'hygiène
Restos du Coeur - Centre dactivités de Noisy-le-Sec,'https://soliguide.fr/fr/fiche/centre-de-distribution-des-restos-du-coeur-noisy-le-sec-2373',Colis bébé,Produits d'hygiène
Restos du Coeur - Centre dactivités de Pantin,'https://soliguide.fr/fr/fiche/centre-de-distribution-des-restos-du-coeur-pantin-2374',Colis bébé,Produits d'hygiène
Restos du Coeur - Centre dactivités de Pierrefitte,'https://soliguide.fr/fr/fiche/centre-de-distribution-des-restos-du-coeur-pierrefitte-sur-seine-2376',Colis bébé,Produits d'hygiène
Restos du Coeur - Centre dactivités de Rosny sous Bois,'https://soliguide.fr/fr/fiche/restos-du-coeur-de-rosny-sous-bois-3130',Colis bébé,Produits d'hygiène
Restos du Coeur - Centre dactivités de Saint-Denis,'https://soliguide.fr/fr/fiche/centre-de-distribution-des-restos-du-coeur-saint-denis-2378',Colis bébé,Produits d'hygiène
Restos du Coeur - Centre dactivités de Saint-Ouen,'https://soliguide.fr/fr/fiche/centre-de-distribution-des-restos-du-coeur-saint-ouen-2379',Colis bébé,Produits d'hygiène
Restos du Coeur - Centre dactivités de Sevran,'https://soliguide.fr/fr/fiche/centre-de-distribution-des-restos-du-coeur-sevran-2389',Colis bébé,Produits d'hygiène
Restos du Coeur - Centre dactivités de Stains,'https://soliguide.fr/fr/fiche/centre-de-distribution-des-restos-du-coeur-stains-2380',Colis bébé,Produits d'hygiène
Restos du Coeur - Centre dactivités de Tremblay-en-France,'https://soliguide.fr/fr/fiche/centre-de-distribution-des-restos-du-coeur-tremblay-en-france-2381',Colis bébé,Produits d'hygiène
Restos du Coeur - Centre dactivités de Villepinte,'https://soliguide.fr/fr/fiche/centre-de-distribution-des-restos-du-coeur-villepinte-2383',Colis bébé,Produits d'hygiène
Restos du Coeur - Centre dactivités d'Epinay-sur-Seine,'https://soliguide.fr/fr/fiche/centre-de-distribution-des-restos-du-coeur-epinay-sur-seine-6271',Colis bébé,Produits d'hygiène
Restos du Coeur - Centre dactivités de Villetaneuse,'https://soliguide.fr/fr/fiche/centre-de-distribution-des-restos-du-coeur-villetaneuse-6872',Colis bébé,Produits d'hygiène
Centre Municipal de Santé (CMS) de Neuilly-Plaisance,'https://soliguide.fr/fr/fiche/centre-municipal-de-sante-neuilly-plaisance-8225',Vaccination,
Secours Catholique de La Plaine Saint-Denis,'https://soliguide.fr/fr/fiche/secours-catholique-de-la-plaine-saint-denis-50992',Accompagnement social,
Centre Social Lounès Matoub,'https://soliguide.fr/fr/fiche/centre-social-lounes-matoub-montreuil-11424',Cours de français,
Permanence RESF Pantin - Maison du Projet et de l'Habitat,'https://soliguide.fr/fr/fiche/permanence-resf-pantin-copie-51156',Permanence juridique,
Centre Municipal de Santé Elsa Rustin,'https://soliguide.fr/fr/fiche/centre-municipal-de-sante-elsa-rustin-bagnolet-8246',Rhumatologie,
Centre Municipal de Santé Elsa Rustin,'https://soliguide.fr/fr/fiche/centre-municipal-de-sante-elsa-rustin-bagnolet-8246',Echographie,
Centre Municipal de Santé Elsa Rustin,'https://soliguide.fr/fr/fiche/centre-municipal-de-sante-elsa-rustin-bagnolet-8246',Psychologie,Addiction
La Butinerie,'https://soliguide.fr/fr/fiche/la-butinerie-51320',Cuisine partagée,Accueil de jour
La Butinerie,'https://soliguide.fr/fr/fiche/la-butinerie-51320',Prise,
La Butinerie,'https://soliguide.fr/fr/fiche/la-butinerie-51320',Toilettes,
La Butinerie,'https://soliguide.fr/fr/fiche/la-butinerie-51320',Wifi,
Association Femmes Relais Médiatrices Interculturelles,'https://soliguide.fr/fr/fiche/association-femmes-relais-mediatrices-interculturelles-bobigny-2828',Douche,
Association Femmes Relais Médiatrices Interculturelles,'https://soliguide.fr/fr/fiche/association-femmes-relais-mediatrices-interculturelles-bobigny-2828',Laverie,
Alter'Nature - Saint-Denis,'https://soliguide.fr/fr/fiche/alternature-bobigny-copie-51352',Colis alimentaire,Épicerie sociale et solidaire
Alter'Nature - Saint-Denis,'https://soliguide.fr/fr/fiche/alternature-bobigny-copie-51352',Conseil administratif,
Alter'Nature - Saint-Denis,'https://soliguide.fr/fr/fiche/alternature-bobigny-copie-51352',Point d'information,
Alter'Nature - Saint-Denis,'https://soliguide.fr/fr/fiche/alternature-bobigny-copie-51352',Vêtements,Boutique Solidaire
Alter'Nature - Saint-Denis,'https://soliguide.fr/fr/fiche/alternature-bobigny-copie-51352',Atelier cuisine,Activités diverses
Association Médée,'https://soliguide.fr/fr/fiche/association-medee-51395',Accueil de jour,
Association Médée,'https://soliguide.fr/fr/fiche/association-medee-51395',Ostéopathie,
Pimms Médiation - Permanence France Services  - Carrefour Pleyel,'https://soliguide.fr/fr/fiche/pimms-mediation-bus-france-services-cosmonautes-copie-saint-denis-51404',Accompagnement social,Conseil administratif
Centre Social Esperanto,'https://soliguide.fr/fr/fiche/atelier-socio-linguistique-montreuil-2875',Écrivain public,
TAE - Travailler et Apprendre Ensemble,'https://soliguide.fr/fr/fiche/tae-travailler-et-apprendre-ensemble-23767',Insertion par l'activité économique,Insertion par l’Activité Économique
Epicerie Solidaire Wicasaya,'https://soliguide.fr/fr/fiche/epicerie-solidaire-wicasaya-bobigny-5706',Atelier cuisine,Atelier de cuisine
Abajad 93,'https://soliguide.fr/fr/fiche/abajad-93-51474',Cours de français,Accompagnement à l’emploi
L'Îlot - Programmes,'https://soliguide.fr/fr/fiche/lilot-programmes-51489',Accompagnement à l'emploi,Accompagnement à l’emploi
Abajad 93,'https://soliguide.fr/fr/fiche/abajad-93-51474',Cours de français,Accompagnement à l’emploi
Maison pour tous Youri Gagarine,'https://soliguide.fr/fr/fiche/maison-pour-tous-youri-gagarine-la-courneuve-7172',Atelier numérique,
CSAPA Oppelia Cap 93,'https://soliguide.fr/fr/fiche/csapa-cap93-le-blanc-mesnil-2813',Infirmerie,
Maison de l'emploi de Bagnolet,'https://soliguide.fr/fr/fiche/maison-de-emploi-de-bagnolet-7136',Atelier numérique,Accueil de jour
Sport Dans la Ville,'https://soliguide.fr/fr/fiche/sport-dans-la-ville-pantin-49683',Accompagnement à l'emploi,Accompagnement à l’emploi
Sport Dans la Ville,'https://soliguide.fr/fr/fiche/sport-dans-la-ville-pantin-49683',Accompagnement à l'emploi,Accompagnement à l’emploi
Sport Dans la Ville,'https://soliguide.fr/fr/fiche/sport-dans-la-ville-pantin-49683',Accompagnement à l'emploi,Accompagnement à l’emploi
Sport Dans la Ville,'https://soliguide.fr/fr/fiche/sport-dans-la-ville-pantin-49683',Accompagnement à l'emploi,Accompagnement à l’emploi
Sport Dans la Ville,'https://soliguide.fr/fr/fiche/sport-dans-la-ville-pantin-49683',Accompagnement à l'emploi,Accompagnement à l’emploi
Sport Dans la Ville,'https://soliguide.fr/fr/fiche/sport-dans-la-ville-pantin-49683',Accompagnement à l'emploi,Accompagnement à l’emploi
Sport Dans la Ville,'https://soliguide.fr/fr/fiche/sport-dans-la-ville-pantin-49683',Accompagnement à l'emploi,Accompagnement à l’emploi
Sport Dans la Ville,'https://soliguide.fr/fr/fiche/sport-dans-la-ville-pantin-49683',Accompagnement à l'emploi,Accompagnement à l’emploi
Sport Dans la Ville,'https://soliguide.fr/fr/fiche/sport-dans-la-ville-pantin-49683',Accompagnement à l'emploi,Accompagnement à l’emploi
Sport Dans la Ville,'https://soliguide.fr/fr/fiche/sport-dans-la-ville-pantin-49683',Accompagnement à l'emploi,Accompagnement à l’emploi
Sport Dans la Ville,'https://soliguide.fr/fr/fiche/sport-dans-la-ville-pantin-49683',Accompagnement à l'emploi,Accompagnement à l’emploi
Sport Dans la Ville,'https://soliguide.fr/fr/fiche/sport-dans-la-ville-pantin-49683',Accompagnement à l'emploi,Accompagnement à l’emploi
bge Parif,'https://soliguide.fr/fr/fiche/bge-parif-clichy-sous-bois-48980',Accompagnement à l'emploi,Insertion par l’Activité Économique
bge Parif,'https://soliguide.fr/fr/fiche/bge-parif-clichy-sous-bois-48980',Accompagnement à l'emploi,Insertion par l’Activité Économique
bge Parif,'https://soliguide.fr/fr/fiche/bge-parif-clichy-sous-bois-48980',Accompagnement à l'emploi,Activités diverses
Jupiter.insertion.multiservices Jupiter Insertion Multiservices,'https://soliguide.fr/fr/fiche/jupiter.insertion.multiservices-jupiter-insertion-multiservices-aubervilliers-47342',Accompagnement social,Accompagnement à l’emploi
Jupiter.insertion.multiservices Jupiter Insertion Multiservices,'https://soliguide.fr/fr/fiche/jupiter.insertion.multiservices-jupiter-insertion-multiservices-aubervilliers-47342',Soins enfants,Suivi Grossesse
Jupiter.insertion.multiservices Jupiter Insertion Multiservices,'https://soliguide.fr/fr/fiche/jupiter.insertion.multiservices-jupiter-insertion-multiservices-aubervilliers-47342',Accompagnement à l'emploi,Accompagnement à l’emploi
Jupiter.insertion.multiservices Jupiter Insertion Multiservices,'https://soliguide.fr/fr/fiche/jupiter.insertion.multiservices-jupiter-insertion-multiservices-aubervilliers-47342',Conseil logement,Hébergement d’urgence
Jupiter.insertion.multiservices Jupiter Insertion Multiservices,'https://soliguide.fr/fr/fiche/jupiter.insertion.multiservices-jupiter-insertion-multiservices-aubervilliers-47342',Conseil logement,Conseil administratif
Positiv,'https://soliguide.fr/fr/fiche/positiv-montreuil-49569',Accompagnement à l'emploi,Conseil administratif
Positiv,'https://soliguide.fr/fr/fiche/positiv-montreuil-49569',Accompagnement à l'emploi,Conseil administratif
Positiv,'https://soliguide.fr/fr/fiche/positiv-montreuil-49569',Accompagnement à l'emploi,Insertion par l’Activité Économique
Positiv,'https://soliguide.fr/fr/fiche/positiv-montfermeil-49565',Accompagnement à l'emploi,Insertion par l’Activité Économique
Positiv,'https://soliguide.fr/fr/fiche/positiv-montfermeil-49565',Accompagnement à l'emploi,Conseil administratif
Positiv,'https://soliguide.fr/fr/fiche/positiv-montfermeil-49565',Accompagnement à l'emploi,Conseil administratif
Positiv,'https://soliguide.fr/fr/fiche/positiv-pantin-49678',Accompagnement à l'emploi,Conseil administratif
Positiv,'https://soliguide.fr/fr/fiche/positiv-pantin-49678',Accompagnement à l'emploi,Conseil administratif
Positiv,'https://soliguide.fr/fr/fiche/positiv-pantin-49678',Accompagnement à l'emploi,Insertion par l’Activité Économique
Positiv,'https://soliguide.fr/fr/fiche/positiv-bondy-49557',Accompagnement à l'emploi,Conseil administratif
Positiv,'https://soliguide.fr/fr/fiche/positiv-bondy-49557',Accompagnement à l'emploi,Conseil administratif
Positiv,'https://soliguide.fr/fr/fiche/positiv-bondy-49557',Accompagnement à l'emploi,Activités diverses
Association des Femmes Relais et Médiateurs Interculturels d'Aulnay-Sous-Bois - Réseau ANDES,'https://soliguide.fr/fr/fiche/association-des-femmes-relais-et-mediateurs-interculturels-aulnay-sous-bois-3387',Cours de français,
Croix-Rouge française - Antenne Locale de Bobigny-aubervilliers-la Courneuve-stains,'https://soliguide.fr/fr/fiche/la-croix-rouge-aubervilliers-2392',Point d'information,Accueil de jour
Croix-Rouge française - Antenne Locale de Bobigny-aubervilliers-la Courneuve-stains,'https://soliguide.fr/fr/fiche/la-croix-rouge-aubervilliers-2392',Colis alimentaire,Épicerie sociale et solidaire
Croix-Rouge française - Antenne Locale Aeroport le Bourget,'https://soliguide.fr/fr/fiche/la-croix-rouge-du-bourget-le-bourget-2395',Magasin solidaire,Aucun service adapté
Croix-Rouge française - Antenne Locale Aeroport le Bourget,'https://soliguide.fr/fr/fiche/la-croix-rouge-du-bourget-le-bourget-2395',Épicerie sociale et solidaire,
Croix-Rouge française - Antenne Locale de Sevigne la Dhuys,'https://soliguide.fr/fr/fiche/centre-de-distribution-de-la-croix-rouge-livry-gargan-2398',Cours de français,Aucun service adapté
Croix-Rouge française - Antenne Locale de Sevigne la Dhuys,'https://soliguide.fr/fr/fiche/centre-de-distribution-de-la-croix-rouge-livry-gargan-2398',Colis alimentaire,Épicerie sociale et solidaire
Croix-Rouge française - Antenne Locale de Sevigne la Dhuys,'https://soliguide.fr/fr/fiche/centre-de-distribution-de-la-croix-rouge-livry-gargan-2398',Magasin solidaire,Épicerie sociale et solidaire
Croix-Rouge française - Antenne Locale de Sevigne la Dhuys,'https://soliguide.fr/fr/fiche/centre-de-distribution-de-la-croix-rouge-livry-gargan-2398',Vêtements,Épicerie sociale et solidaire
Croix-Rouge française - Antenne Locale de Pantin le pre Saint Gervais,'https://soliguide.fr/fr/fiche/croix-rouge-francaise-antenne-locale-de-pantin-le-pre-saint-gervais-51674',Vêtements,
Croix-Rouge française - Antenne Locale de Pantin le pre Saint Gervais,'https://soliguide.fr/fr/fiche/croix-rouge-francaise-antenne-locale-de-pantin-le-pre-saint-gervais-51674',Colis alimentaire,
Adie Aubervilliers - Association Pour le Droit à Linitiative Économique,'https://soliguide.fr/fr/fiche/adie-aubervilliers-association-pour-le-droit-a-linitiative-economique-47297',Aide à la mobilité,Mise à disposition de véhicule
Adie Aubervilliers - Association Pour le Droit à Linitiative Économique,'https://soliguide.fr/fr/fiche/adie-aubervilliers-association-pour-le-droit-a-linitiative-economique-47297',Accompagnement à l'emploi,Aucun service adapté
Adie Aubervilliers - Association Pour le Droit à Linitiative Économique,'https://soliguide.fr/fr/fiche/adie-aubervilliers-association-pour-le-droit-a-linitiative-economique-47297',Accompagnement à l'emploi,Aucun service adapté
Adie Aubervilliers - Association Pour le Droit à Linitiative Économique,'https://soliguide.fr/fr/fiche/adie-aubervilliers-association-pour-le-droit-a-linitiative-economique-47297',Accompagnement à l'emploi,Aucun service adapté
Adie Aubervilliers - Association Pour le Droit à Linitiative Économique,'https://soliguide.fr/fr/fiche/adie-aubervilliers-association-pour-le-droit-a-linitiative-economique-47297',Aide à la mobilité,Aucun service adapté
Adie Aubervilliers - Association Pour le Droit à Linitiative Économique,'https://soliguide.fr/fr/fiche/adie-aubervilliers-association-pour-le-droit-a-linitiative-economique-47297',Aide à la mobilité,Mise à disposition de véhicule
Adie Aubervilliers - Association Pour le Droit à Linitiative Économique,'https://soliguide.fr/fr/fiche/adie-aubervilliers-association-pour-le-droit-a-linitiative-economique-47297',Aide à la mobilité,Aucun service adapté
Adie Aubervilliers - Association Pour le Droit à Linitiative Économique,'https://soliguide.fr/fr/fiche/adie-aubervilliers-association-pour-le-droit-a-linitiative-economique-47297',Aide à la mobilité,Aucun service adapté
Adie Montreuil - Association Pour le Droit à Linitiative Économique,'https://soliguide.fr/fr/fiche/adie-montreuil-association-pour-le-droit-a-linitiative-economique-47281',Accompagnement à l'emploi,Aucun service adapté
Adie Montreuil - Association Pour le Droit à Linitiative Économique,'https://soliguide.fr/fr/fiche/adie-montreuil-association-pour-le-droit-a-linitiative-economique-47281',Accompagnement à l'emploi,Aucun service adapté
Adie Montreuil - Association Pour le Droit à Linitiative Économique,'https://soliguide.fr/fr/fiche/adie-montreuil-association-pour-le-droit-a-linitiative-economique-47281',Accompagnement à l'emploi,Aucun service adapté
Adie Montreuil - Association Pour le Droit à Linitiative Économique,'https://soliguide.fr/fr/fiche/adie-montreuil-association-pour-le-droit-a-linitiative-economique-47281',Aide à la mobilité,Mise à disposition de véhicule
Adie Montreuil - Association Pour le Droit à Linitiative Économique,'https://soliguide.fr/fr/fiche/adie-montreuil-association-pour-le-droit-a-linitiative-economique-47281',Aide à la mobilité,Aucun service adapté
Adie Montreuil - Association Pour le Droit à Linitiative Économique,'https://soliguide.fr/fr/fiche/adie-montreuil-association-pour-le-droit-a-linitiative-economique-47281',Aide à la mobilité,Aucun service adapté
Adie Montreuil - Association Pour le Droit à Linitiative Économique,'https://soliguide.fr/fr/fiche/adie-montreuil-association-pour-le-droit-a-linitiative-economique-47281',Aide à la mobilité,Aucun service adapté
Adie Montreuil - Association Pour le Droit à Linitiative Économique,'https://soliguide.fr/fr/fiche/adie-montreuil-association-pour-le-droit-a-linitiative-economique-47281',Aide à la mobilité,Aucun service adapté
Adie Aulnay-sous-bois - Association Pour le Droit à Linitiative Économique,'https://soliguide.fr/fr/fiche/adie-aulnay-sous-bois-association-pour-le-droit-a-linitiative-economique-47185',Accompagnement à l'emploi,Aucun service adapté
Adie Aulnay-sous-bois - Association Pour le Droit à Linitiative Économique,'https://soliguide.fr/fr/fiche/adie-aulnay-sous-bois-association-pour-le-droit-a-linitiative-economique-47185',Aide à la mobilité,Mise à disposition de véhicule
Adie Aulnay-sous-bois - Association Pour le Droit à Linitiative Économique,'https://soliguide.fr/fr/fiche/adie-aulnay-sous-bois-association-pour-le-droit-a-linitiative-economique-47185',Aide à la mobilité,Aucun service adapté
Adie Aulnay-sous-bois - Association Pour le Droit à Linitiative Économique,'https://soliguide.fr/fr/fiche/adie-aulnay-sous-bois-association-pour-le-droit-a-linitiative-economique-47185',Aide à la mobilité,Aucun service adapté
Adie Aulnay-sous-bois - Association Pour le Droit à Linitiative Économique,'https://soliguide.fr/fr/fiche/adie-aulnay-sous-bois-association-pour-le-droit-a-linitiative-economique-47185',Aide à la mobilité,Mise à disposition de véhicule
Adie Aulnay-sous-bois - Association Pour le Droit à Linitiative Économique,'https://soliguide.fr/fr/fiche/adie-aulnay-sous-bois-association-pour-le-droit-a-linitiative-economique-47185',Aide à la mobilité,Mise à disposition de véhicule
Adie Aulnay-sous-bois - Association Pour le Droit à Linitiative Économique,'https://soliguide.fr/fr/fiche/adie-aulnay-sous-bois-association-pour-le-droit-a-linitiative-economique-47185',Accompagnement à l'emploi,Insertion par l’Activité Économique
Adie Aulnay-sous-bois - Association Pour le Droit à Linitiative Économique,'https://soliguide.fr/fr/fiche/adie-aulnay-sous-bois-association-pour-le-droit-a-linitiative-economique-47185',Accompagnement à l'emploi,Insertion par l’Activité Économique
Adie Saint-denis - Association Pour le Droit à Linitiative Économique,'https://soliguide.fr/fr/fiche/adie-saint-denis-association-pour-le-droit-a-linitiative-economique-47289',Accompagnement à l'emploi,Insertion par l’Activité Économique
Adie Saint-denis - Association Pour le Droit à Linitiative Économique,'https://soliguide.fr/fr/fiche/adie-saint-denis-association-pour-le-droit-a-linitiative-economique-47289',Aide à la mobilité,Mise à disposition de véhicule
Adie Saint-denis - Association Pour le Droit à Linitiative Économique,'https://soliguide.fr/fr/fiche/adie-saint-denis-association-pour-le-droit-a-linitiative-economique-47289',Aide à la mobilité,Mise à disposition de véhicule
Adie Saint-denis - Association Pour le Droit à Linitiative Économique,'https://soliguide.fr/fr/fiche/adie-saint-denis-association-pour-le-droit-a-linitiative-economique-47289',Aide à la mobilité,Aucun service adapté
Adie Saint-denis - Association Pour le Droit à Linitiative Économique,'https://soliguide.fr/fr/fiche/adie-saint-denis-association-pour-le-droit-a-linitiative-economique-47289',Aide à la mobilité,Aucun service adapté
Adie Saint-denis - Association Pour le Droit à Linitiative Économique,'https://soliguide.fr/fr/fiche/adie-saint-denis-association-pour-le-droit-a-linitiative-economique-47289',Aide à la mobilité,Mise à disposition de véhicule
Adie Saint-denis - Association Pour le Droit à Linitiative Économique,'https://soliguide.fr/fr/fiche/adie-saint-denis-association-pour-le-droit-a-linitiative-economique-47289',Accompagnement à l'emploi,Conseil administratif
Adie Saint-denis - Association Pour le Droit à Linitiative Économique,'https://soliguide.fr/fr/fiche/adie-saint-denis-association-pour-le-droit-a-linitiative-economique-47289',Accompagnement à l'emploi,Conseil budget
Le Sens de l'Humus,'https://soliguide.fr/fr/fiche/le-sens-de-lhumus-32720',Bien-être,Activités diverses
Le Sens de l'Humus,'https://soliguide.fr/fr/fiche/le-sens-de-lhumus-32720',Atelier cuisine,Atelier de cuisine
Boutique Club Emploi - Centre de Formation Municipal,'https://soliguide.fr/fr/fiche/boutique-club-emploi-centre-de-formation-municipal-tremblay-en-france-49358',Accompagnement social,Accompagnement à l’emploi
Croix-Rouge française - Antenne Locale de Bondy-villemomble,'https://soliguide.fr/fr/fiche/centre-de-distribution-de-la-croix-rouge-bondy-2393',Vêtements,
Croix-Rouge française - Antenne Locale Aeroport le Bourget,'https://soliguide.fr/fr/fiche/epicerie-sociale-croix-rouge-drancy-8670',Magasin solidaire,
Croix-Rouge française - Antenne Locale Terre d'Avenir,'https://soliguide.fr/fr/fiche/la-croix-rouge-de-sevran-2401',Magasin solidaire,
Croix-Rouge française - Antenne Locale Terre d'Avenir,'https://soliguide.fr/fr/fiche/croix-rouge-sevran-siege-8085',Magasin solidaire,
Adie Aubervilliers - Association Pour le Droit à Linitiative Économique,'https://soliguide.fr/fr/fiche/adie-aubervilliers-association-pour-le-droit-a-linitiative-economique-47297',Conseil budget,Aucun service adapté
Adie Saint-denis - Association Pour le Droit à Linitiative Économique,'https://soliguide.fr/fr/fiche/adie-saint-denis-association-pour-le-droit-a-linitiative-economique-47289',Conseil budget,Aucun service adapté
Adie Montreuil - Association Pour le Droit à Linitiative Économique,'https://soliguide.fr/fr/fiche/adie-montreuil-association-pour-le-droit-a-linitiative-economique-47281',Conseil budget,Aucun service adapté
Adie Aulnay-sous-bois - Association Pour le Droit à Linitiative Économique,'https://soliguide.fr/fr/fiche/adie-aulnay-sous-bois-association-pour-le-droit-a-linitiative-economique-47185',Conseil budget,Aucun service adapté
