place_name,new_description
Le Refuge de Pantin,"Le Refuge est là pour aider les gens. Il les accueille, les héberge et les soutient pour qu'ils aient plus confiance en eux et puissent mieux vivre avec les autres. Le Refuge a trois services : un accueil de jour, une pension de famille et un centre d'hébergement d'urgence. L'accueil de jour est réservé aux femmes le mardi après-midi."
Hors la rue - centre d'appui aux maraudes,"Hors la rue est une association créée en 2004. Elle aide les enfants et adolescents étrangers en danger. L'association propose : des visites auprès des mineurs dans la rue, un accompagnement personnalisé, des activités éducatives, une aide pour accéder à leurs droits, un accueil au centre de jour à Montreuil, de l'art-thérapie et un soutien psychologique."
CAARUD PROSES Saint-Denis,"Le CAARUD PROSES est un lieu d'accueil pour les personnes qui consomment des drogues. Il offre du matériel pour réduire les risques et des conseils personnalisés de manière anonyme et confidentielle. L'accueil est gratuit et ouvert à toutes les personnes de 18 ans et plus, quel que soit leur état de santé, leur apparence, leur orientation sexuelle, leur origine ou leurs opinions. Le but est de fournir une aide sans jugement ni condition."
CAARUD PROSES Montreuil,Le CAARUD PROSES est un lieu qui aide les personnes qui consomment des drogues. Il les accueille sans poser de questions et de manière confidentielle. Vous pouvez prendre rendez-vous pour des soins médicaux les mardis et jeudis.
CAARUD Yucca,"Le CAARUD Yucca est un lieu qui aide les personnes qui consomment des drogues à réduire les risques pour leur santé et leur vie sociale. Il est ouvert pour accueillir les gens du lundi au vendredi de 9h30 à 12h45, où ils peuvent manger, se doucher et laver leur linge après s'être inscrits. Le mercredi, il y a des ateliers spéciaux pour les femmes. Le CAARUD propose aussi un programme appelé TAPAJ pour les jeunes de 18 à 25 ans, qui les aide à retrouver un travail et à se réinsérer dans la société. L'équipe du CAARUD va également à la rencontre des gens dans la rue et travaille avec d'autres organisations pour les aider."
CAARUD Aurore,"Le CAARUD Aurore est un lieu qui aide les personnes qui consomment des drogues. Il les accueille sans poser de questions et de manière anonyme. L'équipe du CAARUD informe et conseille ces personnes pour réduire les risques liés à leur consommation. Elle leur donne accès aux soins de santé, à l'hygiène et aux droits. Elle leur donne aussi des outils pour se protéger des infections et des overdoses. Une partie de l'équipe ramasse les seringues et les petits matériels dans les rues pour nettoyer la ville."
Toilettes publiques,Il semble qu'il n'y ait pas de texte à simplifier. Pourriez-vous me fournir le texte que vous souhaitez que je réécrive en langage clair et accessible à tous ? Je serai ravi de vous aider.
Toilettes publiques,Il semble qu'il n'y ait pas de texte à simplifier. Pourriez-vous me fournir le texte que vous souhaitez que je réécrive en langage clair et accessible à tous ? Je serai ravi de vous aider.
CMP Pantin,"Le Centre médico-psychologique (CMP) de Pantin offre des consultations pour les personnes ayant des problèmes de santé mentale. Des professionnels de la santé comme des psychiatres, des psychologues, des infirmières et des assistants sociaux travaillent ensemble pour aider les patients. Le CMP a deux objectifs : soigner et prévenir les problèmes de santé mentale. Les consultations sont gratuites et prises en charge par la sécurité sociale, et les personnes peuvent venir sans donner leur nom."
Restos du Coeur - Centre dactivités d'Aubervilliers,"Les centres d'activités offrent de l'aide en cas d'urgence et pour aider les gens à s'intégrer dans la société. Ils proposent : un accueil chaleureux, une écoute attentive, de la nourriture pour ceux qui en ont besoin, une aide pour les problèmes matériels, des conseils pour trouver son chemin, un accompagnement pour chercher un emploi, partir en vacances, apprendre le français, utiliser les ordinateurs et internet, et une distribution de nourriture pour les personnes dans le besoin."
Restos du Coeur - Centre dactivités d'Aulnay-sous-Bois,"Les centres d’activités offrent de l’aide en cas d’urgence et pour aider les gens à s’intégrer dans la société. Ils proposent : un accueil chaleureux, une écoute attentive, de la nourriture pour ceux qui en ont besoin, une aide pour les problèmes matériels, des conseils pour trouver son chemin, un accompagnement pour chercher un emploi, partir en vacances, apprendre le français, utiliser les ordinateurs et internet, et une distribution de nourriture pour les personnes dans le besoin."
Restos du Coeur - Centre dactivités de Bondy,"Les centres d’activités offrent de l’aide en cas d’urgence et pour aider les gens à s’intégrer dans la société. Ils proposent : un accueil chaleureux, une écoute attentive, de la nourriture pour ceux qui en ont besoin, une aide pour les problèmes matériels, des conseils pour trouver son chemin, un accompagnement pour chercher un emploi, partir en vacances, apprendre le français, utiliser les ordinateurs et internet, et une distribution de nourriture pour les personnes dans le besoin."
Restos du Coeur - Centre dactivités de Drancy,"Les centres d’activités offrent de l’aide en cas d’urgence et pour aider les gens à s’intégrer dans la société. Ils proposent : un accueil chaleureux, une écoute attentive, de la nourriture pour ceux qui en ont besoin, une aide pour les problèmes matériels, des conseils pour trouver son chemin, un accompagnement pour chercher un emploi, partir en vacances, apprendre le français, utiliser les ordinateurs et internet, et une distribution de nourriture pour les personnes dans le besoin."
Restos du Coeur - Centre dactivités de La Courneuve,"Les centres d'activités offrent de l'aide en cas d'urgence et pour aider les gens à s'intégrer dans la société. Ils proposent : un accueil chaleureux, une écoute attentive, de la nourriture pour ceux qui en ont besoin, une aide pour les problèmes matériels, des conseils pour trouver son chemin, un accompagnement pour chercher un emploi, partir en vacances, apprendre le français, utiliser les ordinateurs et internet, et une distribution de nourriture pour les personnes dans le besoin."
Restos du Coeur - Centre dactivités du Pré-Saint-Gervais,"Les centres d'activités offrent de l'aide en cas d'urgence et pour aider les gens à s'intégrer dans la société. Ils proposent : un accueil chaleureux, une écoute attentive, de la nourriture pour ceux qui en ont besoin, une aide pour les problèmes matériels, des conseils pour trouver son chemin, un accompagnement pour chercher un emploi, partir en vacances, apprendre le français, utiliser les ordinateurs et internet, et une distribution de nourriture pour les personnes dans le besoin."
Restos du Coeur - Centre dactivités des Lilas,"Les centres d'activités offrent de l'aide en cas d'urgence et pour aider les gens à s'intégrer dans la société. Ils proposent : un accueil chaleureux, une écoute attentive, de la nourriture pour ceux qui en ont besoin, une aide pour les problèmes matériels, des conseils pour trouver son chemin, un accompagnement pour chercher un emploi, partir en vacances, apprendre le français, utiliser les ordinateurs et internet, et une distribution de nourriture pour les personnes dans le besoin."
Restos du Coeur - Centre dactivités de Noisy-le-Grand,"Les centres d'activités offrent de l'aide en cas d'urgence et pour aider les gens à s'intégrer dans la société. Ils proposent : un accueil chaleureux, une écoute attentive, de la nourriture pour ceux qui en ont besoin, une aide pour les problèmes matériels, des conseils pour trouver son chemin, un accompagnement pour chercher un emploi, partir en vacances, apprendre le français, utiliser les ordinateurs et internet, et une distribution de nourriture pour les personnes dans le besoin."
Restos du Coeur - Centre dactivités de Noisy-le-Sec,"Les centres d'activités offrent de l'aide en cas d'urgence et pour aider les gens à s'intégrer dans la société. Ils proposent : un accueil chaleureux, une écoute attentive, de la nourriture pour ceux qui en ont besoin, une aide pour les problèmes matériels, des conseils pour trouver son chemin, un accompagnement pour chercher un emploi, partir en vacances, apprendre le français, utiliser les ordinateurs et internet, et une distribution de nourriture pour les personnes dans le besoin."
Restos du Coeur - Centre dactivités de Pantin,"Les centres d'activités offrent de l'aide en cas d'urgence et pour aider les gens à s'intégrer dans la société. Ils proposent : un accueil chaleureux, une écoute attentive, de la nourriture pour ceux qui en ont besoin, une aide pour les problèmes matériels, des conseils pour trouver son chemin, un accompagnement pour chercher un emploi, partir en vacances, apprendre le français, utiliser les ordinateurs et internet, et une distribution de nourriture pour les personnes dans le besoin."
Restos du Coeur - Centre dactivités de Pierrefitte,"Les centres d'activités offrent de l'aide en cas d'urgence et pour aider les gens à s'intégrer dans la société. Ils proposent : un accueil chaleureux, une écoute attentive, de la nourriture pour ceux qui en ont besoin, une aide pour les problèmes matériels, des conseils pour trouver son chemin, un accompagnement pour chercher un emploi, partir en vacances, apprendre le français, utiliser les ordinateurs et internet, et une distribution de nourriture pour les personnes dans le besoin."
Restos du Coeur - Centre dactivités de Saint-Denis,"Les centres d'activités offrent de l'aide en cas d'urgence et pour aider les gens à s'intégrer dans la société. Ils proposent : un accueil chaleureux, une écoute attentive, de la nourriture pour ceux qui en ont besoin, une aide pour les problèmes matériels, des conseils pour trouver son chemin, un accompagnement pour chercher un emploi, partir en vacances, apprendre le français, utiliser les ordinateurs et internet, et une distribution de nourriture pour les personnes dans le besoin."
Restos du Coeur - Centre dactivités de Saint-Ouen,"Les centres d'activités offrent de l'aide en cas d'urgence et pour aider les gens à s'intégrer dans la société. Ils proposent : un accueil chaleureux, une écoute attentive, de la nourriture pour ceux qui en ont besoin, une aide pour les problèmes matériels, des conseils pour trouver son chemin, un accompagnement pour chercher un emploi, partir en vacances, apprendre le français, utiliser les ordinateurs et internet, et une distribution de nourriture pour les personnes dans le besoin."
Restos du Coeur - Centre dactivités de Stains,"Les centres d'activités offrent de l'aide en cas d'urgence et pour aider les gens à s'intégrer dans la société. Ils proposent : un accueil chaleureux, une écoute attentive, de la nourriture pour ceux qui en ont besoin, une aide pour les problèmes matériels, des conseils pour trouver son chemin, un accompagnement pour chercher un emploi, partir en vacances, apprendre le français, utiliser les ordinateurs et internet, et une distribution de nourriture pour les personnes dans le besoin."
Restos du Coeur - Centre dactivités de Tremblay-en-France,"Les centres d'activités offrent de l'aide en cas d'urgence et pour aider les gens à s'intégrer dans la société. Ils proposent : un accueil chaleureux, une écoute attentive, de la nourriture pour ceux qui en ont besoin, une aide pour les problèmes matériels, des conseils pour trouver son chemin, un accompagnement pour chercher un emploi, partir en vacances, apprendre le français, utiliser les ordinateurs et internet, et une distribution de nourriture pour les personnes dans le besoin."
Restos du Coeur - Centre dactivités de Villepinte,"Les centres d'activités offrent de l'aide en cas d'urgence et pour aider les gens à s'intégrer dans la société. Ils proposent : un accueil chaleureux, une écoute attentive, de la nourriture pour ceux qui en ont besoin, une aide pour les problèmes matériels, des conseils pour trouver son chemin, un accompagnement pour chercher un emploi, partir en vacances, apprendre le français, utiliser les ordinateurs et internet, et une distribution de nourriture pour les personnes dans le besoin."
Le Pôle Social,"Le Pôle Social d'Epinay-sur-Seine est un endroit où les personnes en difficulté peuvent trouver de l'aide et des informations. Il propose une épicerie sociale, un point d'hygiène et des permanences pour aider les gens. Vous pouvez également trouver des distributions de nourriture et des conseils pour les personnes ayant des problèmes d'addiction. Pour obtenir de l'aide, vous pouvez contacter l'association EDVO au 01 34 28 64 50 pour prendre un rendez-vous."
Restos du Coeur - Centre dactivités du Bourget,"Les centres d'activités offrent de l'aide en cas d'urgence et pour aider les gens à s'intégrer dans la société. Ils proposent : un accueil chaleureux, une écoute attentive, de la nourriture pour ceux qui en ont besoin, une aide pour les problèmes matériels, des conseils pour trouver son chemin, un accompagnement pour chercher un emploi, partir en vacances, apprendre le français, utiliser les ordinateurs et internet, et une distribution de nourriture pour les personnes dans le besoin."
Restos du Coeur - Centre dactivités de Neuilly-sur-Marne,"Les centres d'activités offrent de l'aide en cas d'urgence et pour aider les gens à s'intégrer dans la société. Ils proposent : un accueil chaleureux, une écoute attentive, de la nourriture pour ceux qui en ont besoin, une aide pour les problèmes matériels, des conseils pour trouver son chemin, un accompagnement pour chercher un emploi, partir en vacances, apprendre le français, utiliser les ordinateurs et internet, et une distribution de nourriture pour les personnes dans le besoin."
Restos du Coeur - Centre dactivités de Montreuil,"Les centres d'activités offrent de l'aide en cas d'urgence et pour aider les gens à s'intégrer dans la société. Ils proposent : un accueil chaleureux, une écoute attentive, de la nourriture pour ceux qui en ont besoin, une aide pour les problèmes matériels, des conseils pour trouver son chemin, un accompagnement pour chercher un emploi, partir en vacances, apprendre le français, utiliser les ordinateurs et internet, et une distribution de nourriture pour les personnes dans le besoin."
Restos du Coeur - Centre dactivités de Sevran,"Les centres d'activités offrent de l'aide en cas d'urgence et pour aider les gens à s'intégrer dans la société. Ils proposent : un accueil chaleureux, une écoute attentive, de la nourriture pour ceux qui en ont besoin, une aide pour les problèmes matériels, des conseils pour trouver son chemin, un accompagnement pour chercher un emploi, partir en vacances, apprendre le français, utiliser les ordinateurs et internet, et une distribution de nourriture pour les personnes dans le besoin."
Association Speranza,L'association Speranza a une épicerie sociale qui est ouverte du lundi au vendredi. Seuls les membres de l'association peuvent y accéder.
Boutique Coup de Main - Pantin,"La Boutique Coup de Main de Pantin est une boutique ouverte à tous. Elle vend des meubles, des vêtements et de la vaisselle à des prix bas. Les objets sont récupérés et revendus pour aider les gens à se réinsérer dans la société."
Boutique Coup de Main - Bagnolet,"La Boutique Coup de Main de Bagnolet est une boutique pour tous. Elle vend des meubles, des vêtements et de la vaisselle à bas prix. Les objets sont récupérés et revendus pour aider les gens à se réinsérer dans la société."
Habitat-Cité,L'association Habitat-Cité offre des consultations juridiques sur rendez-vous pour aider les gens sur différents sujets. Elle propose également des cours de français pour les étrangers. L'association a des employés qui parlent russe et roumain pour aider les personnes qui ont besoin de ces langues.
Association Ikambere « La Maison Accueillante »,"Ikambere est un centre qui aide les femmes touchées par le VIH à devenir autonomes. Il leur offre une prise en charge globale pour les aider à surmonter les difficultés de la vie et de la maladie. Le centre propose des activités pour les femmes qui en ont besoin, comme des séances de soutien et des formations professionnelles. L'accueil est ouvert jusqu'à 18h, mais les professionnels et les services sont disponibles jusqu'à 17h. Le but est de les aider à retrouver leur indépendance et à s'intégrer dans la société."
SPADA 93,"La Plateforme d'Accueil des Demandeurs d'Asile (SPADA) est un lieu important pour les personnes qui veulent demander l'asile en France. Pour commencer, vous devez passer par la SPADA pour obtenir un rendez-vous avec la préfecture et l'OFII. La SPADA est un endroit où vous pouvez obtenir des informations, des conseils et une orientation pour votre demande d'asile. Si vous êtes nouveau à Paris ou dans sa région et que vous souhaitez demander l'asile, appelez le <a href=""tel:0142500900"">01 42 50 09 00</a> (numéro gratuit) pour commencer la procédure."
Mission Locale d'Aubervilliers / AISPJA,"Pour vous inscrire, il vous faut une pièce d'identité valide et un justificatif de domicile. Si vous êtes hébergé ou si votre adresse n'est pas sur votre pièce d'identité, vous aurez besoin d'un justificatif de domicile récent, comme une quittance de loyer ou une facture EDF, et éventuellement d'un certificat d'hébergement."
Mission Locale La Lyr - Bobigny,"La Mission locale à Bobigny aide les jeunes de 16 à 25 ans qui ont quitté l'école. Un conseiller vous aide à trouver votre chemin. La Mission locale vous aide à <b>définir votre projet professionnel</b>, à <b>rechercher un emploi ou une formation</b>, à <b>travailler à l'étranger</b> et à <b>comprendre vos droits</b> en matière de santé, de logement, de garde d'enfants, etc. Un conseiller est là pour vous aider à chaque étape."
SOS Victimes 93 - Point d'accès aux droits,"Sos Victimes 93 aide les personnes victimes de crimes ou d'accidents. Nous proposons des consultations juridiques et un soutien psychologique. Vous pouvez nous rencontrer à notre siège ou dans une vingtaine de lieux du département. Pour venir, il faut prendre rendez-vous au téléphone, sauf si vous venez à la permanence juridique au Tribunal Judiciaire de Bobigny, où vous pouvez venir directement du lundi au vendredi de 13h à 17h30."
Mission Locale Paris Terres d'Envol - Antenne du Blanc-Mesnil,"La Mission locale est là pour aider les jeunes de 16 à 25 ans qui ont quitté l'école. Un conseiller vous aidera à trouver votre chemin. La Mission locale vous aide à : définir votre projet professionnel, trouver un emploi ou une formation, partir travailler à l'étranger, connaître vos droits à la santé, au logement, à la garde d'enfants, etc. Vous pouvez venir du lundi au vendredi, mais les conseillers ne sont présents que du lundi au jeudi."
Mission Locale Paris Terres d'Envol - Antenne de Drancy,"La Mission locale est là pour aider les jeunes de 16 à 25 ans qui ont quitté l'école. Un conseiller vous aidera à trouver votre chemin. La Mission locale vous aide à : définir votre projet professionnel, trouver un emploi ou une formation, partir travailler à l'étranger, connaître vos droits en matière de santé, de logement, de garde d'enfants, etc."
PASS - GHI Montfermeil,"La PASS est un service qui aide les personnes qui ont besoin de soins médicaux mais qui n'y ont pas accès. Cela peut être dû à une absence de protection sociale, à des conditions de vie difficiles ou à des problèmes financiers. Toute personne qui se présente à la PASS avec un problème de santé et une difficulté sociale peut bénéficier de ce service. Les difficultés sociales peuvent inclure : l'isolement, le manque de logement stable, des problèmes de couverture sociale ou des difficultés pour accéder aux soins. Les personnes qui utilisent la PASS ont accès à : des consultations avec des médecins spécialisés, un accompagnement social pour les aider à ouvrir leurs droits à l'assurance maladie, la possibilité de recevoir des médicaments sur ordonnance et l'accès aux équipements médicaux de l'hôpital comme les prises de sang."
La Place Santé,"La Coopérative Communautaire Santé Bien-Être aide les habitants du quartier à rester en bonne santé. Elle propose des actions pour améliorer la santé et aide les gens à faire leurs démarches pour avoir accès à leurs droits. La coopérative gère un centre de santé appelé La Place Santé. Ce centre compte des médecins, des personnes qui aident pour les démarches de santé, une infirmière et une psychologue. Actuellement, le service de médecine générale est plein et ne prend pas de nouveaux patients, sauf si vous habitez dans le quartier Franc-Moisins/Bel-Air. Pour prendre rendez-vous avec un médecin, appelez le 01.48.09.09.17. Pour les activités en groupe, appelez le 01.48.09.09.01 ou demandez à l'accueil."
Mission Locale Intercommunale - antenne de Bondy,"La Mission locale est là pour aider les jeunes de 16 à 25 ans qui ont quitté l'école. Un conseiller vous aidera à trouver votre chemin. La Mission locale vous aide à : définir votre projet professionnel, trouver un emploi ou une formation, partir travailler à l'étranger, connaître vos droits à la santé, au logement, à la garde d'enfants, etc. Elle accueille les jeunes de Bondy."
point-justice du Pré Saint-Gervais,"Le point-justice du Pré Saint-Gervais est un service juridique qui aide les gens à comprendre leurs droits et obligations. Il s'agit d'un lieu d'accueil et d'information sur les droits dans différents domaines comme la famille, le travail, la justice, etc. Ce service est ouvert à tous, quel que soit son revenu, son âge, son sexe ou sa nationalité. Il permet de : connaître ses droits et devoirs, être informé sur la façon de les faire valoir, être orienté vers les bonnes structures, être aidé pour les démarches, être informé sur la médiation et être mis en contact avec un conciliateur de justice. Les consultations avec des professionnels du droit ou des associations sont gratuites, confidentielles et accessibles à tous sur rendez-vous."
Mission Locale CODE - antenne d'Épinay-sur-Seine,"La Mission Locale est là pour aider les jeunes de 16 à 25 ans qui ont quitté l'école. Un conseiller vous aidera à trouver votre chemin. La Mission Locale peut vous aider à : définir votre projet professionnel, trouver un emploi ou une formation, partir travailler à l'étranger, connaître vos droits en matière de santé, de logement, de garde d'enfants, etc."
Mission Locale CODE- antenne de Saint-Ouen-sur-Seine,"La Mission Locale est là pour aider les jeunes de 16 à 25 ans qui ont quitté l'école. Un conseiller vous aidera à trouver votre chemin. La Mission Locale peut vous aider à : définir votre projet professionnel, trouver un emploi ou une formation, partir travailler à l'étranger, connaître vos droits en matière de santé, de logement, de garde d'enfants, etc."
PASS - Hôpital Avicenne,"La PASS de l'Hôpital Avicenne est un service qui aide les personnes qui ont besoin de soins médicaux mais qui n'y ont pas accès. Cela peut être dû à l'absence de protection sociale, à des conditions de vie difficiles ou à des problèmes financiers. La PASS offre des consultations médicales, des traitements, des examens médicaux et un accompagnement social pour aider les personnes à obtenir leurs droits."
Mission Locale CODE - antenne de Villetaneuse,"La Mission Locale est là pour aider les jeunes de 16 à 25 ans qui ont quitté l'école. Un conseiller vous aidera à trouver votre chemin. La Mission Locale peut vous aider à : définir votre projet professionnel, trouver un emploi ou une formation, partir travailler à l'étranger, connaître vos droits à la santé, au logement, à la garde d'enfants, etc. Les demandeurs d'asile et réfugiés ayant le droit de travailler en France ou dans l'Union Européenne sont également les bienvenus."
PASS - Hôpital Jean Verdier,"La PASS de l'Hôpital Jean Verdier est un service qui aide les personnes qui ont besoin de soins médicaux mais qui n'y ont pas accès. Cela peut être dû à une absence de protection sociale, à des conditions de vie difficiles ou à des problèmes financiers. Le service propose un accueil sans condition et un accompagnement pour ces personnes. Après avoir examiné la situation de chaque personne, la PASS peut offrir des consultations de médecine générale. Il est possible de prendre rendez-vous pour des consultations du lundi au vendredi. Pour plus d'informations, vous pouvez contacter le service social au 01 48 02 62 88."
point-justice de Livry-Gargan,"Le point-justice de Livry-Gargan est un service qui aide les gens avec des problèmes juridiques. Il est ouvert à tous, peu importe son revenu, son adresse, son âge, son sexe ou sa nationalité. Ce service permet de : connaître ses droits et devoirs, obtenir des informations pour les faire respecter, être orienté vers les bons services, recevoir de l'aide pour faire des démarches, apprendre sur la médiation et rencontrer un conciliateur de justice. Les consultations avec des professionnels du droit ou des associations sont gratuites, confidentielles et accessibles à tous. Il faut généralement prendre rendez-vous avec l'agent d'accueil du point-justice pour rencontrer un professionnel."
Mission Locale de La Courneuve,"Pour vous inscrire, il vous faut une pièce d'identité valide et un justificatif de domicile. Si vous êtes hébergé ou si votre adresse n'est pas sur votre pièce d'identité, vous aurez besoin d'un justificatif de domicile récent (moins de 3 mois) comme une quittance de loyer ou une facture EDF, et éventuellement d'un certificat d'hébergement."
PASS - CHI Robert Ballanger,"La PASS du CHI Robert Ballanger offre un accueil sans condition et un accompagnement aux personnes qui ont besoin de soins médicaux mais qui n'y ont pas accès. Cela peut être dû à l'absence de protection sociale, à des conditions de vie difficiles ou à des problèmes financiers. Pour bénéficier de la PASS, il faut avoir un problème de santé urgent et au moins l'un des critères suivants : avoir perdu ses liens sociaux, ne pas avoir de logement stable, avoir des problèmes de couverture sociale, avoir des difficultés pour accéder aux soins. Les personnes qui bénéficient de la PASS ont accès à des consultations de médecins spécialisés, à un accompagnement social, à une aide pour ouvrir leurs droits à l'assurance maladie, à des médicaments sur ordonnance et à des prises de sang."
Mission Locale de la Dhuys - Clichy-sous-Bois,"La Mission locale de la Dhuys est là pour aider les jeunes de 16 à 25 ans qui ont quitté l'école. Un conseiller vous aidera à trouver votre chemin. La Mission locale peut vous aider à : définir votre projet professionnel, trouver un emploi ou une formation, découvrir comment travailler à l'étranger, comprendre vos droits en matière de santé, de logement, de garde d'enfants, etc. Pour commencer, il vous faudra apporter : une pièce d'identité, votre carte Vitale ou votre numéro de Sécurité sociale, et un CV si vous en avez un."
point-justice de Drancy,"Le point-justice de Drancy est un service juridique qui aide les gens à comprendre leurs droits et obligations. Il s'agit d'un lieu d'accueil et d'information où vous pouvez obtenir des conseils sur différents domaines de droit, tels que la famille, le travail, l'immigration, etc. Ce service est ouvert à tous, quel que soit votre revenu, votre âge, votre sexe ou votre nationalité. Vous pouvez y obtenir des informations sur vos droits et devoirs, comment les faire valoir, et être orienté vers les structures adaptées pour vous aider. Les professionnels du droit et les associations qui y travaillent offrent des permanences gratuites et confidentielles, accessibles sur rendez-vous après une analyse de votre situation. Vous pouvez également obtenir des informations sur la médiation et être mis en relation avec un conciliateur de justice."
PASS - Centre hospitalier de Saint-Denis Delafontaine,"La PASS du Centre Hospitalier de Saint-Denis est un service qui aide les personnes qui ont besoin de soins médicaux mais qui n'y ont pas accès. Cela peut être dû à un manque de protection sociale, à des conditions de vie difficiles ou à des problèmes financiers. La PASS propose des consultations avec des médecins généralistes et spécialistes, des dentistes et des sages-femmes. Pour utiliser ce service, il faut : <b>prendre rendez-vous</b> au 01 42 35 61 40, <b>se présenter deux heures avant le rendez-vous</b> au service social pour faire les démarches nécessaires, puis <b>se présenter à la consultation</b> à l'heure prévue."
Mission Locale Intercommunale - antenne de Montreuil,"La Mission locale est là pour aider les jeunes de 16 à 25 ans qui ont quitté l'école. Un conseiller vous aidera à trouver votre chemin. La Mission locale vous aide à : définir votre projet professionnel, trouver un emploi ou une formation, partir travailler à l'étranger, connaître vos droits en matière de santé, de logement, de garde d'enfants, etc."
Maison des services publics de Montfermeil,"Un lieu pour vous aider et vous informer. Il simplifie vos démarches avec les services publics. Vous pouvez y trouver des services comme la Mairie, la Sous-Préfecture, la CPAM et la CAF. Des associations comme l'ARIFA, le CDAD, l'ADIL 93 et le CIDFF 93 y sont aussi présentes pour vous aider."
Mission Locale de la Lyr - Pantin,"La Mission locale de la Lyr à Pantin est là pour aider les jeunes de 16 à 25 ans qui ont quitté l'école. Un conseiller vous aidera à trouver votre chemin. La Mission locale de la Lyr peut vous aider à : définir votre projet professionnel, trouver un emploi ou une formation, partir travailler à l'étranger, connaître vos droits en matière de santé, de logement, de garde d'enfants, etc. Vous pouvez trouver la Mission Locale de la Lyr à l'intérieur de la Maison de l'Emploi de Pantin."
Mission Locale de la Marne aux Bois - Rosny,"La Mission locale est là pour aider les jeunes de 16 à 25 ans qui ont quitté l'école. Un conseiller vous aidera à trouver votre chemin. La Mission locale peut vous aider à : définir votre projet professionnel, trouver un emploi ou une formation, partir travailler à l'étranger, connaître vos droits en matière de santé, de logement, de garde d'enfants, etc. Pour venir, il vous suffit d'apporter une pièce d'identité ou votre Carte de Séjour."
point-justice de Montreuil Centre-Ville,"Le point-justice de Montreuil Centre-Ville est un service qui aide les gens avec des problèmes juridiques. Vous pouvez y aller avant, pendant ou après un procès. C'est un endroit où vous pouvez obtenir des informations sur vos droits et obligations dans différents domaines comme la famille, le travail ou l'immigration. Le point-justice est ouvert à tous, quel que soit votre revenu, votre âge ou votre nationalité. Vous pouvez y aller pour : connaître vos droits et devoirs, obtenir des informations sur la façon de les faire respecter, être orienté vers les bonnes personnes pour vous aider, obtenir de l'aide pour faire des démarches, apprendre à résoudre les conflits de manière pacifique, rencontrer un conciliateur de justice. Les professionnels du droit et les associations qui y travaillent offrent des consultations gratuites et confidentielles. Il faut généralement prendre rendez-vous avec l'agent d'accueil pour rencontrer un professionnel."
Mission Locale CODE - antenne de Pierre?tte,"La Mission Locale est là pour aider les jeunes de 16 à 25 ans qui ont quitté l'école. Un conseiller vous aidera à trouver votre chemin. La Mission Locale peut vous aider à : définir votre projet professionnel, trouver un emploi ou une formation, partir travailler à l'étranger, connaître vos droits en matière de santé, de logement, de garde d'enfants, etc."
Mission Locale CODE - Saint-Denis (Siège),"La Mission Locale est là pour aider les jeunes de 16 à 25 ans qui ont quitté l'école. Un conseiller vous aidera à trouver votre chemin. La Mission Locale peut vous aider à : définir votre projet professionnel, trouver un emploi ou une formation, partir travailler à l'étranger, connaître vos droits en matière de santé, de logement, de garde d'enfants, etc."
Bureau d'accompagnement vers l'emploi,"Le BAIE est un service qui aide les femmes de Seine-Saint-Denis à trouver un emploi ou une formation. Il est agréé par le Ministère des Droits des Femmes. Le BAIE propose plusieurs services : élaborer un projet professionnel, rechercher une formation, valoriser son expérience en France ou à l'étranger, créer des outils pour trouver un emploi et simuler des entretiens. Il faut prendre rendez-vous pour utiliser ces services."
Planning Familial 93,"Le M.F.P.F 93 est une association qui aide les femmes. Elle existe depuis 1972 et veut que les femmes puissent décider librement de leur corps et de leur vie sexuelle. L'association défend le droit à l'avortement et à la contraception. Elle lutte contre les violences faites aux femmes, comme les violences dans les couples, les violences en famille et les violences sexuelles. L'association accompagne les femmes victimes de violences, propose des formations et des informations. Tout est confidentiel. Les femmes peuvent venir consulter pour avoir des informations sur l'avortement et la contraception. Les types de violences contre lesquelles l'association lutte incluent les violences au sein du couple, les violences en famille et les violences sexuelles comme les viols et les agressions sexuelles."
SOS Femmes 93  - Lieu d'Accueil et d'Orientation,"<p>Lieu d'Accueil et d'Orientation pour les femmes victimes de violences conjugales de la Seine-Saint-Denis, avec ou sans enfants. Nous proposons : accueil spécialisé, écoute, conseil, soutien, information et permanence juridique. Vous pouvez venir nous voir sans rendez-vous le lundi de 17h à 20h, et les mardi, mercredi et jeudi de 10h à 13h, avec ou sans vos enfants. Les après-midi de 14h à 17h30 sont réservés aux rendez-vous individuels. Le vendredi, nous sommes ouverts pour les rendez-vous individuels et les ateliers collectifs sur inscription. Appelez-nous au 0148486227 pour une écoute confidentielle et anonyme, du lundi au vendredi de 14h à 17h.</p>"
CSAPA Docteur Pesqué,"Le CSAPA Docteur Pesqué est un centre qui aide les personnes ayant des problèmes d'addiction. Il est situé dans le Centre municipal de santé d'Aubervilliers. Le centre accueille des personnes de tous âges et les aide pour toutes sortes de problèmes d'addiction, qu'il y ait des produits impliqués ou non. Les proches des personnes concernées peuvent également venir consulter. Pour consulter, il faut prendre rendez-vous au Centre municipal de santé."
Secours Populaire - Comité de Drancy,"Le Secours populaire français aide les personnes dans le besoin. Il leur offre de la nourriture, des vêtements, un toit et l'accès aux soins médicaux. Il les aide également à trouver un travail et à accéder à la culture. L'objectif est de donner à tous les mêmes chances. Il y a un accueil au 9 cité la Muette les mercredis et jeudis."
CSAPA Balagny,"Le CSAPA Balagny est un centre qui aide les personnes ayant des problèmes d'addiction. Il accueille et soutient ceux qui ont des difficultés avec l'alcool, les drogues ou d'autres addictions, ainsi que leurs proches. Ce centre fait partie du Centre Municipal de Santé Balagny."
AIDES Saint-Denis,"AIDES est une association qui aide les personnes touchées par le VIH/sida et les hépatites virales. Elle informe, prévient et soutient ces personnes. Le local AIDES de St-Denis aide également les personnes vivant avec le VIH pour leurs démarches administratives et de santé. Il y a des permanences chaque semaine pour répondre aux questions sur la santé sexuelle et la consommation de drogues. Vous pouvez faire des tests rapides et gratuits pour le VIH et l'hépatite C dans un endroit confidentiel et sans jugement. Vous pouvez prendre rendez-vous du lundi au vendredi en appelant au 06.01.01.82.11 ou 07 62 38 69 37, ou en envoyant un mail à ymaisonneuve@aides.org. Il est aussi possible de venir sans rendez-vous tous les mercredis de 15h à 19h."
AIDES Bobigny,"L'association AIDES propose des actions pour prévenir les maladies sexuellement transmissibles et les hépatites. Nous offrons des tests rapides et gratuits pour le VIH et les hépatites B et C, avec des résultats immédiats. Nos membres échangent avec vous sur les risques liés aux infections sexuellement transmissibles, à la consommation de drogues et à la santé en général. Nous distribuons gratuitement des préservatifs, des documents sur les infections sexuellement transmissibles et du matériel pour réduire les risques liés aux drogues. Nous proposons également des tests pour détecter les infections à la gonorrhée et aux chlamydiae. Tout cela se fait dans un cadre confidentiel et sans jugement. Nous aidons également les personnes à accéder aux droits, aux soins et à l'autonomie en santé. Nous sommes ouverts tous les mercredis de 14h00 à 19h30 sans rendez-vous, mais vous pouvez nous appeler pour prendre un rendez-vous à un autre moment. Nous sommes là pour vous aider et vous soutenir."
Secours Populaire - Comité de La Courneuve,"Le Secours populaire français aide les gens dans plusieurs domaines : <b>nourriture</b>, <b>vêtements</b>, <b>logement</b>, <b>soins médicaux</b>, <b>travail</b>, <b>culture</b> et <b>droits</b> pour que tout le monde ait accès à ce dont il a besoin."
Point d'Accès au Droit de Noisy-le-Sec,"Le Point d&#39;Accès au Droit (PAD) de Noisy-le-Sec est un endroit où vous pouvez obtenir de l&#39;aide pour vos problèmes juridiques ou administratifs. Il est reconnu par le conseil départemental. Vous pouvez vous rendre sur place sur rendez-vous, sans payer et sans donner votre nom."
CeGIDD Départemental de Bobigny,"Le CeGIDD de Bobigny propose des consultations pour les femmes. Il s'agit de prévenir et dépister le VIH, les hépatites et les infections sexuellement transmissibles. Les femmes peuvent également bénéficier d'une consultation gynécologique et de psycho-sexologie. Pour plus d'informations, vous pouvez visiter le site internet de Sida Info Service."
Mission Locale Intercommunale - antenne de Sevran,"La Mission locale est là pour aider les jeunes de 16 à 25 ans qui ont quitté l'école. Un conseiller vous aidera à trouver votre chemin. La Mission locale vous aide à : définir votre projet professionnel, trouver un emploi ou une formation, partir travailler à l'étranger, connaître vos droits à la santé, au logement, à la garde d'enfants, etc. La Mission locale propose aussi des contrats pour les jeunes, qui incluent des activités pour les aider à trouver leur place, en échange d'une aide financière, pendant 15 à 20 heures par semaine."
Secours Populaire - Comité des Lilas,"Le Secours populaire français aide les personnes dans le besoin. Il leur offre de la nourriture, des vêtements, un toit et l'accès aux soins médicaux. Il les aide également à trouver un travail et à accéder à la culture. L'objectif est de donner à tous les moyens de vivre dignement et d'avoir accès à leurs droits. Vous pouvez les contacter le mardi et le jeudi après-midi pour obtenir de l'aide."
Mission Locale Intercommunale - antenne de Villemomble,"La Mission locale est là pour aider les jeunes de 16 à 25 ans qui ont quitté l'école. Un conseiller vous aidera à trouver votre chemin. La Mission locale peut vous aider à : définir votre projet professionnel, trouver un emploi ou une formation, partir travailler à l'étranger, connaître vos droits en matière de santé, de logement, de garde d'enfants, etc."
Boutique alimentaire Coup de pouce,"L'association Coup de Pouce a créé une épicerie pour aider les familles les plus pauvres des Pavillons-sous-Bois. Les familles sont sélectionnées par des organismes sociaux comme le CCAS, la CAF ou les assistantes sociales. En échange d'un petit paiement, qui représente 10% du prix normal, les familles reçoivent des produits alimentaires de base."
CSAPA Oppelia Cap 93,"Un CSAPA est un endroit où les personnes ayant des problèmes d'addiction peuvent trouver de l'aide. Il s'adresse aux personnes en difficulté, à leur famille et aux professionnels. Le CSAPA Oppelia Cap 93 accueille les personnes ayant des problèmes d'addiction, avec ou sans consommation de substances, ainsi que leur entourage. Les mineurs sont également les bienvenus. Pour prendre rendez-vous, vous pouvez appeler par téléphone ou vous présenter sur place lorsque la secrétaire est présente."
Mission Locale Intercommunale - antenne de Tremblay-en-France,"La Mission locale est là pour aider les jeunes de 16 à 25 ans qui ont quitté l'école. Un conseiller vous aidera à trouver votre chemin. La Mission locale vous aide à <b>définir votre projet professionnel</b>, à <b>rechercher un emploi ou une formation</b>, à <b>travailler à l'étranger</b> et à <b>comprendre vos droits</b> en matière de santé, de logement, de garde d'enfants, etc. La Mission locale propose aussi des <b>contrats d'engagement jeune</b> qui vous permettent de participer à des activités pour vous aider à vous insérer dans la vie active, en échange d'une aide financière, pendant 15 à 20 heures par semaine."
ASKOLA,"ASKOLA veut aider les enfants qui n'ont pas accès à l'éducation à cause de leur situation difficile dans la Seine-Saint-Denis. L'association propose trois types d'actions : <b>éducation</b> avec des cours dans des camions-école, des sorties culturelles et un soutien scolaire ; <b>médiation scolaire</b> pour aider les enfants à s'inscrire à l'école, leur donner des fournitures scolaires et renforcer le lien entre les familles et l'école ; <b>plaidoyer</b> pour défendre le droit à l'éducation et améliorer les politiques publiques avec des mères d'élèves."
Maison de Justice et du Droit d'Epinay-sur-Seine,"La maison de justice et du droit d'Epinay-sur-Seine est un lieu où vous pouvez obtenir des informations et des conseils sur vos droits et obligations. Elle dépend du tribunal judiciaire de Bobigny et est gérée par la ville d'Epinay-sur-Seine. Vous pouvez y aller pour obtenir des informations sur des sujets tels que la famille, le travail, les étrangers, etc. sans être en procès. <b>Les services proposés sont gratuits et confidentiels</b>. Vous pouvez y aller pour : connaître vos droits et devoirs, obtenir des informations sur la façon de les faire valoir, être orienté vers les structures adaptées, obtenir de l'aide pour accomplir des démarches, obtenir de l'aide si vous êtes victime d'une infraction pénale, obtenir des informations sur la médiation, être mis en relation avec un conciliateur de justice. Les permanences des professionnels du droit ou des associations sont accessibles sur rendez-vous. Des activités judiciaires pénales et civiles peuvent également s'y dérouler. Cette maison de justice fait partie du réseau des point-justice du département pour l'accès au droit."
Maison de Justice et du Droit de Clichy-sous-Bois,"La maison de justice et du droit de Clichy-sous-Bois est un lieu où vous pouvez obtenir des informations et des conseils sur vos droits et obligations. Elle dépend du tribunal judiciaire de Bobigny et est également gérée par la ville de Clichy-sous-Bois. Vous pouvez vous rendre à la maison de justice et du droit pour obtenir des informations sur vos droits en matière de famille, de travail, de justice pénale, etc. Les services proposés sont gratuits et accessibles à tous, quel que soit votre revenu, votre âge, votre sexe ou votre nationalité. Vous pouvez obtenir des informations sur vos droits et obligations, être orienté vers les structures adaptées, obtenir de l'aide pour accomplir des démarches, être aidé si vous êtes victime d'une infraction pénale, obtenir des informations sur la médiation et être mis en relation avec un conciliateur de justice. Les permanences des professionnels du droit sont gratuites et confidentielles, et vous pouvez prendre rendez-vous avec l'agent d'accueil pour obtenir des conseils et des informations. La maison de justice et du droit propose également des activités judiciaires pénales et civiles, et fait partie du réseau des point-justice du département pour l'accès au droit."
Espace Tête à Tête,"Le Tête à Tête est un lieu situé dans le centre commercial Rosny 2, où les adolescents et les jeunes adultes de la Seine-Saint-Denis peuvent venir. Il offre un espace pour discuter de choses importantes comme la vie amoureuse, la santé, les drogues et les violences. Les jeunes peuvent venir pour parler de leurs préoccupations et recevoir des conseils. Le but est de les aider à trouver des solutions à leurs problèmes et de les orienter vers des professionnels si nécessaire. L'entrée est gratuite, anonyme et ouverte à tous."
Centre de Soins d'Accompagnement et de Prévention en Addictologie (CSAPA) -  Le Chat,"Un CSAPA est un endroit où les personnes ayant des problèmes avec l'alcool, le tabac ou d'autres addictions peuvent trouver de l'aide. Il accueille également les familles et les amis de ces personnes, ainsi que les professionnels de la santé. Le CSAPA de Saint-Denis, appelé ""Le Chat"", offre un accompagnement et des soins pour les personnes ayant des problèmes avec l'alcool et/ou le tabac. Il est situé dans le Centre Municipal de Santé Le Cygne."
Association Femmes Relais Médiatrices Interculturelles,"L'association Femmes Relais Médiatrices Interculturelles est une association qui aide les gens à s'intégrer dans la société. Elle est composée d'une équipe de personnes avec des compétences différentes, comme des assistantes sociales, des médiateurs et des juristes. L'association propose de nombreuses activités, notamment : une permanence pour aider les gens à comprendre leurs droits, des ateliers pour apprendre la langue et l'informatique, des ateliers pour trouver un emploi et améliorer son estime de soi, des séances sur des thèmes importants comme la santé et la parentalité, du sport, des permanences à la Poste, un atelier de réparation de vélos, une distribution de colis alimentaires, un écrivain public, de l'accompagnement scolaire, des sorties culturelles et familiales, des ateliers de couture. L'association est active depuis 1988 et travaille sans relâche pour améliorer la vie de ses membres."
CeGIDD Hôpital André Grégoire - Montreuil,"Le Centre Gratuit d'Information de Dépistage et de Diagnostic (CeGIDD) est là pour vous aider. Il propose des services gratuits pour la prévention, le dépistage et le traitement du VIH, des hépatites et des infections sexuellement transmissibles. Le centre offre également des services pour la contraception, la prise en charge des violences et les vaccinations contre les infections sexuellement transmissibles. Il travaille avec d'autres services de santé pour améliorer la santé sexuelle de la population. Pour plus d'informations sur le dépistage à Montreuil, vous pouvez visiter le site internet de Sida Info Service."
CeGIDD du Centre hospitalier de Saint-Denis,"Le CeGIDD de Saint-Denis est un centre gratuit pour obtenir des informations et se faire dépister pour les infections par le VIH, les hépatites et les maladies sexuellement transmissibles. Il propose des services de prévention, dépistage et traitement pour ces infections, ainsi que pour les violences et les grossesses non prévues. Vous pouvez également vous renseigner sur la contraception et les vaccinations. Pour visiter le centre, il est recommandé de vous présenter 45 minutes avant la fermeture et d'appeler pendant les heures d'ouverture. Pour les consultations PrEP, le premier contact peut se faire aux heures d'ouverture du centre, mais les suivis nécessitent un rendez-vous du lundi au vendredi de 9h à 18h. Pour plus d'informations, vous pouvez consulter le site internet de Sida Info Service."
Secours Populaire - Comité de l'île Saint-Denis,"Le Secours populaire français aide les personnes dans le besoin. Il offre de la nourriture, des vêtements, de l'aide pour trouver ou garder un logement, accéder aux soins médicaux, trouver un travail et participer à la vie culturelle. Il aide également les gens à comprendre et à exercer leurs droits. Vous pouvez vous rendre au centre social le jeudi de 14h à 17h pour obtenir de l'aide et des informations."
CASITA Maison des adolescents,"CASITA est un endroit où les adolescents de 11 à 21 ans peuvent venir pour parler de leurs problèmes. Les professionnels de CASITA les écoutent et les aident. Ils sont là pour les jeunes qui habitent à Aubervilliers, Bobigny, Drancy, La Courneuve, Pantin et Noisy-le-Sec. Les adolescents peuvent venir seuls ou avec leur famille. Ils peuvent appeler CASITA ou venir sur place. CASITA est situé dans l'Hôpital Avicenne. Les portes sont ouvertes à tous les jeunes qui ont des difficultés. Les équipes de CASITA sont aussi là pour aider les parents ou les professionnels qui s'inquiètent pour un jeune."
CASADO Maison des adolescents,"La maison des adolescents, CASADO, est un endroit où les jeunes de 12 à 21 ans peuvent venir pour parler, être écoutés et obtenir de l'aide. Les parents et les professionnels qui travaillent avec les jeunes sont également les bienvenus."
CSAPA la Mosaïque,"Ce centre est là pour aider les personnes qui ont des problèmes avec les drogues illicites. Il est anonyme et gratuit, ce qui signifie que vous pouvez venir sans donner votre nom et sans payer. L'équipe qui travaille ici est composée de personnes ayant différentes spécialités, ce qui permet de vous aider sur plusieurs aspects : votre santé physique, vos problèmes psychologiques et vos difficultés sociales et éducatives."
Secours Populaire - Comité de Livry Gargan,"Le Secours populaire français aide les personnes dans le besoin. Il leur offre de la nourriture, des vêtements, un toit et l'accès aux soins médicaux. Il les aide également à trouver un travail et à accéder à la culture. L'objectif est de donner à tous les moyens de vivre dignement et d'avoir accès à leurs droits. Vous pouvez les contacter le lundi et le jeudi pour obtenir de l'aide."
Secours Catholique de Clichy-sous-Bois,"Le Secours Catholique de Clichy-sous-Bois offre un accueil social chaque mardi matin. Les personnes en difficulté peuvent venir discuter avec quelqu'un qui les écoute. Il y a aussi une épicerie sociale, mais pour y accéder, il faut d'abord voir une assistante sociale. De plus, le Secours Catholique organise des activités culturelles un jeudi matin par mois."
Juris Secours Bobigny,"L'Association d'accès au Droit et de cohésion sociale offre des services pour aider les gens. Vous pouvez obtenir des conseils juridiques, administratifs et sociaux. Ils aident notamment les femmes et les jeunes filles qui ont subi des violences ou des discriminations. Pour rencontrer quelqu'un, vous devez prendre rendez-vous par téléphone. Il y a aussi des permanences juridiques à d'autres endroits à Bobigny : <b>à l'Hôtel de Ville de Bobigny</b> tous les lundis de 14h à 17h sans rendez-vous, <b>à la Mairie annexe Epstein</b> tous les 3 vendredis de 10h à 12h, <b>à la Mairie annexe Racine</b> tous les 3 vendredis de 10h à 12h et <b>à la Mairie annexe Emile Aillaud</b> tous les 3 vendredis de 10h à 12h, pour ces 3 derniers il faut prendre rendez-vous au 0148329139. Il y a également une permanence juridique spécialisée en droit du travail <b>au Conseil de prud'hommes</b> tous les mardis matins de 9h30 à 12h30, pour cela il faut prendre rendez-vous au 01 48 96 22 22."
France Services de villetaneuse -Maison Commune-Espace Numerique,Le service municipal France Services est là pour vous aider. Il vous oriente et vous informe sur vos démarches administratives. Vous êtes accompagné par des agents France Services et des conseillers Numérique qui travaillent avec 9 partenaires de l'État pour vous aider à réaliser vos démarches.
CAUP Montreuil,"Centre d'Accueil et d'Urgence Psychiatrique : Une équipe de médecins et d'infirmiers aide les personnes de Montreuil, Romainville et Noisy-le-Sec qui ont des problèmes de santé mentale. Ils proposent des soins adaptés à chaque personne pour les aider à se sentir mieux et à retrouver leur place dans la famille et la société."
point-justice de Sevran,"Le point-justice de Sevran est un service qui aide les gens avec des problèmes juridiques. Vous pouvez y aller avant, pendant ou après un procès. C'est un endroit où vous pouvez obtenir des informations sur vos droits et obligations dans différents domaines comme la famille, le travail ou l'immigration. Le point-justice est ouvert à tous, quel que soit votre revenu, votre âge, votre sexe ou votre nationalité. Vous pouvez y aller pour : connaître vos droits et devoirs, obtenir des informations sur la façon de les faire respecter, être orienté vers les bonnes personnes pour vous aider, obtenir de l'aide pour faire des démarches, apprendre ce qu'est la médiation et être mis en contact avec un conciliateur de justice. Les professionnels du droit et les associations qui y travaillent offrent des consultations gratuites et confidentielles. Vous devez généralement prendre rendez-vous avec l'agent d'accueil pour discuter de votre problème."
Secours Populaire - Comité de Montreuil,"Le Secours populaire français aide les personnes dans le besoin. Il offre de la nourriture, des vêtements, de l'aide pour trouver un logement et pour rester logé, accéder aux soins médicaux, trouver un travail et avoir accès à la culture. L'association est ouverte le lundi, mardi, mercredi et samedi pour accueillir les personnes. Les dons sont acceptés le samedi de 14h à 16h. Les inscriptions ont lieu tous les lundis."
Mission Locale Noisy-le-Grand,"La Mission locale aide les jeunes de 16 à 25 ans qui ont quitté l'école. Un conseiller vous aide à trouver votre chemin. La Mission locale vous aide à : définir votre projet professionnel, trouver un emploi ou une formation, partir travailler à l'étranger, connaître vos droits à la santé, au logement, à la garde d'enfants, etc. Elle accueille les jeunes de Noisy-le-Grand et Gournay-sur-Marne, mais plus ceux de Neuilly-sur-Marne."
"La Maison du droit et de la médiation ""Gisèle Halimi""","La Maison du droit et de la médiation est ouverte à tous. Elle propose des services gratuits et confidentiels pour aider les personnes à comprendre leurs droits, à trouver des solutions à leurs problèmes et à résoudre des conflits de manière pacifique. Les services incluent des informations, une orientation et un accompagnement pour les victimes et pour ceux qui ont besoin d'aide. La Maison est ouverte le soir, jusqu'à 19h, le premier lundi de chaque mois."
Accueil de jour Emmaüs alternatives,"Cet accueil de jour offre plusieurs services : 
il permet aux personnes de recevoir leur courrier et de faire des démarches pour obtenir des droits, 
il propose des douches et un service de laverie accessible aux personnes à mobilité réduite, 
il offre de la nourriture et des conseils administratifs pour aider les personnes à trouver un logement, 
à ouvrir ou renouveler des droits, 
et à accéder à des soins de santé. 
Cet accueil est ouvert du lundi au vendredi pour aider les personnes sans domicile fixe."
Neptune,Il semble qu'il n'y ait pas de texte à simplifier. Pourriez-vous me fournir le texte que vous souhaitez que je réécrive en langage clair et accessible à tous ? Je serai ravi de vous aider.
Association EFOR,"L'association EFOR propose des cours de français pour les personnes qui viennent d'arriver en France. Ces cours sont gratuits et aident les personnes à apprendre à lire, écrire et parler français. De septembre à décembre, l'EFOR propose deux sessions de cours de 200 heures chacune pour les primo-arrivants. Les cours ont lieu aux horaires d'ouverture de l'association et permettent aux participants de passer des examens de français comme le DILF ou le DELF."
Secours Populaire - Comité de Noisy-le-Sec,Il semble qu'il n'y ait pas de texte à simplifier. Pourriez-vous me fournir le texte que vous souhaitez que je réécrive en langage clair et accessible à tous ? Je serai ravi de vous aider.
Secours Populaire - Comité de Pantin,"Le Secours populaire français aide les personnes dans le besoin. Nous proposons de l'aide pour manger, s'habiller, avoir un logement, accéder aux soins médicaux et trouver un travail. Nous aidons également les gens à accéder à la culture et à connaître leurs droits. Les personnes qui viennent nous voir pour la première fois et qui ont été orientées vers nous peuvent recevoir un colis de dépannage. Nous sommes ouverts le samedi pour accueillir tout le monde."
Centre Social Esperanto,"La place du Morillon à Montreuil est un lieu d'accueil pour tous. Vous pouvez y trouver des activités variées. Il y a quelque chose pour chaque personne, quel que soit son âge ou ses intérêts. C'est un endroit où l'on peut se rencontrer, se détendre et passer du temps ensemble."
Association des Femmes de la Boissière (AFB),"L'Association des Femmes de la Boissière est une association qui aide les gens. Elle propose des cours pour apprendre le français, des activités pour rencontrer des gens et des ordinateurs pour s'en servir."
Maison de Justice et du Droit de Pantin,"La maison de justice et du droit de Pantin est un lieu où vous pouvez obtenir des informations et des conseils sur vos droits et obligations. Elle dépend du tribunal judiciaire de Bobigny et est gérée par la ville de Pantin. Vous pouvez y aller pour obtenir des informations sur des sujets comme la famille, le travail, les étrangers, etc. sans être en procès. La maison de justice et du droit vous permet de : connaître vos droits et devoirs, être informé sur la façon de les faire valoir, être orienté vers les structures adaptées, être aidé pour accomplir des démarches, être aidé si vous êtes victime d'une infraction, être informé sur la médiation et être mis en relation avec un conciliateur de justice. Les permanences avec des professionnels du droit ou des associations sont gratuites, confidentielles et accessibles à tous, généralement sur rendez-vous. Des activités judiciaires peuvent également s'y dérouler. La maison de justice et du droit fait partie du réseau des point-justice du département pour aider les gens à accéder à leurs droits."
Restos du Coeur - Centre dactivités du Blanc-Mesnil,"Les centres d’activités offrent de l’aide en cas d’urgence et pour aider les gens à s’intégrer dans la société. Ils proposent : un accueil chaleureux, une écoute attentive, de la nourriture pour ceux qui en ont besoin, une aide pour les problèmes matériels, des conseils pour trouver son chemin, un accompagnement pour chercher un emploi, partir en vacances, apprendre le français, utiliser les ordinateurs et internet, et une distribution de nourriture pour les personnes dans le besoin."
CDPS de Saint-Denis Pleyel,"Le centre de dépistage de Saint-Denis Pleyel fait des contrôles pour détecter le VIH et d'autres maladies sexuellement transmissibles. Pour passer des tests ou consulter, il faut prendre rendez-vous. N'allez pas au centre sans avoir appelé avant ou sans rendez-vous. Seules les personnes ayant un handicap, les mineurs ou celles qui ont besoin d'un interprète peuvent être accompagnées. Pour plus d'informations, vous pouvez visiter le site de Sida Info Service. Il est important de venir avec un rendez-vous."
Bibliothèque Elsa Triolet,"Pour utiliser la bibliothèque et participer à l'atelier de conversation en français, vous devez vous inscrire. Pour cela, il vous faut : une pièce d'identité, un justificatif de domicile et, si vous avez moins de 18 ans, une autorisation de vos parents."
ADEPT 93,L'ADEPT est une association qui aide les familles Tsiganes et Gens du Voyage. Elle a été créée en 1969 et est située en Seine-Saint-Denis. L'association est ouverte pour accueillir les gens sans rendez-vous. Les heures d'ouverture sont : du lundi au jeudi de 9h à 12h30 et le vendredi toute la journée.
AFPAD,"L'AFPAD est un lieu où les gens peuvent venir pour obtenir de l'aide et des informations sur leurs droits et leurs responsabilités. Nous proposons différentes activités pour aider les personnes à résoudre leurs problèmes et à devenir des citoyens actifs. Nous sommes ouverts du lundi au vendredi pour aider les gens qui ont des problèmes juridiques ou administratifs. Nous proposons également des activités pour aider les parents, comme des groupes de parole et des ateliers. Nous travaillons également avec les écoles pour éduquer les enfants à la citoyenneté et nous proposons des stages pour les élèves de troisième. Nous aidons également à résoudre les conflits entre les gens en proposant des séances de médiation. Nous travaillons avec d'autres organisations de la ville pour offrir ces services et nous avons créé un réseau de partenariats pour aider les gens de la meilleure façon possible."
Bibliothèque Nelson Mandela,"Bibliothèque avec des ressources pour apprendre le français. Vous pouvez accéder gratuitement à des animations, des documents et des espaces de travail. Pour vous inscrire et emprunter des documents, il vous faut une pièce d'identité, un justificatif de domicile et, si vous avez moins de 18 ans, une autorisation de vos parents."
Bibliothèque Jules Verne,"La Bibliothèque Jules Verne est ouverte à tous et gratuite. Vous pouvez utiliser les ordinateurs et internet gratuitement après vous être inscrit. Pour vous inscrire, il vous faut une pièce d'identité, un justificatif de domicile et une autorisation de vos parents si vous avez moins de 18 ans. Une fois inscrit, vous pouvez emprunter des livres et participer à des ateliers de conversation en français qui ont lieu une fois par mois. Il suffit de vous inscrire avec vos papiers pour profiter de tous ces services."
Le Kiosque,"Le kiosque est un endroit où vous pouvez obtenir des informations, parler avec quelqu'un et trouver de l'aide. Il est gratuit et ouvert aux jeunes et à leurs familles. Vous pouvez y trouver différents services comme des informations pour les jeunes, un endroit pour discuter, des ordinateurs que vous pouvez utiliser librement et une équipe qui peut vous aider à trouver un emploi si vous avez entre 16 et 25 ans."
CDPS de Montreuil,"Le CDPS de Montreuil aide à prévenir et à diagnostiquer le VIH et les infections sexuellement transmissibles. Les dépistages et consultations PrEP sont uniquement sur rendez-vous. Il est important de ne pas se déplacer sans avoir pris rendez-vous ou appelé au préalable. Le port du masque est obligatoire dans les locaux. Les accompagnants ne sont généralement pas autorisés, sauf dans les cas de handicap, pour les mineurs ou si un interprète est nécessaire. Pour plus d'informations sur le dépistage à Montreuil, vous pouvez visiter le site internet de Sida Info Service."
Amicale du Nid - Césaria Evora: Accueil de jour Saint-Denis,"L'accueil de jour Césaria Evora aide les femmes et leurs enfants qui n'ont pas de maison ou qui vivent dans des conditions difficiles. Il offre des services comme des douches, des machines à laver, de la nourriture, des activités pour apprendre, des conseils et des informations pour les aider à améliorer leur situation. Il aide également les femmes à s'intégrer dans la société et à prendre soin de leurs enfants."
Espace Culturel Maurice Utrillo,"L'Espace Culturel Maurice Utrillo propose des activités toute l'année. Il organise des expositions, des visites guidées et des ateliers d'art. Vous pouvez également y suivre des cours de français pour améliorer votre expression écrite et orale, niveau A2 et B1."
Centre social André Malraux - Annexe Mauriac,L'Annexe Mauriac est un lieu de formation numérique au sein du centre social André Malraux. Elle propose également un atelier de photographie et est directement reliée au centre social André Malraux.
Centre Social André Malraux,"Le Centre Social André Malraux propose des activités variées comme des cours de français, de l'aide pour les devoirs pour les élèves du primaire, de l'assistance pour les démarches administratives et des ateliers numériques. C'est un endroit où les gens de tous âges et cultures peuvent se rencontrer, partager leurs expériences et apprendre les uns des autres. Les activités ont lieu non seulement au Centre Social principal, mais aussi à l'Annexe Mauriac et à l'Espace Famille Jacques Prévert."
Espace Famille - Espace Jacques Prévert,"L'Espace Familles est un endroit où vous pouvez obtenir des informations, vous faire aider et discuter avec d'autres personnes. Il est situé dans le Centre Social André Malraux et est ouvert à tous les habitants de Villepinte."
Centre Socioculturel des Hauts de Gagny,"L'association Les Hauts de Gagny propose des activités pour les familles et les jeunes. Elle aide les familles avec les démarches administratives, les ateliers d'alphabétisation et la bourse solidarité vacances. Elle offre également un Point Info Famille et des permanences associatives. Pour les jeunes, il y a un centre de loisirs, un accueil jeunes, un accompagnement scolaire et une bibliothèque."
Centre Socioculturel des Epinettes,"Le Centre Socioculturel des Epinettes offre des activités gratuites comme des ateliers pour aider avec les démarches administratives et la recherche d'emploi. Il propose également des activités payantes, comme l'adhésion au centre, qui donnent accès à des services tels que le soutien scolaire et le centre de loisirs."
Centre Social et Culturel Anne Frank,"Le Centre Social et Culturel Anne Frank propose des activités pour tous. Vous pouvez y trouver des activités culturelles, sportives, de loisir et du soutien scolaire, mais il faut s'inscrire. C'est aussi un endroit où vous pouvez obtenir des informations et des conseils pour vos démarches administratives. Le centre est ouvert pendant les vacances scolaires de 9h à 12h et de 13h30 à 18h, mais il n'y a pas de soutien scolaire pendant cette période."
Secours Populaire - Comité de Tremblay en France,"Le Secours populaire français aide les gens dans plusieurs domaines : <b>nourriture</b>, <b>vêtements</b>, <b>logement</b>, <b>soins médicaux</b>, <b>travail</b>, <b>culture</b> et <b>droits</b>. Le comité de Tremblay en France offre une aide pour les démarches administratives et distribue des colis de nourriture."
Centre Guy To?oletti,"Le Centre Social et Culturel Guy Toffoletti offre des activités pour tous les âges. Il propose de l'accompagnement scolaire et des cours de français pour étrangers. Vous pouvez également trouver des activités diverses et sportives, ainsi que des formations informatiques. Certaines de ces activités peuvent être payantes, il est donc recommandé de contacter le centre pour obtenir des informations sur les inscriptions et les coûts."
Centre Social et Culturel Pablo Neruda,"Le Centre Social et Culturel Pablo Neruda offre des activités variées. Vous pouvez y trouver des activités culturelles, des sports, des loisirs et de l'aide pour les devoirs. Il faut s'inscrire pour participer. Le centre est ouvert à tous et propose également des informations et des conseils pour aider avec les démarches administratives, comme des permanences sociales et un écrivain public."
Centre Social et Culturel la Fosse aux Fraises,"Le Centre Social et Culturel la Fosse aux Fraises propose des activités pour tous. Vous pouvez y faire du sport, de la culture, des loisirs et même recevoir de l'aide pour les devoirs. Il faut s'inscrire pour participer. C'est aussi un endroit où vous pouvez obtenir des informations et des conseils pour vos démarches administratives, que ce soit pour vous-même ou pour un groupe."
Centre Social et Culturel les Coutures,"Le Centre Social et Culturel les Coutures est un lieu ouvert à tous, il propose des activités comme des sports, des loisirs et un soutien pour les devoirs. Vous pouvez vous inscrire pour participer. Le centre est aussi là pour vous aider avec les démarches administratives, il y a des permanences sociales et un écrivain public pour vous aider à remplir vos papiers."
Centre Social Grand Air - Espace 40,"Le centre social Grand Air à Montreuil propose divers services chaque semaine sur rendez-vous, notamment : accompagnement à la scolarité, accueil jeunesse, espace parents/enfants, micro crèche, aide pour les démarches administratives, accompagnement à l'emploi, permanence pour la CAF et ateliers sociolinguistiques. Des permanences d'accompagnement psychologique, CRAMIF et MDPH sont également disponibles sur rendez-vous. Notre centre social est là pour vous écouter, vous aider et vous orienter. Nous organisons également des activités pour animer la vie du quartier. Vous pouvez nous rendre visite pour obtenir des informations sur nos activités et celles de la Ville. Notez que pendant les vacances scolaires, nous fermons à 18h et sommes fermés le samedi matin."
Centre Social Grand Air - Antenne  Jeunesse Bel Pêche,"L'antenne jeunesse du Centre Social Grand Air est ouverte aux jeunes de 11 à 17 ans toute l'année. Pendant les vacances scolaires, nous sommes ouverts tous les jours. Nous proposons des activités variées comme des sorties, des stages, des ateliers et des tournois sportifs. Vous pouvez également participer à des ateliers de danse, de chant, de vidéo, de cuisine, de sports et de créations artistiques. Nous sommes là pour vous aider à réaliser vos projets. Pendant les vacances scolaires, nous sommes ouverts du lundi au vendredi de 10h00 à 12h00 et de 14h à 18h. Pour plus d'informations, vous pouvez vous rendre à l'accueil du Centre social Grand Air, au 40 rue Bel air, 93100 Montreuil."
Confédération syndicale des familles (CSF) Section d'Aulnay-sous-Bois,"La CSF est une organisation qui défend les droits des consommateurs et des locataires. Elle propose des cours de français pour les femmes pendant la journée, mais seulement si il y a des places disponibles. Un écrivain public est également disponible le mardi matin de 10h à 12h pour aider les personnes qui ont besoin d'aide pour écrire des lettres ou d'autres documents. Toutes les activités ont lieu pendant les heures de classe. Pour vous inscrire aux cours de français ou pour connaître les horaires, vous pouvez appeler la CSF au 06 88 45 44 88."
Divers Cités Cultures (D2C),"L'association Divers Cités Cultures aide les gens à se rencontrer et à partager leurs expériences. Elle organise des échanges entre personnes de cultures et d'âges différents dans les quartiers de Tremblay-En-France, Sevran et Villepinte. Elle propose également des cours de français pour les personnes qui ne parlent pas français comme langue maternelle, 3 fois par semaine, dans différents endroits."
Formation Insertion pour le développement et l'emploi (FIDE) - Saint-Denis I,Il semble qu'il n'y ait pas de texte à simplifier. Pourriez-vous me fournir le texte que vous souhaitez que je réécrive en langage clair et accessible à tous ? Je serai ravi de vous aider.
Formation Insertion pour le développement et l'emploi (FIDE) - Saint-Denis II,"FIDE aide les personnes sans emploi à trouver du travail et à s'intégrer dans la société. L'organisation propose des formations pour améliorer les compétences linguistiques et accompagne les personnes jusqu'à ce qu'elles trouvent un emploi. Les objectifs de FIDE sont : 
- Aider les personnes à trouver un travail et à s'intégrer dans la société 
- Aider un large public à trouver un emploi ou à se former 
- Aider les personnes à devenir plus autonomes 
- Proposer des formations de qualité avec des formateurs expérimentés 
- Trouver des solutions pour aider les personnes en difficulté en favorisant l'économie solidaire"
Accueil de jour la Maison de la Solidarité,"La Maison de la Solidarité aide les personnes sans abri et seules qui ont un lien avec la ville de Saint Denis. Elle travaille avec des associations pour aider les familles en difficulté. La Maison de la Solidarité propose des services comme un accueil de jour, des douches, un endroit pour laver son linge, un suivi social personnalisé et une aide pour accéder aux soins de santé."
Secours Catholique  de Rosny-sous-Bois,"Le Secours Catholique de Rosny-sous-Bois offre plusieurs services. Il y a un accueil de jour où vous pouvez prendre un petit-déjeuner, vous doucher et laver vos vêtements. Tout le monde est bienvenu. Il y a aussi un accueil social pour les personnes qui vivent à Rosny-sous-Bois ou dans les communes à côté. Vous pouvez discuter avec quelqu'un, obtenir de l'aide pour des problèmes urgents ou financiers. La boutique de vêtements ""Coeur de fringues"" est ouverte trois fois par semaine et vend des vêtements à très bas prix. Vous pouvez également donner des vêtements à la boutique à certaines heures. Le Secours Catholique de Rosny-sous-Bois travaille aussi avec l'association Dom'Asile pour aider les personnes qui demandent l'asile et qui ont besoin d'aide pour leurs droits sociaux."
Maison de  Justice et du Droit d'Aubervilliers,"La maison de justice et du droit d'Aubervilliers est un lieu où vous pouvez obtenir des informations et des conseils sur vos droits et obligations. Elle dépend du tribunal judiciaire de Bobigny et est gérée par la ville d'Aubervilliers. Vous pouvez y aller pour obtenir des informations sur des sujets tels que la famille, le travail, les étrangers, etc. sans être en procès. <br> Cette maison de justice permet à chacun de : connaître ses droits et devoirs, être informé sur les moyens de les faire valoir, être orienté vers les structures adaptées, être aidé à accomplir des démarches, être aidé en tant que victime d'une infraction pénale, être informé sur la médiation et être mis en relation avec un conciliateur de justice. <br> Les permanences des professionnels du droit sont gratuites, confidentielles et accessibles à tous, généralement sur rendez-vous. Des activités judiciaires pénales et civiles peuvent également s'y dérouler. La structure est ouverte l'après-midi du premier vendredi du mois, en plus des horaires habituels."
La Cimade Permanence juridique (droit des étrangers),La Cimade offre une aide juridique pour les étrangers tous les mardis à partir de 8h. Il faut s'inscrire sur place avant 9h30 au plus tard. Les bénévoles vous recevront dans l'ordre d'arrivée le matin.
Association d'Alphabétisation du Foyer Pinel (Bourse du Travail),"L'association d'alphabétisation du Foyer Pinel offre des cours pour apprendre à lire, écrire et parler en français. Des bénévoles animent ces cours. Ils sont ouverts à tous, quel que soit le niveau. Il y a des groupes pour les débutants et pour ceux qui veulent améliorer leur français. L'association propose également des cours d'informatique et des sorties culturelles. Les cours ont lieu d'octobre à juin. Pour s'inscrire, il faut se rendre sur le site foyerpinel.org ou aller à la Bourse du Travail, à la Maison de Quartier de la Plaine ou au 22 rue Cristino Garcia à la fin septembre. Les inscriptions sont possibles trois soirs par semaine. L'association est là pour aider les personnes qui veulent apprendre ou améliorer leur français."
CCAS de Le Pré Saint-Gervais,"Le Centre Communal d&#39;Action Sociale (CCAS) est un endroit où vous pouvez obtenir de l&#39;aide et des informations. Il est ouvert aux familles, aux personnes en difficulté, aux personnes âgées et aux personnes handicapées. Le CCAS peut vous aider à remplir des dossiers pour demander des aides et des allocations, comme l&#39;Allocation Départementale Personnalisée d&#39;Autonomie (A.D.P.A.) ou le Revenu de Solidarité Active (RSA). Vous pouvez également demander des attestations, comme la carte d&#39;invalidité. Le CCAS propose des aides exceptionnelles, comme des bons alimentaires ou de l&#39;aide pour payer les factures, si vous êtes en difficulté et que vous vivez dans la commune depuis plus d&#39;un an. Il peut également vous aider à obtenir une domiciliation administrative si vous êtes sans-abri. Vous pouvez vous présenter au CCAS et les agents étudieront votre demande de manière individuelle."
Maison de quartier Franc Moisin - Bel Air - Stade de France,"La Maison de Quartier Franc Moisin - Bel Air - Stade de France est un lieu ouvert à tous. Vous pouvez y recevoir de l'aide pour vos démarches administratives. Vous pouvez également y pratiquer des activités manuelles, culturelles ou sportives. C'est aussi un endroit pour vous informer sur la vie de votre quartier et participer à des événements et sorties. La maison soutient les projets des associations et des habitants. D'autres activités comme les arts plastiques, la peinture et la couture sont également proposées."
Maison de quartier Edmond Michelet,"La Maison de quartier Edmond Michelet offre des activités pour adultes et enfants. Vous devez vous inscrire pour participer. Il y a des cours de danse, de couture, d'écriture, etc. Pour vous inscrire, il faut : un papier qui prouve où vous habitez, datant de moins de 3 mois, votre numéro d'allocataire CA, le carnet de santé de vos enfants et un certificat médical pour les activités sportives. Le coût est de 5  pour les enfants et 10  pour les adultes pour une année. Il y a d'autres tarifs pour les vacances et les sorties. La Maison de quartier propose aussi de l'aide administrative et sociale."
Maison de quartier Marcel Paul,"La Maison de quartier Marcel Paul propose des activités pour adultes et enfants. Vous devez vous inscrire pour participer. Il y a aussi des permanences pour aider avec les papiers administratifs et les problèmes sociaux. Pour vous inscrire, il faut apporter : un justificatif de domicile récent, le carnet de santé de votre enfant et un certificat médical pour les sports. Les tarifs sont les suivants : 5  pour les enfants et 10  pour les adultes pour une année, ou 5  pour toute la famille pour une année. Il y a des tarifs différents pour les vacances et les sorties. Les horaires changent pendant les vacances scolaires."
Maison de quartier Rougemont,"La Maison de quartier Rougemont offre des activités variées comme des événements culturels et des sports. Certaines sont gratuites, d'autres non, mais il faut être membre pour y participer. Il y a aussi des permanences pour obtenir des informations sur les droits, qui sont gratuites et ouvertes à tous sans nécessité d'adhésion."
Caisse Primaire Assurance Maladie (CPAM) - agence de Sevran,"Les missions de la CPAM sont : affilier les assurés sociaux et gérer leurs droits, traiter les feuilles de soins et assurer les remboursements, appliquer un plan d'action pour la gestion du risque, développer la prévention et la promotion de la santé, et assurer une politique d'action sanitaire et sociale. Vous pouvez effectuer vos démarches en ligne avec Ameli, comme envoyer une feuille de soins, signaler une perte de carte vitale, changer d'adresse, demander une carte européenne d'assurance maladie, consulter vos remboursements, trouver un professionnel de santé ou consulter votre calendrier vaccinal."
Maison de quartier des Quatre-Chemins - antenne Vaillant,"La Maison de quartier des Quatre-Chemins est un lieu où les gens du quartier peuvent se rencontrer et partager des activités. Elle est ouverte à tous et propose des choses à faire pour tous les goûts. Vous pouvez vous inscrire pour des activités à des prix raisonnables, en fonction de votre situation financière. Il y a aussi des services gratuits, comme un écrivain public et des permanences d'association, où vous pouvez aller sans inscription ni frais."
Maison des Femmes Thérèse Clerc,"La Maison des Femmes Thérèse Clerc est un lieu qui aide les femmes à défendre leurs droits et à devenir plus indépendantes. C'est un endroit où les femmes peuvent se rencontrer, apprendre et agir ensemble pour lutter contre les injustices. La maison se bat contre les violences faites aux femmes et offre un accueil gratuit et confidentiel. Les femmes peuvent venir discuter avec des professionnelles qui les aident avec des problèmes juridiques, sociaux ou personnels. Il y a aussi un service d'accueil téléphonique du lundi au vendredi de 10h à 18h au 01 48 58 46 59, où les femmes peuvent laisser un message si elles ont besoin d'aide pour des questions comme l'emploi, les droits sociaux ou le titre de séjour."
Restos du Coeur - Centre dactivités de Bagnolet,"Les centres d'activités offrent de l'aide en cas d'urgence et pour aider les gens à s'intégrer dans la société. Ils proposent : un accueil chaleureux, une écoute attentive, de la nourriture pour ceux qui en ont besoin, une aide pour les problèmes matériels, des conseils pour trouver son chemin, un accompagnement pour chercher un emploi, partir en vacances, apprendre le français, utiliser les ordinateurs et internet, et une distribution de nourriture pour les personnes dans le besoin."
Permanence RESF Bondy,"Le Réseau Education Sans Frontières aide les jeunes sans papiers qui vont à l'école en France, de la maternelle à l'université, ainsi que leurs familles qui risquent d'être expulsées. Nous voulons les protéger et les aider à obtenir des papiers. Nous sommes disponibles à la Maison de quartier Sohane le lundi de 17h à 19h, sauf pendant les vacances scolaires."
Maison de Justice et du Droit de La Courneuve,"La maison de justice et du droit de La Courneuve est un lieu où vous pouvez obtenir des informations et des conseils sur vos droits et obligations. Elle dépend du tribunal judiciaire de Bobigny et est gérée par la ville de La Courneuve. Vous pouvez y aller pour obtenir des informations sur des sujets tels que la famille, le travail, les étrangers, etc. sans être en procès. <b>Que pouvez-vous faire à la maison de justice et du droit ?</b> Vous pouvez : connaître vos droits et devoirs, obtenir des informations sur la façon de les faire valoir, être orienté vers les structures adaptées, obtenir de l'aide pour accomplir des démarches, obtenir de l'aide si vous êtes victime d'une infraction pénale, obtenir des informations sur la médiation, être mis en relation avec un conciliateur de justice. <b>Comment ça marche ?</b> Les permanences des professionnels du droit ou des associations sont gratuites et confidentielles. Vous pouvez prendre rendez-vous avec l'agent d'accueil pour obtenir de l'aide. Des activités judiciaires peuvent également avoir lieu à la maison de justice et du droit. Elle fait partie du réseau des point-justice du département pour aider les gens à accéder à leurs droits."
Secours Catholique de Montreuil,"Le Secours Catholique de Montreuil offre un accueil social et des services pratiques comme des petits déjeuners, des douches, des lessives, un vestiaire et une consigne. Tous les mercredis, il y a une permanence pour aider les personnes qui demandent l'asile, les réfugiés et ceux qui ont été déboutés. Le Secours Catholique est une association caritative qui aide les personnes en difficulté en France et dans le monde. Il travaille pour réduire la pauvreté et les inégalités. Les équipes locales accueillent les personnes en situation de précarité, quelles que soient leur origine ou leurs croyances. Ensemble, ils trouvent des solutions pour que chacun puisse vivre dignement et contribuer à un monde plus juste et solidaire."
Solidarité Enfant SIDA - Bobigny,"Sol En Si aide les adultes et les enfants atteints du VIH/SIDA et des hépatites depuis 1990. L'association les soutient dans leur vie quotidienne en trouvant des solutions adaptées pour chaque membre de la famille. Elle propose un accompagnement psychosocial, un accueil en crèche et des aides matérielles. Sol En Si fait également des activités pour promouvoir la santé dans les écoles et les centres de formation. Pour bénéficier de ces services, il faut déjà être suivi par l'association et fournir une lettre détaillant la situation de la personne pour programmer un premier entretien."
Médiation Culture et Vie,"L'association Médiation Culture et Vie est ouverte à tous. Elle aide les gens à trouver les bons services ou lieux pour leurs besoins. Elle propose des cours de français pour apprendre la langue, des activités pour les enfants et un groupe de discussion pour les parents où ils peuvent échanger et discuter ensemble."
Plateforme Réussite,"La Plateforme Réussite est un centre de formation créé en 2010 par la ville de Drancy pour aider les personnes à réussir leur projet de formation et améliorer leur situation sociale ou professionnelle. Les objectifs de la Plateforme Réussite sont de répondre rapidement et de manière personnalisée aux demandes, d'offrir des formations courtes sur des sujets de base comme la culture générale et la technologie, et de fournir un soutien pédagogique pour aider les participants à atteindre leurs objectifs. Pour s'inscrire, il faut fournir une carte d'identité ou un titre de séjour, un justificatif de domicile, une attestation de France Travail si vous êtes demandeur d'emploi, et une photo d'identité. Il est possible de participer avec une contribution financière."
LE POLE - La Courneuve,"L'Association LE POLE aide les personnes qui ont besoin d'améliorer leur français pour trouver un emploi. Elle propose des services d'évaluation, d'orientation et de suivi pour les personnes qui ont des difficultés à trouver un travail. L'association prépare les personnes aux examens de français, comme le DILF et le DELF, pour les niveaux A1 et A2. Elle aide les personnes qui n'ont pas beaucoup étudié ou qui ont étudié dans une autre langue. L'association est également un centre d'examen pour ces tests de français."
RAPID,"La Régie Associative Pierre?ttoise d'Insertion et de Développement est une organisation qui aide les gens à se réinsérer dans la société. Elle propose des activités pour trouver un emploi et des cours de français pour tous les niveaux. Elle a aussi un restaurant appelé Le Bocal, situé Place Salvador Allende, qui emploie des personnes en difficulté et utilise des aliments qui seraient sinon jetés pour préparer des repas."
Centre Social SFM Montreuil,"Le Centre Social SFM Montreuil aide les personnes qui ont des difficultés à s'intégrer dans la société, notamment celles qui vivent dans les quartiers Branly, Boissière, Ramenas et d'autres quartiers de Montreuil."
SFM AD (Solidarite Formation Mobilisation Accueil et développement) Stains I,Il semble qu'il n'y ait pas de texte à simplifier. Pourriez-vous me fournir le texte que vous souhaitez que je réécrive en langage clair et accessible à tous ? Je serai ravi de vous aider.
Solidarité et Jalons pour le travail - Bobigny,"S.J.T est un organisme de formation professionnelle qui existe depuis 1979. Il aide les jeunes et les adultes à trouver un emploi. S.J.T est un partenaire important pour les entreprises en raison de son expérience et de sa connaissance du terrain. Il est reconnu au niveau régional et national comme l'un des principaux organismes privés de formation. Les fondateurs de S.J.T ont commencé leur travail en aidant les jeunes en difficulté. Aujourd'hui, S.J.T compte 250 salariés et formateurs dans 35 centres en France. L'organisme propose des formations et des accompagnements pour les personnes qui ont du mal à trouver un emploi, comme les jeunes sans qualification, les femmes qui reprennent leur carrière, les demandeurs d'emploi de longue durée, les bénéficiaires de minimas sociaux, les seniors, les personnes sous main de justice et les salariés en reconversion professionnelle. S.J.T aide également les personnes qui viennent d'arriver en France et qui ont besoin d'un accompagnement pour trouver un emploi."
Upromi - Rosny-sous-Bois,L'organisme UPROMI offre des cours de français et aide les jeunes et les demandeurs d'asile à trouver un emploi. Il travaille avec la Mission Locale et l'OFII pour aider ces personnes à s'intégrer dans la société et à trouver un travail.
La Marmite,"Nous aidons des personnes très vulnérables au quotidien. Nous les écoutons et les soutenons pendant leur séjour à La Marmite. Notre association a plusieurs objectifs : lutter contre l'isolement des migrants, informer sur la santé et prévenir le VIH/sida, améliorer la vie quotidienne et l'accès aux soins et aux droits, lutter contre les exclusions et les discriminations, et aider les personnes à retrouver un emploi."
La Boutique Solidarité de Gagny,"La Boutique Solidarité est un lieu d'accueil pour les adultes en situation d'exclusion. <b>Nous accueillons tout le monde sans jugement</b>. Nous proposons des services pour aider les personnes dans le besoin. <b>Le matin</b>, nous offrons : 
- des petits-déjeuners 
- des douches 
- des laveries 
- des colis alimentaires. 
<b>L'après-midi</b>, nous proposons un suivi social et administratif, ainsi que des consultations médicales et psychologiques. Nous organisons également des activités pour aider les personnes à se mobiliser et à se sentir utiles, comme des séjours, des résidences artistiques et des opportunités de bénévolat. <b>Le matin, notre porte est ouverte à tous</b>, mais <b>l'après-midi, nous réservons nos services aux personnes ayant rendez-vous ou qui ont besoin d'aide administrative</b>."
Espace Henri Grouès Abbé Pierre,"L'Espace Henri Grouès-Abbé Pierre offre un accueil de jour avec petits-déjeuners ou collations repas chaque matin. Vous pouvez prendre une douche, même si vous avez des difficultés de mobilité, et utiliser la laverie. Des kits de douche sont fournis. L'association propose également une aide sociale et des soins infirmiers. Un partenariat avec la pass-santé municipale est possible. L'Espace d'Accueil et d'Accompagnement (EAA) du CCAS a été créé pour aider les personnes sans abri et en grande difficulté."
Association familiale des gens du voyage dIle de France (AFGDVIF),"Objet : Aider les gens du voyage d'Ile de France. Nous proposons : 
Domiciliation pour recevoir leur courrier, 
Médiation pour les aider avec les services publics, 
Accompagnement social pour les soutenir, 
Point numérique CAF pour les aider avec les démarches administratives."
Restos du Coeur - Centre dactivités de Bobigny,"Les centres d'activités offrent de l'aide en cas d'urgence et pour aider les gens à s'intégrer dans la société. Ils proposent : un accueil chaleureux, une écoute attentive, de la nourriture pour ceux qui en ont besoin, une aide pour les problèmes matériels, des conseils pour trouver son chemin, un accompagnement pour chercher un emploi, partir en vacances, apprendre le français, utiliser les ordinateurs et internet, et une distribution de nourriture pour les personnes dans le besoin."
Restos du Coeur - Centre dactivités de Clichy-sous-Bois,"Les centres d'activités offrent de l'aide en cas d'urgence et pour aider les gens à s'intégrer dans la société. Ils proposent : un accueil chaleureux, une écoute attentive, de la nourriture pour ceux qui en ont besoin, une aide pour les problèmes matériels, des conseils pour trouver son chemin, un accompagnement pour chercher un emploi, partir en vacances, apprendre le français, utiliser les ordinateurs et internet, et une distribution de nourriture pour les personnes dans le besoin."
Restos du Coeur - Centre dactivités de Neuilly-Plaisance,"Les centres d’activités offrent de l’aide en cas d’urgence et pour aider les gens à s’intégrer dans la société. Ils proposent : un accueil chaleureux, une écoute attentive, de la nourriture pour ceux qui en ont besoin, une aide pour les problèmes matériels, des conseils pour trouver son chemin, un accompagnement pour chercher un emploi, partir en vacances, apprendre le français, utiliser les ordinateurs et internet, et une distribution de nourriture pour les personnes dans le besoin."
Restos du Coeur - Centre dactivités de Rosny sous Bois,"Les centres d'activités offrent de l'aide en cas d'urgence et pour aider les gens à s'intégrer dans la société. Ils proposent : un accueil chaleureux, une écoute attentive, de la nourriture pour ceux qui en ont besoin, une aide pour les problèmes matériels, des conseils pour trouver son chemin, un accompagnement pour chercher un emploi, partir en vacances, apprendre le français, utiliser les ordinateurs et internet, et une distribution de nourriture pour les personnes dans le besoin."
Emmaüs Neuilly-Plaisance,"Emmaüs Neuilly-Plaisance a une boutique solidaire. On y vend des meubles, des vêtements, des jouets, etc. à bas prix. C'est un projet pour aider les gens à se réinsérer dans la société. Voici les horaires : pour acheter, c'est du mardi au vendredi de 14h à 17h et le samedi de 10h à 12h30 et de 14h à 17h. Pour déposer des objets, c'est du mardi au samedi de 8h30 à 12h et de 14h à 17h."
Emmaüs en Ville,"Emmaüs en Ville est une boutique qui aide les gens. Elle vend des vêtements pas chers, surtout pour les femmes."
Emmaüs Neuilly-sur-Marne,"Emmaüs Neuilly-sur-Marne a une boutique solidaire. On y vend des meubles, des vêtements, des jouets, etc. à bas prix. C'est un projet pour aider les gens à se réinsérer dans la société. <br> Les horaires pour acheter sont : mardi au vendredi de 14h à 17h et samedi de 10h à 12h30 et de 14h à 17h. <br> Pour déposer des objets, les horaires sont : mardi au samedi de 8h30 à 12h et de 14h à 17h. <br> Le dépôt se fait au 4 Passage Félix à Neuilly-Plaisance."
Service Social Municipal de Bagnolet,"Le Service Social est là pour aider les gens. Il accueille, informe et oriente les personnes pour qu'elles puissent avoir accès à leurs droits sociaux. Une de ses missions importantes est de protéger les enfants en danger. Il y a des Assistantes Sociales qui reçoivent les gens sur rendez-vous. Il y a aussi des permanences pour donner des informations et des conseils sur les droits sociaux, des consultations juridiques et des aides pour les démarches administratives. Certaines permanences ont lieu le soir, les 1er et 3ème mardi de chaque mois, jusqu'à 19h."
Service social de polyvalence municipal- Bobigny,"Le service social municipal est là pour aider les Balbyniens. Il les accueille et les informe sur leurs droits et les démarches à suivre. Si nécessaire, il les oriente vers des services spécialisés. L'objectif est de les aider à accéder à leurs droits sociaux et à surmonter les difficultés de la vie quotidienne et familiale. Il propose un accompagnement personnalisé pour les aider à résoudre leurs problèmes."
Circonscription de Service Social Départemental de Bondy,"Le Service Social Départemental de Bondy offre un accueil et des informations pour tous, surtout pour ceux qui habitent à Bondy. Vous pouvez venir nous voir sur rendez-vous, principalement. Notre service est situé au 2ème étage du bâtiment. Nous organisons des activités et des ateliers numériques tout au long de l'année, avec des thèmes différents. Pour en savoir plus, n'hésitez pas à nous contacter. Nous avons une nouveauté : nous sommes ouverts plus tard les 1er et 3ème mardis de chaque mois, jusqu'à 19h. Vous pouvez venir avec ou sans rendez-vous ces jours-là."
Circonscription du Service Social Départemental de Montfermeil/ Coubron/ Clichy-sous-Bois. Site de Clichy sous Bois,"Accueil téléphonique et physique pour tous, principalement sur rendez-vous. Nous vous accueillons et vous informons sur les services disponibles. Nous organisons également des ateliers numériques et des actions collectives tout au long de l'année, avec des thèmes variés. Pour en savoir plus, n'hésitez pas à nous contacter. Nous proposons désormais un accueil en horaires élargis les 1er et 3ème mardis de chaque mois, jusqu'à 19h, avec ou sans rendez-vous."
Circonscription de Service Social Départemental de Drancy,"Accueil téléphonique et physique pour tous, principalement sur rendez-vous. Nous vous accueillons et vous informons sur les services disponibles. Nous organisons également des ateliers numériques et des actions collectives tout au long de l'année, avec des thèmes variés. Pour en savoir plus, n'hésitez pas à nous contacter. Nous proposons désormais un accueil en horaires élargis les 1er et 3ème mardis de chaque mois, jusqu'à 19h, avec ou sans rendez-vous."
Circonscription du Service Social Départemental de Dugny/ Le Bourget/ Le Blanc Mesnil. Site du Blanc Mesnil.,"Accueil téléphonique et physique pour tous, principalement sur rendez-vous. Nous vous accueillons et vous informons sur les services disponibles. Nous organisons également des ateliers numériques et des actions collectives tout au long de l'année, avec des thèmes variés. Pour en savoir plus, n'hésitez pas à nous contacter. Nous proposons désormais un accueil en horaires élargis les 1er et 3ème mardis de chaque mois, jusqu'à 19h, avec ou sans rendez-vous."
Circonscription du Service Social Départemental d'Epinay-sur-Seine-Villetaneuse / site d'Epinay sur Seine,"Nous sommes à votre écoute à Epinay. Vous pouvez nous contacter par téléphone ou en venant nous voir. Nous accueillons et informons tous les publics, en particulier ceux qui habitent à Epinay. Nous recevons principalement sur rendez-vous. Nous organisons des activités et des ateliers numériques tout au long de l'année, avec des thèmes variés. Pour en savoir plus, n'hésitez pas à nous contacter. Nous avons également des heures d'ouverture prolongées les 1er et 3ème mardis de chaque mois, jusqu'à 19h, où vous pouvez venir nous voir avec ou sans rendez-vous."
"Circonscription du Service Social Départemental de Neuilly sur Marne, Neuilly Plaisance, Gagny","Nous sommes là pour vous aider. Nous proposons un accueil téléphonique et physique. Nous vous aidons à résoudre vos problèmes sociaux, à accéder à vos droits et à trouver un travail. Nous organisons des activités en groupe et des ateliers sur l'informatique. Les sujets peuvent changer, contactez-nous pour savoir ce qui se passe. Nous avons une nouveauté : nous sommes ouverts plus tard les 1er et 3ème mardis de chaque mois, jusqu'à 19h. Vous pouvez venir avec ou sans rendez-vous."
Circonscription du Service Social Départemental de La Courneuve,"Accueil téléphonique et physique pour tous, principalement sur rendez-vous. Nous vous accueillons et vous informons sur les services disponibles. Nous organisons également des ateliers numériques et des actions collectives tout au long de l'année, avec des thèmes variés. Pour en savoir plus, n'hésitez pas à nous contacter. Nous proposons désormais un accueil en horaires élargis les 1er et 3ème mardis de chaque mois, jusqu'à 19h, avec ou sans rendez-vous."
MAISON DEPARTEMENTALE DES SOLIDARITES Dugny/Le Bourget/ Le Blanc Mesnil. Site du Blanc-Mesnil,"Accueil téléphonique et physique pour tous, sur rendez-vous ou sans. Nous vous accueillons et vous informons sur les services disponibles. Nous proposons des ateliers numériques et des actions collectives tout au long de l'année, avec des thèmes variés. Contactez-nous pour en savoir plus. Nous sommes ouverts les 1er et 3ème mardis de chaque mois jusqu'à 19h, avec ou sans rendez-vous."
Circonscription de Service Social Départemental du Pré-Saint-Gervais/ Les Lilas,"Accueil téléphonique et physique pour tous, sur rendez-vous ou sans. Nous vous accueillons et vous informons sur les services disponibles. Nous proposons des ateliers numériques et des actions collectives tout au long de l'année, avec des thèmes variés. Contactez-nous pour en savoir plus. Nous sommes ouverts les 1er et 3ème mardis de chaque mois jusqu'à 19h, avec ou sans rendez-vous."
CCAS des Lilas,"Le Centre Communal d’Action Sociale (CCAS) est un endroit où vous pouvez obtenir de l’aide et des informations. Il est ouvert aux familles, aux personnes en difficulté, aux personnes âgées et aux personnes handicapées. Le CCAS peut vous aider à remplir des dossiers pour demander des aides, comme l’Allocation Départementale Personnalisée d’Autonomie (A.D.P.A.) ou le Revenu de Solidarité Active (RSA). Vous pouvez également demander des attestations, comme une carte d’invalidité. Selon votre commune, d’autres aides peuvent être disponibles. Si vous êtes sans-abri, le CCAS peut vous proposer une domiciliation administrative sous certaines conditions. Vous pouvez vous rendre au CCAS et les agents étudieront votre demande de manière individuelle."
Circonscription du Service Social Départemental de L'Ile-Saint-Denis- Saint Ouen / Site de L'Ile St Denis,"Le Service Social Départemental de l'Ile-Saint-Denis est là pour vous aider. Nous proposons un accueil téléphonique et physique pour tous, surtout pour ceux qui habitent à Ile-Saint-Denis. Vous pouvez nous contacter pour obtenir des informations et être orienté vers les bons services. Nous recevons principalement sur rendez-vous, mais nous sommes là pour vous aider en cas d'urgence. Nous organisons également des ateliers et des actions collectives tout au long de l'année sur différents sujets. N'hésitez pas à nous contacter pour en savoir plus. Et nouveauté, nous sommes ouverts plus tard les 1er et 3ème mardis de chaque mois, jusqu'à 19h, avec ou sans rendez-vous."
Circonscription du Service Social Départemental de Pavillons sous Bois / Livry-Gargan /Vaujours. Site de Livry Gargan.,"Accueil téléphonique et physique pour tous, principalement sur rendez-vous. Nous vous accueillons et vous informons sur les services disponibles. Nous organisons également des ateliers numériques et des actions collectives tout au long de l'année, avec des thèmes variés. Pour en savoir plus, n'hésitez pas à nous contacter. Nous proposons désormais un accueil en horaires élargis les 1er et 3ème mardis de chaque mois, jusqu'à 19h, avec ou sans rendez-vous."
Circonscription du Service Social Départemental de Montfermeil /Coubron/Clichy sous Bois. Site de Montfermeil.,"Accueil téléphonique et physique pour tous, sur rendez-vous ou sans. Nous vous accueillons et vous informons sur les services disponibles. Nous proposons des ateliers numériques et des actions collectives tout au long de l'année, avec des thèmes variés. Contactez-nous pour en savoir plus. Nous sommes ouverts les 1er et 3ème mardis de chaque mois jusqu'à 19h, avec ou sans rendez-vous."
Circonscription du Service Social Départemental de Montreuil,"Accueil téléphonique et physique pour tous, sur rendez-vous ou sans. Nous vous accueillons et vous informons sur les services disponibles. Nous proposons des ateliers numériques et des actions collectives tout au long de l'année, avec des thèmes variés. Contactez-nous pour en savoir plus. Nous sommes ouverts les 1er et 3ème mardis de chaque mois jusqu'à 19h, avec ou sans rendez-vous."
Circonscription du Service Social Départemental de Noisy-le-Sec/ Romainville. Site de Noisy le Sec.,"Accueil téléphonique et physique pour tous, sur rendez-vous ou sans. Nous vous accueillons et vous informons sur les services disponibles. Nous proposons des ateliers numériques et des actions collectives tout au long de l'année, avec des thèmes variés. Contactez-nous pour en savoir plus. Nous sommes ouverts les 1er et 3ème mardis de chaque mois jusqu'à 19h, avec ou sans rendez-vous."
Circonscription du Service Social Départemental de Pantin,"Accueil téléphonique et physique pour tous. Nous vous accueillons et vous informons sur les services disponibles, principalement sur rendez-vous. Nous organisons également des ateliers et des actions collectives tout au long de l'année, avec des thèmes variés. Contactez-nous pour en savoir plus."
Circonscription du Service Social Départemental des Pavillons-sous-Bois / Livry Gargan/ Vaujours. Site des Pavillons sous Bois,"Accueil téléphonique et physique pour tous, sur rendez-vous ou sans. Nous vous accueillons et vous informons sur les services disponibles. Nous proposons des ateliers numériques et des actions collectives tout au long de l'année, avec des thèmes variés. Contactez-nous pour en savoir plus. Nous sommes ouverts les 1er et 3ème mardis de chaque mois jusqu'à 19h, avec ou sans rendez-vous."
Circonscription du Service Social Départemental de Pierre?tte-Sur-Seine/Stains. Site de Pierrefitte sur Seine.,"Accueil téléphonique et physique pour tous, sur rendez-vous ou sans. Nous vous accueillons et vous informons sur les services disponibles. Nous proposons des ateliers numériques et des actions collectives tout au long de l'année, avec des thèmes variés. Contactez-nous pour en savoir plus. Nous sommes ouverts les 1er et 3ème mardis de chaque mois jusqu'à 19h, avec ou sans rendez-vous."
Circonscription du Service Social Départemental de Noisy le Sec /Romainville. Site de Romainville.,"Accueil téléphonique et physique pour tous, sur rendez-vous ou sans. Nous vous accueillons et vous informons sur les services disponibles. Nous proposons des ateliers numériques et des actions collectives tout au long de l'année, avec des thèmes variés. Contactez-nous pour en savoir plus. Nous sommes ouverts les 1er et 3ème mardis de chaque mois jusqu'à 19h, avec ou sans rendez-vous."
Circonscription du Service Social Départemental de Rosny-sous-Bois/Villemomble-Le Raincy . Site de Rosny sous Bois.,"Accueil téléphonique et physique pour tous, principalement sur rendez-vous. Nous vous accueillons et vous informons sur les services disponibles. Nous organisons également des ateliers numériques et des actions collectives tout au long de l'année, avec des thèmes variés. Pour en savoir plus, n'hésitez pas à nous contacter. Nous proposons désormais un accueil en horaires élargis les 1er et 3ème mardis de chaque mois, jusqu'à 19h, avec ou sans rendez-vous."
CSAPA Barbusse,"Centre de Soins, d'Accompagnement et de Prévention en Addictologie : nous aidons les personnes ayant des problèmes avec des produits ou des jeux. Nous sommes au 1er étage du centre de santé. Pour nous voir, il faut prendre rendez-vous, même pour la première fois."
Service social de polyvalence municipal - Saint-Denis,"Le Service Social de Polyvalence Municipal à Saint-Denis est là pour vous aider. Vous pouvez venir pour obtenir de l'aide pour des problèmes personnels ou pour avoir de l'aide pour faire des démarches administratives. Pour prendre rendez-vous, vous pouvez venir sur place ou appeler par téléphone. Il faudra apporter une pièce d'identité. Le service est ouvert le soir, les 1er et 3ème mardi de chaque mois, jusqu'à 19h."
Circonscription du Service Social Départemental de Sevran,"Accueil téléphonique et physique pour tous, sur rendez-vous ou sans. Nous vous accueillons et vous informons sur les services disponibles. Nous proposons des ateliers numériques et des actions collectives tout au long de l'année, avec des thèmes variés. Contactez-nous pour en savoir plus. Nous sommes ouverts les 1er et 3ème mardis de chaque mois jusqu'à 19h, avec ou sans rendez-vous."
Circonscription du Service Social Départemental de Tremblay-en-France/Villepinte. Site de Tremblay en France.,"Accueil téléphonique et physique pour tous, sur rendez-vous ou sans. Nous vous accueillons et vous informons sur les services disponibles. Nous proposons des ateliers numériques et des actions collectives tout au long de l'année, avec des thèmes variés. Contactez-nous pour en savoir plus. Nous sommes ouverts les 1er et 3ème mardis de chaque mois jusqu'à 19h, avec ou sans rendez-vous."
La Maison des femmes de Saint-Denis - Prise en charge des femmes victimes de violences,"La Maison des femmes de Saint-Denis est un lieu de soins pour les femmes en difficulté ou victimes de violences. Elle propose des soins complets avec 4 unités : santé sexuelle, mutilations sexuelles féminines, violences et CORALIS pour les victimes de viols. Les femmes reçoivent également un soutien social et juridique, des soins pour leur bien-être et des ateliers pour améliorer leur estime de soi. L'équipe de La Maison des femmes est composée de professionnels de la santé et du social qui travaillent ensemble sur un même site. Les femmes peuvent voir un psychologue, un gynécologue et un travailleur social au même endroit. Depuis mai 2019, il est possible de porter plainte directement à La Maison des femmes, sans aller au commissariat."
CCAS de Saint-Denis,"Le Centre Communal d&#39;Action Sociale (CCAS) est un endroit où vous pouvez obtenir de l&#39;aide et des informations. Il est ouvert aux familles, aux personnes en difficulté, aux personnes âgées et aux personnes handicapées. Le CCAS peut vous aider à remplir des dossiers pour demander des aides et des allocations, comme l&#39;Allocation Départementale Personnalisée d&#39;Autonomie (A.D.P.A.) ou le Revenu de Solidarité Active (RSA). Vous pouvez également demander des attestations, comme la carte d&#39;invalidité. Le CCAS de Saint-Denis propose d&#39;autres aides, comme une aide financière exceptionnelle ou une aide pour les jeunes en difficulté. Si vous n&#39;avez pas d&#39;adresse, le CCAS peut vous aider à obtenir une domiciliation administrative. Vous pouvez vous présenter au CCAS et les agents étudieront votre demande de manière individuelle."
Circonscription du Service Social Départemental deRosny sous Bois/ Villemomble-Le Raincy. Site de Villemomble.,"Le service social départemental est là pour aider les personnes qui vivent à Villemomble et au Raincy. Nous sommes à votre écoute au téléphone et en personne. Nous accueillons tout le monde, quel que soit votre problème, et nous vous donnons des informations et des conseils pour vous aider. La plupart du temps, il faut prendre rendez-vous. Nous organisons également des activités de groupe et des ateliers sur l'informatique, avec des thèmes qui changent régulièrement. Contactez-nous pour en savoir plus. Nous avons une nouveauté : nous sommes ouverts plus tard les 1er et 3ème mardis de chaque mois, jusqu'à 19h. Vous pouvez venir avec ou sans rendez-vous."
Circonscription du Service Social Départemental de'Epinay sur Seine/Villetaneuse. Site de Villetaneuse.,"Accueil téléphonique et physique pour tous, nous vous informons et vous orientons sur les services de la commune, principalement sur rendez-vous, avec une nouveauté : nous sommes ouverts jusqu'à 19h le premier mardi de chaque mois."
Circonscription du Service Social Départemental de Pierrefitte/Stains. Site de Stains.,"Accueil téléphonique et physique pour tous, sur rendez-vous ou sans. Nous vous accueillons et vous informons sur les services disponibles. Nous proposons des ateliers numériques et des actions collectives tout au long de l'année, avec des thèmes variés. Contactez-nous pour en savoir plus. Nous sommes ouverts les 1er et 3ème mardis de chaque mois jusqu'à 19h, avec ou sans rendez-vous."
Permanence RESF Le Pré-Saint-Gervais,"Le Réseau Education Sans Frontières aide les jeunes qui vont à l'école en France, de la maternelle à l'université, et leurs familles qui risquent d'être expulsées. Le réseau veut protéger et aider ces personnes à régulariser leur situation. À Pré Saint-Gervais, il y a une permanence le 1er et 3ème samedi de chaque mois, de 11h à 13h, à l'école Anatole France."
Permanence RESF Les Lilas,"Le Réseau Education sans Frontières aide les personnes en situation irrégulière, comme les enfants, les familles et les adultes. Il informe et soutient ceux qui vivent et travaillent sans papiers pour les aider à régulariser leur situation. Il organise également un soutien pour ceux qui risquent d'être expulsés. Des permanences sont organisées tous les 15 jours, le lundi, à la mairie des Lilas, de 19h30 à 21h30, avec entrée par l'arrière de la mairie. Les dates exactes sont disponibles dans le magazine InfosLilas ou à la mairie."
Collectif Des Sans Papiers de Livry Gargan,"Le collectif des Sans Papiers de Livry Gargan offre <b>aide administrative et juridique</b> pour les démarches suivantes : constitution de dossiers de régularisation, de naturalisation, de demande de titre de séjour, de demande d'asile. Il assure également un <b>suivi et une aide administrative</b> pour les personnes accompagnées, en leur facilitant l'accès à leurs droits. De plus, le collectif <b>défend les sans papiers</b> qui sont interpellés, détenus, menacés d'expulsion, victimes de contrôles d'identités abusifs ou qui font face à des procédures judiciaires complexes."
Secours Populaire - Comité d'Aubervilliers,"Le Secours Populaire d'Aubervilliers offre des permanences d'accueil pour aider les personnes dans le besoin. Pour recevoir des colis alimentaires, il faut d'abord être dirigé vers le Secours Populaire par une organisation sociale d'Aubervilliers, comme le CCAS ou une association. Cependant, si vous êtes dans une situation d'urgence, vous pouvez vous présenter directement au comité pour obtenir de l'aide."
Permanence RESF Noisy-le-Sec,"Le Réseau Education Sans Frontières aide les jeunes qui vont à l'école en France, de la maternelle à l'université, et leurs familles qui risquent d'être expulsées. Ce réseau travaille ensemble pour protéger et aider ces personnes à obtenir des papiers en règle."
Permanence d'accès aux droits LDH-RESF - les Marnaudes,"Le Réseau Education sans Frontières aide les enfants, les familles et les adultes qui n'ont pas de papiers en règle. Il informe et soutient les familles et les jeunes qui étudient, travaillent et vivent ici sans autorisation de séjour, pour les aider à régulariser leur situation. Il organise également un réseau de solidarité pour ceux qui risquent d'être expulsés. Vous pouvez les rencontrer au Centre socioculturel des Marnaudes."
Secours Populaire - Comité de Bagnolet,"Le Secours populaire français aide les personnes dans le besoin. Il leur offre de la nourriture, des vêtements, un toit et l'accès aux soins médicaux. Il les aide également à trouver un travail et à accéder à la culture. L'objectif est de donner à tous les mêmes chances. Vous pouvez les rencontrer le mardi et vendredi pour discuter de vos besoins."
Secours Populaire - Comité du Blanc-Mesnil,"Le Secours populaire français aide les personnes dans le besoin dans plusieurs domaines : <b>nourriture</b>, <b>vêtements</b>, <b>logement</b>, <b>soins médicaux</b>, <b>travail</b>, <b>culture</b> et <b>accès aux droits</b>. Le comité du Secours Populaire du Blanc Mesnil propose des <b>permanences d'inscription</b> et d'<b>accès au droit</b>, ainsi que la <b>distribution de colis alimentaires</b> tous les jeudis matin."
Secours Populaire - Comité de Bobigny,"Le Secours populaire français aide les gens dans plusieurs domaines : <b>nourriture</b>, <b>vêtements</b>, <b>logement</b>, <b>soins médicaux</b>, <b>travail</b>, <b>culture</b> et <b>droits</b>. Le comité de Bobigny offre : <b>colis alimentaires</b>, <b>aide pour les papiers administratifs</b>, <b>apprentissage de l'informatique</b> et <b>vente de produits à bas prix</b>. Pour participer, il faut s'inscrire <b>le mardi matin</b> ou <b>par téléphone</b>."
Secours Populaire - Comité de Pierrefitte,"Le Secours populaire français aide les gens dans plusieurs domaines : <b>nourriture</b>, <b>vêtements</b>, <b>logement</b>, <b>soins médicaux</b>, <b>travail</b>, <b>culture</b> et <b>droits</b> pour que tout le monde ait accès à ce dont il a besoin."
APES Edouard Vaillant,"L'APES Drancy offre un service pour aider les gens à résoudre leurs problèmes sociaux et administratifs. L'association organise aussi des sorties pour les familles pendant l'été. De plus, elle propose des ateliers pour aider les personnes qui viennent d'arriver à s'intégrer, au Centre Social Municipal de la Cité du Nord."
Secours Populaire - Comité de Romainville,"Le Secours Populaire Français aide les personnes dans le besoin. Il propose de l'aide pour manger, s'habiller, avoir un logement, accéder aux soins médicaux, trouver un travail et participer à la vie culturelle. L'association aide également les gens à connaître et à exercer leurs droits. Les permanences d'accueil sont ouvertes le lundi, le mardi et le samedi."
Secours Populaire - Comité de Saint-Ouen,"Le Secours populaire français aide les personnes dans le besoin. Il leur offre de la nourriture, des vêtements, un toit et l'accès aux soins médicaux. Il les aide également à trouver un travail et à accéder à la culture. L'objectif est de donner à tous les mêmes chances. Le Secours populaire est ouvert pour accueillir les personnes du mardi au jeudi."
Association Nénuphar,"Nénuphar est une association qui aide les gens à se rencontrer et à apprendre les uns des autres. Elle a été créée en 2011 par un groupe de femmes qui voulaient offrir un espace pour les personnes de cultures différentes. L'association organise des activités pour que les gens puissent se rencontrer et apprendre ensemble. Elle propose des cours de français pour les personnes qui viennent d'arriver en France, ainsi que des cours d'anglais et d'alphabétisation. L'association aide également les femmes à se développer personnellement et professionnellement. Elle propose des séminaires, des conférences et des ateliers pour aider les gens à apprendre et à grandir. Le mardi, l'association est ouverte pour aider les gens à faire des démarches administratives. L'association est basée sur les principes d'échange et de solidarité, et elle veut aider les gens à vivre ensemble en harmonie."
Secours Populaire - Comité de Sevran,"Le Secours populaire français aide les gens dans plusieurs domaines : <b>nourriture</b>, <b>vêtements</b>, <b>logement</b>, <b>soins médicaux</b>, <b>travail</b>, <b>culture</b> et <b>droits</b>. Le comité de Sevran offre des services comme : <b>aide administrative</b>, <b>aide juridique</b>, <b>distribution de vêtements</b> et <b>colis alimentaires</b>."
Secours Populaire - Comité de Villetaneuse,"Le Secours populaire français aide les personnes dans le besoin. Il propose de l'aide pour manger, s'habiller, avoir un logement, accéder aux soins médicaux, trouver un travail et profiter de la culture. Il aide également les gens à connaître et à exercer leurs droits. Pour bénéficier de ces aides, il faut s'inscrire. Les services sont gratuits ou peu coûteux, selon vos revenus et vos dépenses. Vous pouvez vous rendre au bureau d'accueil les lundi, mardi, jeudi et vendredi pour obtenir de l'aide."
Secours Populaire - Comité de Villepinte,"Le Secours populaire français aide les personnes dans le besoin. Il propose de l'aide pour manger, s'habiller, avoir un logement, accéder aux soins médicaux, trouver un travail et profiter de la culture. L'association veut aussi aider les gens à connaître et à défendre leurs droits. Le comité de Villepinte distribue des colis alimentaires. Les inscriptions ont lieu le mercredi et vendredi."
APJC - Association Pavillonnaise pour la Jeunesse et la Culture,"L'APJC propose des activités pour tous : concerts, soirées, événements, rencontres pour parents et enfants. Vous pouvez vous détendre ou travailler tranquillement au Bar'Ouf. L'APJC est une association qui veut rendre les loisirs et la culture accessibles à tous, selon la loi du 1er juillet 1901."
ASAFI - Joliot Curie,"L'ASAFI est une association qui se trouve dans plusieurs quartiers de Saint-Denis, comme Joliot-Curie, Romain-Rolland et le Centre-ville. Elle propose des cours de français pour les personnes qui vivent à Joliot-Curie."
Association Solidarité Emploi d'Aubervilliers (ASEA),"L'Association Solidarité Emploi d'Aubervilliers (ASEA) offre des ateliers pour aider les gens. Il y a des ateliers pour apprendre à faire des démarches sur Internet, des ateliers pour améliorer son français et une préparation pour passer le code de la route. Ces ateliers sont réservés aux personnes qui habitent à Aubervilliers. L'association est ouverte même certains jours fériés."
Banque Alimentaire - Villemomble partage,"La Banque alimentaire aide les personnes en difficulté à Villemomble. Elle leur donne des colis alimentaires. Pour obtenir de l'aide, il faut être orienté par un travailleur social ou une association."
Association de la Nouvelle Génération Immigrée (ANGI),"L'Association de la Nouvelle Génération Immigrée (ANGI) aide les gens à avoir les mêmes chances et à être traités de la même façon. Elle propose des activités pour que tout le monde puisse participer à la vie sociale et culturelle. Les activités incluent : l'aide aux devoirs pour les enfants de 6 à 16 ans, des ateliers pour améliorer le français, des ateliers d'arts plastiques où les œuvres sont exposées, des ateliers pour les femmes pour apprendre de nouvelles choses, de l'aide pour comprendre les lois et les droits, des sorties culturelles et artistiques, et des permanences d'écrivain public pour aider les gens à écrire des lettres et des documents importants."
Association des Femmes Relais et Médiateurs Interculturels d'Aulnay-Sous-Bois - Réseau ANDES,"L'association des Femmes-Relais aide les habitants d'Aulnay-Sous-bois dans leur vie quotidienne. Elle propose trois choses importantes : une épicerie solidaire pour aider les personnes qui ont des difficultés financières, du soutien scolaire pour les enfants qui ont besoin d'aide pour leurs devoirs, et des activités pour aider les gens à trouver un travail et à s'insérer dans la société. L'épicerie solidaire fait partie d'un réseau appelé Andes, qui est un des principaux acteurs de l'aide alimentaire en France."
Secours Catholique de Saint-Denis,"Le Secours Catholique de Saint-Denis offre plusieurs services : <b>domiciliation</b>, aide juridique pour les étrangers, formation informatique, cours de français et un espace pour les mamans avec des enfants de moins de 6 mois. Il propose également un accueil social avec un entretien pour créer un dossier de suivi et d'accompagnement. C'est un endroit convivial où vous pouvez vous détendre avec des boissons chaudes, des magazines, des jeux et des livres. Le Secours Catholique de Saint-Denis travaille aussi avec l'association DOM'Asile pour aider les réfugiés et les demandeurs d'asile. Cette association propose des services spécifiques, comme une domiciliation pour les personnes qui ont été déboutées du droit d'asile. Le Secours Catholique est une association à but non lucratif qui lutte contre la pauvreté et l'exclusion, et cherche à promouvoir la justice sociale."
Secours Catholique de Dugny,"Le Secours Catholique est une association qui aide les personnes dans le besoin. Elle lutte contre la pauvreté et l'exclusion. L'association veut que tout le monde soit traité de manière juste. Le Secours Catholique de Dugny propose des cours de français pour ceux qui veulent améliorer leur français, il suffit de s'inscrire."
Secours Catholique d'Epinay-sur-Seine,"Le Secours Catholique d'Epinay-sur-Seine offre un accueil social et des cours de français pour aider les personnes dans le besoin. Il y a aussi une boutique solidaire où vous pouvez acheter des produits à bas prix. Cette association est sans but lucratif et travaille pour lutter contre la pauvreté et l'exclusion, en promouvant la justice sociale."
Secours Catholique de Pantin,"Le Secours Catholique de Pantin offre un accueil social et un espace de convivialité tous les samedis matins. C'est une association qui aide les personnes dans le besoin, sans chercher à gagner de l'argent. Elle lutte contre la pauvreté et l'exclusion, et cherche à rendre la société plus juste."
Secours Catholique de Saint-Ouen,"Le Secours Catholique de Saint-Ouen offre un accueil social dans la salle paroissiale n°4, près de l'Eglise Notre-Dame du Rosaire. C'est une association qui aide les personnes dans le besoin, sans chercher à gagner de l'argent. Elle lutte contre la pauvreté et l'exclusion, et veut que tout le monde soit traité équitablement."
Secours Catholique d'Aulnay - Soutien Scolaire,Le Secours Catholique d'Aulnay offre une aide pour les devoirs. Vous pouvez aller au 3 rue Christophe Colomb le mercredi et vendredi. Il y a aussi une aide disponible le samedi à l'antenne du Centre Social Albatros.
Secours Catholique du Blanc-Mesnil - Paroisse Notre Dame,"Le Secours Catholique du Blanc-Mesnil est situé près de la Paroisse Notre Dame, dans une petite maison à droite. Il offre un accueil social et un service de vestiaire tous les jeudis."
Secours Catholique de Bobigny - accueil social,"Le Secours Catholique de Bobigny offre un accueil pour les personnes dans le besoin et aide les enfants avec leurs devoirs scolaires, mais il faut prendre rendez-vous d'avance."
Secours Catholique de Drancy,"Le Secours Catholique de Drancy offre des activités dans une ancienne école : un atelier de couture, un atelier d'informatique et des cours pour apprendre le français."
Secours Catholique de Sevran,"Le Secours Catholique de Sevran offre plusieurs services : un accueil social les lundi et samedi, un atelier pour apprendre à utiliser l'ordinateur, des cours pour améliorer son français et de l'aide pour les devoirs scolaires."
Secours Catholique de Tremblay-En-France,"Le Secours Catholique de Tremblay-En-France offre plusieurs services : un accueil social pour aider les personnes dans le besoin, un vestiaire avec des vêtements pour les bébés de 0 à 3 ans, et des cours d'informatique pour apprendre les bases de l'ordinateur."
Secours Catholique de Villepinte - Accueil Social,"Le Secours Catholique de Villepinte offre un accueil social et un service de vestiaire deux jours par semaine, à savoir le mercredi et le samedi."
Secours Catholique de Neuilly-sur-Marne,Le Secours Catholique de Neuilly-sur-Marne offre un accueil social. C'est une association qui aide les gens dans le besoin. Elle lutte contre la pauvreté et l'exclusion. Son but est de rendre la société plus juste pour tous.
Secours Catholique de Noisy le Grand,"Le Secours Catholique de Noisy-le-Grand est ouvert à tous pour un accueil convivial. Il propose également un accueil social avec écoute, accompagnement et aide financière en cas d'urgence, après un entretien, pour les personnes habitant Noisy-le-Grand."
Secours Catholique de Bondy,"Le Secours Catholique de Bondy offre un accueil social aux personnes de Bondy et des communes voisines. Nous proposons une écoute, un accompagnement et une aide financière d'urgence après un entretien. Nous avons également une activité de domiciliation. Chaque demande est examinée lors d'un entretien, qui peut aboutir à une orientation vers le CCAS ou une autre équipe du Secours Catholique. Nous proposons des cours de français, sauf pendant les vacances scolaires, ainsi qu'un atelier de convivialité pour favoriser les rencontres et les échanges."
Secours Catholique de Livry-Gargan,"Le Secours Catholique de Livry-Gargan offre un accueil social aux personnes de Livry-Gargan et des communes voisines. Il propose une écoute, un accompagnement et une aide financière d'urgence après un entretien. L'association aide également les personnes à recevoir leur courrier grâce à une domiciliation. Avant de recevoir de l'aide, un entretien est nécessaire pour déterminer les besoins et orienter les personnes vers les services appropriés, comme le CCAS ou une autre équipe du Secours Catholique. Pour plus d'informations, vous pouvez consulter le site <a href=""https://www.service-public.fr/particuliers/vosdroits/R4466"">https://www.service-public.fr/particuliers/vosdroits/R4466</a>."
Secours Catholique de Noisy-le-Sec,"Le Secours Catholique de Noisy-le-Sec offre un accueil social et aide les enfants avec leurs devoirs. C'est une association caritative qui aide les gens dans le besoin. Elle fait partie d'un réseau mondial appelé Caritas Internationalis. Le but est de réduire la pauvreté et les inégalités en France et dans le monde. Des bénévoles et des dons permettent de soutenir les personnes en difficulté, quelles que soient leurs origines ou leurs croyances. Ensemble, ils trouvent des solutions pour que chacun ait une place dans la société et contribue à un monde plus juste et solidaire."
Equipe Mobile,"Nous allons vers les personnes qui ont besoin d'aide. Nous visitons des communes pour rencontrer celles qui sont en situation de prostitution. Nous avons des heures d'accueil collectif : les lundis de 17h à 19h et les mercredis de 16h à 19h. Nous travaillons avec d'autres organisations pour aider les personnes qui ont des questions sur l'accueil, l'orientation et l'accompagnement de celles qui sont concernées par la prostitution ou la traite des êtres humains. Si vous avez besoin de nous, il est préférable d'appeler au 06 22 36 01 13 avant de venir nous voir, car nous pouvons être absents pour répondre à des urgences."
PASS - Hôpital Ville-Evrard,"La PASS de l'Hôpital Ville-Evrard est un service qui vous permet d'accéder à des soins de santé même si vous n'avez pas d'assurance maladie ou d'aide financière. Ce service est situé dans l'hôpital et propose un accueil sans condition pour les personnes qui ont besoin de soins mais qui n'y ont pas accès en raison de problèmes financiers ou de protection sociale. Vous pouvez y avoir accès à des consultations de médecine générale ou spécialisée, y compris des soins dentaires, mais uniquement sur rendez-vous."
Accompagnement Sans Hébergement,"Nous proposons un accompagnement pour les personnes qui ont été victimes de la prostitution ou de la traite des êtres humains. Notre objectif est de les aider à se sentir en sécurité et à sortir de cette situation difficile. Nous offrons un espace pour réfléchir à des alternatives à la prostitution, si cela est souhaité. Nous organisons un accueil collectif deux fois par mois, le premier et le troisième vendredi, de 11h à 12h."
La Cimade Permanence juridique - Montreuil,"La Cimade aide les personnes qui sont traitées injustement. Elle défend les droits des réfugiés et des migrants, peu importe d'où ils viennent ou ce qu'ils pensent. La permanence juridique offre des conseils pour les demandes d'asile, les papiers pour rester en France et les cartes de séjour. Elle aide aussi les personnes qui n'ont pas obtenu le droit d'asile, les migrants sans papiers et ceux qui doivent quitter la France."
ASTI - Association de Solidarité avec les Travailleurs Immigrés,"L'ASTI est une association qui aide les travailleurs immigrés. Elle propose : un accueil pour les problèmes juridiques, administratifs et de santé, des ateliers pour apprendre la langue, une crèche et des activités pour les enfants avant l'école. Il faut prendre rendez-vous pour venir."
Mouvement pour la Réinsertion Sociale (mrs93),"Le Mouvement pour la réinsertion sociale aide les personnes qui sortent de prison à retrouver leur place dans la société et à trouver un travail. Lors de la première visite, on crée un dossier pour suivre les progrès de la personne. À chaque rencontre, on met à jour ce dossier. L'accueillant essaie d'aider la personne à trouver son chemin en lui proposant un plan d'insertion. Ce plan comprend : identifier les problèmes urgents, contacter des professionnels pour aider à résoudre ces problèmes, trouver un logement, aider à trouver un emploi, aider pour les démarches administratives et évaluer les progrès régulièrement."
Fontaine à eau,Il semble qu'il n'y ait pas de texte à simplifier. Pourriez-vous me fournir le texte que vous souhaitez que je réécrive en langage clair et accessible à tous ? Je serai ravi de vous aider.
Fontaine à eau,Il semble qu'il n'y ait pas de texte à simplifier. Pourriez-vous me fournir le texte que vous souhaitez que je réécrive en langage clair et accessible à tous ? Je serai ravi de vous aider.
Toilettes publiques,Il semble qu'il n'y ait pas de texte à simplifier. Pourriez-vous me fournir le texte que vous souhaitez que je réécrive en langage clair et accessible à tous ? Je serai ravi de vous aider.
Fontaine à eau,Il semble qu'il n'y ait pas de texte à simplifier. Pourriez-vous me fournir le texte que vous souhaitez que je réécrive en langage clair et accessible à tous ? Je serai ravi de vous aider.
Fontaine à eau,Il semble qu'il n'y ait pas de texte à simplifier. Pourriez-vous me fournir le texte que vous souhaitez que je réécrive en langage clair et accessible à tous ? Je serai ravi de vous aider.
Toilettes publiques,Il semble qu'il n'y ait pas de texte à simplifier. Pourriez-vous me fournir le texte que vous souhaitez que je réécrive en langage clair et accessible à tous ? Je serai ravi de vous aider.
Toilettes publiques,Il semble qu'il n'y ait pas de texte à simplifier. Pourriez-vous me fournir le texte que vous souhaitez que je réécrive en langage clair et accessible à tous ? Je serai ravi de vous aider.
Fontaine à eau,Il semble qu'il n'y ait pas de texte à simplifier. Pourriez-vous me fournir le texte que vous souhaitez que je réécrive en langage clair et accessible à tous ? Je serai ravi de vous aider.
Fontaine à eau,Il semble qu'il n'y ait pas de texte à simplifier. Pourriez-vous me fournir le texte que vous souhaitez que je réécrive en langage clair et accessible à tous ? Je serai ravi de vous aider.
Fontaine à eau,Il semble qu'il n'y ait pas de texte à simplifier. Pourriez-vous me fournir le texte que vous souhaitez que je réécrive en langage clair et accessible à tous ? Je serai ravi de vous aider.
Fontaine à eau,Il semble qu'il n'y ait pas de texte à simplifier. Pourriez-vous me fournir le texte que vous souhaitez que je réécrive en langage clair et accessible à tous ? Je serai ravi de vous aider.
Fontaine à eau,Il semble qu'il n'y ait pas de texte à simplifier. Pourriez-vous me fournir le texte que vous souhaitez que je réécrive en langage clair et accessible à tous ? Je serai ravi de vous aider.
Fontaine à eau,Il semble qu'il n'y ait pas de texte à simplifier. Pourriez-vous me fournir le texte que vous souhaitez que je réécrive en langage clair et accessible à tous ? Je serai ravi de vous aider.
Fontaine à eau,Il semble qu'il n'y ait pas de texte à simplifier. Pourriez-vous me fournir le texte que vous souhaitez que je réécrive en langage clair et accessible à tous ? Je serai ravi de vous aider.
Toilettes publiques,Il semble qu'il n'y ait pas de texte à simplifier. Pourriez-vous me fournir le texte que vous souhaitez que je réécrive en langage clair et accessible à tous ? Je serai ravi de vous aider.
Fontaine à eau,Il semble qu'il n'y ait pas de texte à simplifier. Pourriez-vous me fournir le texte que vous souhaitez que je réécrive en langage clair et accessible à tous ? Je serai ravi de vous aider.
Fontaine à eau,Il semble qu'il n'y ait pas de texte à simplifier. Pourriez-vous me fournir le texte que vous souhaitez que je réécrive en langage clair et accessible à tous ? Je serai ravi de vous aider.
Fontaine à eau,Il semble qu'il n'y ait pas de texte à simplifier. Pourriez-vous me fournir le texte que vous souhaitez que je réécrive en langage clair et accessible à tous ? Je serai ravi de vous aider.
Fontaine à eau,Il semble qu'il n'y ait pas de texte à simplifier. Pourriez-vous me fournir le texte que vous souhaitez que je réécrive en langage clair et accessible à tous ? Je serai ravi de vous aider.
Fontaine à eau,Il semble qu'il n'y ait pas de texte à simplifier. Pourriez-vous me fournir le texte que vous souhaitez que je réécrive en langage clair et accessible à tous ? Je serai ravi de vous aider.
Fontaine à eau,Il semble qu'il n'y ait pas de texte à simplifier. Pourriez-vous me fournir le texte que vous souhaitez que je réécrive en langage clair et accessible à tous ? Je serai ravi de vous aider.
Fontaine à eau,Il semble qu'il n'y ait pas de texte à simplifier. Pourriez-vous me fournir le texte que vous souhaitez que je réécrive en langage clair et accessible à tous ? Je serai ravi de vous aider.
Fontaine à eau,Il semble qu'il n'y ait pas de texte à simplifier. Pourriez-vous me fournir le texte que vous souhaitez que je réécrive en langage clair et accessible à tous ? Je serai ravi de vous aider.
Fontaine à eau,Il semble qu'il n'y ait pas de texte à simplifier. Pourriez-vous me fournir le texte que vous souhaitez que je réécrive en langage clair et accessible à tous ? Je serai ravi de vous aider.
Fontaine à eau,Il semble qu'il n'y ait pas de texte à simplifier. Pourriez-vous me fournir le texte que vous souhaitez que je réécrive en langage clair et accessible à tous ? Je serai ravi de vous aider.
Fontaine à eau,Il semble qu'il n'y ait pas de texte à simplifier. Pourriez-vous me fournir le texte que vous souhaitez que je réécrive en langage clair et accessible à tous ? Je serai ravi de vous aider.
Fontaine à eau,Il semble qu'il n'y ait pas de texte à simplifier. Pourriez-vous me fournir le texte que vous souhaitez que je réécrive en langage clair et accessible à tous ? Je serai ravi de vous aider.
Fontaine à eau,Il semble qu'il n'y ait pas de texte à simplifier. Pourriez-vous me fournir le texte que vous souhaitez que je réécrive en langage clair et accessible à tous ? Je serai ravi de vous aider.
Fontaine à eau,Il semble qu'il n'y ait pas de texte à simplifier. Pourriez-vous me fournir le texte que vous souhaitez que je réécrive en langage clair et accessible à tous ? Je serai ravi de vous aider.
Fontaine à eau,Il semble qu'il n'y ait pas de texte à simplifier. Pourriez-vous me fournir le texte que vous souhaitez que je réécrive en langage clair et accessible à tous ? Je serai ravi de vous aider.
Fontaine à eau,Il semble qu'il n'y ait pas de texte à simplifier. Pourriez-vous me fournir le texte que vous souhaitez que je réécrive en langage clair et accessible à tous ? Je serai ravi de vous aider.
Fontaine à eau,Il semble qu'il n'y ait pas de texte à simplifier. Pourriez-vous me fournir le texte que vous souhaitez que je réécrive en langage clair et accessible à tous ? Je serai ravi de vous aider.
Fontaine à eau,Il semble qu'il n'y ait pas de texte à simplifier. Pourriez-vous me fournir le texte que vous souhaitez que je réécrive en langage clair et accessible à tous ? Je serai ravi de vous aider.
Fontaine à eau,Il semble qu'il n'y ait pas de texte à simplifier. Pourriez-vous me fournir le texte que vous souhaitez que je réécrive en langage clair et accessible à tous ? Je serai ravi de vous aider.
Fontaine à eau,Il semble qu'il n'y ait pas de texte à simplifier. Pourriez-vous me fournir le texte que vous souhaitez que je réécrive en langage clair et accessible à tous ? Je serai ravi de vous aider.
Toilettes publiques,Il semble qu'il n'y ait pas de texte à simplifier. Pourriez-vous me fournir le texte que vous souhaitez que je réécrive en langage clair et accessible à tous ? Je serai ravi de vous aider.
Toilettes publiques,Il semble qu'il n'y ait pas de texte à simplifier. Pourriez-vous me fournir le texte que vous souhaitez que je réécrive en langage clair et accessible à tous ? Je serai ravi de vous aider.
Toilettes publiques,Il semble qu'il n'y ait pas de texte à simplifier. Pourriez-vous me fournir le texte que vous souhaitez que je réécrive en langage clair et accessible à tous ? Je serai ravi de vous aider.
Toilettes publiques,Il semble qu'il n'y ait pas de texte à simplifier. Pourriez-vous me fournir le texte que vous souhaitez que je réécrive en langage clair et accessible à tous ? Je serai ravi de vous aider.
Toilettes publiques,Il semble qu'il n'y ait pas de texte à simplifier. Pourriez-vous me fournir le texte que vous souhaitez que je réécrive en langage clair et accessible à tous ? Je serai ravi de vous aider.
Toilettes publiques,Il semble qu'il n'y ait pas de texte à simplifier. Pourriez-vous me fournir le texte que vous souhaitez que je réécrive en langage clair et accessible à tous ? Je serai ravi de vous aider.
Toilettes publiques,Il y a des toilettes publiques dans le Parc départemental Georges Valbon.
Toilettes publiques,Il semble qu'il n'y ait pas de texte à simplifier. Pourriez-vous me fournir le texte que vous souhaitez que je réécrive en langage clair et accessible à tous ? Je serai ravi de vous aider.
Toilettes publiques,Il semble qu'il n'y ait pas de texte à simplifier. Pourriez-vous me fournir le texte que vous souhaitez que je réécrive en langage clair et accessible à tous ? Je serai ravi de vous aider.
Toilettes publiques,Il semble qu'il n'y ait pas de texte à simplifier. Pourriez-vous me fournir le texte que vous souhaitez que je réécrive en langage clair et accessible à tous ? Je serai ravi de vous aider.
Toilettes publiques,Il semble qu'il n'y ait pas de texte à simplifier. Pourriez-vous me fournir le texte que vous souhaitez que je réécrive en langage clair et accessible à tous ? Je serai ravi de vous aider.
Toilettes publiques,Il semble qu'il n'y ait pas de texte à simplifier. Pourriez-vous me fournir le texte que vous souhaitez que je réécrive en langage clair et accessible à tous ? Je serai ravi de vous aider.
Toilettes publiques,Il semble qu'il n'y ait pas de texte à simplifier. Pourriez-vous me fournir le texte que vous souhaitez que je réécrive en langage clair et accessible à tous ? Je serai ravi de vous aider.
Toilettes publiques,Il semble qu'il n'y ait pas de texte à simplifier. Pourriez-vous me fournir le texte que vous souhaitez que je réécrive en langage clair et accessible à tous ? Je serai ravi de vous aider.
Toilettes publiques,Il semble qu'il n'y ait pas de texte à simplifier. Pourriez-vous me fournir le texte que vous souhaitez que je réécrive en langage clair et accessible à tous ? Je serai ravi de vous aider.
Fontaine à eau,Il semble qu'il n'y ait pas de texte à simplifier. Pourriez-vous me fournir le texte que vous souhaitez que je réécrive en langage clair et accessible à tous ? Je serai ravi de vous aider.
Toilettes publiques,Il semble qu'il n'y ait pas de texte à simplifier. Pourriez-vous me fournir le texte que vous souhaitez que je réécrive en langage clair et accessible à tous ? Je serai ravi de vous aider.
Toilettes publiques,Il semble qu'il n'y ait pas de texte à simplifier. Pourriez-vous me fournir le texte que vous souhaitez que je réécrive en langage clair et accessible à tous ? Je serai ravi de vous aider.
Toilettes publiques,Il semble qu'il n'y ait pas de texte à simplifier. Pourriez-vous me fournir le texte que vous souhaitez que je réécrive en langage clair et accessible à tous ? Je serai ravi de vous aider.
Toilettes publiques,Il semble qu'il n'y ait pas de texte à simplifier. Pourriez-vous me fournir le texte que vous souhaitez que je réécrive en langage clair et accessible à tous ? Je serai ravi de vous aider.
Toilettes publiques,Il semble qu'il n'y ait pas de texte à simplifier. Pourriez-vous me fournir le texte que vous souhaitez que je réécrive en langage clair et accessible à tous ? Je serai ravi de vous aider.
Toilettes publiques,Il semble qu'il n'y ait pas de texte à simplifier. Pourriez-vous me fournir le texte que vous souhaitez que je réécrive en langage clair et accessible à tous ? Je serai ravi de vous aider.
Toilettes publiques,Il semble qu'il n'y ait pas de texte à simplifier. Pourriez-vous me fournir le texte que vous souhaitez que je réécrive en langage clair et accessible à tous ? Je serai ravi de vous aider.
Toilettes publiques,Il semble qu'il n'y ait pas de texte à simplifier. Pourriez-vous me fournir le texte que vous souhaitez que je réécrive en langage clair et accessible à tous ? Je serai ravi de vous aider.
Toilettes publiques,Il semble qu'il n'y ait pas de texte à simplifier. Pourriez-vous me fournir le texte que vous souhaitez que je réécrive en langage clair et accessible à tous ? Je serai ravi de vous aider.
Toilettes publiques,Il semble qu'il n'y ait pas de texte à simplifier. Pourriez-vous me fournir le texte que vous souhaitez que je réécrive en langage clair et accessible à tous ? Je serai ravi de vous aider.
Toilettes publiques,Il semble qu'il n'y ait pas de texte à simplifier. Pourriez-vous me fournir le texte que vous souhaitez que je réécrive en langage clair et accessible à tous ? Je serai ravi de vous aider.
Toilettes publiques,Il semble qu'il n'y ait pas de texte à simplifier. Pourriez-vous me fournir le texte que vous souhaitez que je réécrive en langage clair et accessible à tous ? Je serai ravi de vous aider.
Mission Locale Intercommunale - antenne de Romainville,"La Mission locale est là pour aider les jeunes de 16 à 25 ans qui ont quitté l'école. Un conseiller vous aidera à trouver votre chemin. La Mission locale vous aide à : définir votre projet professionnel, trouver un emploi ou une formation, partir travailler à l'étranger, connaître vos droits à la santé, au logement, à la garde d'enfants, etc. Elle accueille les jeunes de Romainville."
Mission Locale Intercommunale - antenne de Bagnolet,"La Mission locale est là pour aider les jeunes de 16 à 25 ans qui ont quitté l'école. Un conseiller vous aidera à trouver votre chemin. La Mission locale peut vous aider à : définir votre projet professionnel, trouver un emploi ou une formation, partir travailler à l'étranger, connaître vos droits en matière de santé, de logement, de garde d'enfants, etc. La Mission locale accueille les jeunes de Bagnolet, mais attention, elle est fermée le dernier vendredi de chaque mois."
Mission Locale Intercommunale - antenne de Noisy-le-Sec,"La Mission locale est là pour aider les jeunes de 16 à 25 ans qui ont quitté l'école. Un conseiller vous aidera à trouver votre chemin. La Mission locale peut vous aider à : définir votre projet professionnel, trouver un emploi ou une formation, partir travailler à l'étranger, connaître vos droits à la santé, au logement, à la garde d'enfants, etc. Les demandeurs d'asile et réfugiés ayant le droit de travailler en France ou dans l'Union Européenne sont également les bienvenus. La Mission locale accueille spécialement les jeunes de Noisy-le-Sec."
Mission Locale Intercommunale - antenne de Villepinte,"La Mission locale est là pour aider les jeunes de 16 à 25 ans qui ont quitté l'école. Un conseiller vous aidera à trouver votre chemin. La Mission locale vous aide à <b>définir votre projet professionnel</b>, à <b>rechercher un emploi ou une formation</b>, à <b>travailler à l'étranger</b> et à <b>comprendre vos droits</b> en matière de santé, de logement, de garde d'enfants, etc. La Mission locale propose aussi des <b>contrats d'engagement jeune</b> qui vous permettent de participer à des activités pour vous aider à vous insérer dans la vie active, en échange d'une aide financière, en travaillant 15 à 20 heures par semaine."
Mission Locale Intercommunale - antenne de Gagny,"La Mission locale aide les jeunes de 16 à 25 ans qui ont quitté l'école. Un conseiller les aide à trouver leur chemin. L'antenne de Gagny accueille les jeunes qui cherchent du travail et leur propose des services adaptés à leurs besoins et au marché du travail. Il y a un espace emploi, des ateliers et un suivi personnel pour les aider dans leurs démarches et leur carrière. C'est ouvert aux demandeurs d'asile et réfugiés qui ont le droit de travailler en France ou dans l'Union Européenne."
Mission Locale Intercommunale - antenne des Pavillons-Sous-Bois,"La Mission locale est là pour aider les jeunes de 16 à 25 ans qui ont quitté l'école. Un conseiller vous aidera à trouver votre chemin. La Mission locale peut vous aider à : définir votre projet professionnel, trouver un emploi ou une formation, partir travailler à l'étranger, connaître vos droits à la santé, au logement, à la garde d'enfants, etc. Les demandeurs d'asile et réfugiés ayant le droit de travailler en France ou dans l'Union Européenne sont également les bienvenus."
CSAPA Rabelais,"Le CSAPA Rabelais est un centre qui aide les personnes ayant des problèmes d'addiction. Il accueille ceux qui ont des difficultés avec l'alcool, le tabac, les médicaments ou le cannabis et souhaite réduire ou arrêter leur consommation. Le centre aide également les personnes dépendantes des écrans, d'internet ou des jeux vidéos. Cependant, il ne prend pas en charge les addictions aux drogues dures comme la cocaïne ou l'héroïne. Un service spécialisé pour les fumeurs est disponible. Le CSAPA propose également des aides pour les proches de personnes ayant des problèmes d'addiction, comme la famille ou les amis, même si la personne concernée n'est pas suivie par le centre."
Atelier de Production,"Emmaüs alternatives a un chantier d'insertion avec un atelier de production et 8 boutiques de vente. Nous travaillons avec des textiles, des accessoires, des objets de décoration et du mobilier. Nous aidons 170 personnes à se préparer pour retrouver un emploi en leur enseignant 19 métiers différents."
Casiers Solidaires - Croix de Chavaux,"Les Casiers Solidaires aident les personnes sans-abri qui n'ont pas de suivi social. Elles peuvent bénéficier de cet aide pendant 6 mois, renouvelable. Chaque semaine, un accompagnateur social les rencontre jusqu'à la fin du contrat. Cet accompagnement est personnalisé et comprend une aide physique et administrative. Les personnes bénéficiaires ont aussi accès à des casiers privés dans l'espace public, ouverts 24h/24 et 7j/7. Ces casiers leur permettent de sécuriser leurs affaires et d'avoir un espace à elles. L'accompagnement social a lieu près des casiers."
Circonscription de Service Social Départemental de L'Ile Saint Denis/ Saint-Ouen. Site de St Ouen,"Accueil téléphonique et physique pour tous, sur rendez-vous ou sans. Nous vous accueillons et vous informons sur les services disponibles. Nous proposons des ateliers numériques et des actions collectives tout au long de l'année, avec des thèmes variés. Contactez-nous pour en savoir plus. Nous sommes ouverts les 1er et 3ème mardis de chaque mois jusqu'à 19h, avec ou sans rendez-vous."
Mission Locale de la Marne aux Bois - Neuilly-sur-Marne,"La structure est fermée le vendredi, mais vous pouvez nous joindre au 01.41.54.80.85 de 9h00 à 12h00 et de 13h30 à 16h30. La Mission locale est là pour les jeunes de 16 à 25 ans qui ont quitté l'école. Nous vous aidons à : faire le point sur votre vie, trouver un métier, chercher un emploi, trouver une formation, réaliser vos projets personnels et avoir des informations sur vos droits. Pour venir, il vous faut une pièce d'identité et éventuellement une carte de séjour. Nous sommes là pour vous aider à atteindre vos objectifs."
Antenne du CeGIDD (Bobigny) départemental à Montfermeil,"L'antenne de Montfermeil aide à prévenir et à diagnostiquer le VIH et les infections sexuellement transmissibles. Pour un dépistage ou une consultation, il faut prendre rendez-vous. N'allez pas sans avoir appelé avant. Il est obligatoire de porter un masque. Seules les personnes ayant un handicap, les mineurs ou celles ayant besoin d'un interprète peuvent être accompagnées. Pour plus d'informations, vous pouvez visiter le site de Sida Info Service."
Association d'Alphabétisation du Foyer Pinel (La Plaine),"L'association d'alphabétisation du Foyer Pinel offre des cours pour apprendre à lire, écrire et parler en français. Des bénévoles animent ces cours. Ils sont ouverts à tous, quel que soit le niveau. Il y a des groupes pour les débutants et pour ceux qui veulent améliorer leur français. L'association propose également des cours d'informatique et des sorties culturelles. Les cours ont lieu d'octobre à juin. Pour s'inscrire, il faut se rendre sur le site foyerpinel.org ou aller à la Bourse du Travail, à la Maison de Quartier de la Plaine ou au 22 rue Cristino Garcia à la fin septembre. Les inscriptions sont possibles trois soirs par semaine. L'association est là pour aider les personnes qui veulent apprendre ou améliorer leur français."
Association d'Alphabétisation du Foyer Pinel (Cristino Garcia),"L'association d'alphabétisation du Foyer Pinel offre des cours pour apprendre à lire, écrire et parler en français. Des bénévoles animent ces cours. Ils sont ouverts à tous, quel que soit le niveau. Il y a des groupes pour les débutants et pour ceux qui veulent améliorer leur français. L'association propose également des cours d'informatique et des sorties culturelles. Les cours ont lieu d'octobre à juin. Pour s'inscrire, il faut se rendre sur le site foyerpinel.org ou aller à la Bourse du Travail, à la Maison de Quartier de la Plaine ou au 22 rue Cristino Garcia à la fin septembre. Les inscriptions sont possibles trois soirs par semaine. L'association est là pour aider les personnes qui veulent apprendre ou améliorer leur français."
Restos du Coeur - Centre dactivités des Pavillons-sous-Bois,"Les centres d'activités offrent de l'aide en cas d'urgence et pour aider les gens à s'intégrer dans la société. Ils proposent : un accueil chaleureux, une écoute attentive, de la nourriture pour ceux qui en ont besoin, une aide pour les problèmes matériels, des conseils pour trouver son chemin, un accompagnement pour chercher un emploi, partir en vacances, apprendre le français, utiliser les ordinateurs et internet, et une distribution de nourriture pour les personnes dans le besoin."
Médiathèque Elsa Triolet,"La médiathèque Elsa Triolet offre de nombreux services : des livres et journaux à lire sur place, des espaces pour travailler et réviser, des animations comme des spectacles et des ateliers, des ordinateurs à utiliser librement, ainsi que la possibilité d'emprunter des documents. Tous les services des médiathèques de Plaine Commune sont gratuits et ouverts à tous. Pour en savoir plus, vous pouvez visiter le site : https://www.mediatheques-plainecommune.fr/loffre-des-mediatheques"
point-justice du Centre Administratif et Social Fernand Lefort de Saint-Ouen,"Le point-justice de Saint-Ouen est un service juridique qui aide les gens à comprendre leurs droits et obligations. Il est ouvert à tous, quel que soit votre revenu, votre âge, votre sexe ou votre nationalité. Vous pouvez y aller pour : connaître vos droits et devoirs, obtenir des informations sur la façon de les faire valoir, être orienté vers les structures adaptées, recevoir de l'aide pour accomplir des démarches, obtenir des informations sur la médiation et être mis en relation avec un conciliateur de justice. Les permanences avec des professionnels du droit ou des associations sont gratuites et confidentielles. Vous pouvez prendre rendez-vous avec l'agent d'accueil pour discuter de votre problème et obtenir de l'aide. Les rendez-vous sont généralement nécessaires, mais le service est accessible à tous."
Consultation de Psychiatrie Transculturelle,"La consultation de psychiatrie transculturelle est une aide pour les professionnels de santé qui ont des patients migrants. Elle permet de mieux comprendre les problèmes de santé de ces patients et de leur famille. Les difficultés peuvent venir de la langue, des croyances traditionnelles ou de la façon de voir la maladie. Un psychologue expert évalue les besoins du patient, puis des entretiens en groupe peuvent être organisés. Ces entretiens réunissent la famille, un interprète et l'équipe médicale pour mieux connaître les besoins et les attentes du patient migrant."
Juris Secours Epinay-sur-Seine,"Juri Secours est une association qui aide les gens à accéder au droit et à améliorer leur vie sociale. Elle propose : des consultations juridiques, des conseils administratifs, un service d'écriture pour les démarches, un accompagnement social. Elle aide particulièrement les femmes et les jeunes filles qui ont subi des violences ou des discriminations. Vous pouvez prendre rendez-vous par téléphone aux heures indiquées."
Fontaine à eau,Il semble qu'il n'y ait pas de texte à simplifier. Pourriez-vous me fournir le texte que vous souhaitez que je réécrive en langage clair et accessible à tous ? Je serai ravi de vous aider.
Toilettes publiques,Il semble qu'il n'y ait pas de texte à simplifier. Pourriez-vous me fournir le texte que vous souhaitez que je réécrive en langage clair et accessible à tous ? Je serai ravi de vous aider.
Toilettes publiques,Il semble qu'il n'y ait pas de texte à simplifier. Pourriez-vous me fournir le texte que vous souhaitez que je réécrive en langage clair et accessible à tous ? Je serai ravi de vous aider.
Secours Islamique France - Saint-Denis,"Le Secours Islamique France de Saint-Denis offre plusieurs services : 
il y a une permanence sociale certains jours de la semaine, 
le mardi après-midi, le mercredi matin, le jeudi toute la journée et le vendredi après-midi. 
L'accueil social propose des conseils administratifs simples ou oriente les gens vers les services adaptés. 
Il y a aussi une épicerie solidaire appelée Epi'Sol, 
où les gens en difficulté peuvent faire leurs courses et choisir les produits qu'ils veulent consommer. 
Les produits sont de qualité, comme des fruits et légumes, et coûtent environ 30% de leur prix normal. 
Les clients sont orientés vers l'épicerie par un travailleur social et ont accès pendant une période limitée. 
Un accompagnement est proposé pour aider chaque client à atteindre ses objectifs personnels. 
L'épicerie fait partie du Réseau Andes, un réseau d'épiceries solidaires qui aide les gens en difficulté en France. 
Enfin, il y a des maraudes sociales les mardis, vendredis et dimanches de 19h30 à 00h00 dans le sud-ouest de la Seine-Saint-Denis, 
en coordination avec les services du 115."
Toilettes publiques,Il semble qu'il n'y ait pas de texte à simplifier. Pourriez-vous me fournir le texte que vous souhaitez que je réécrive en langage clair et accessible à tous ? Je serai ravi de vous aider.
Toilettes publiques,Il semble qu'il n'y ait pas de texte à simplifier. Pourriez-vous me fournir le texte que vous souhaitez que je réécrive en langage clair et accessible à tous ? Je serai ravi de vous aider.
Toilettes publiques,Il semble qu'il n'y ait pas de texte à simplifier. Pourriez-vous me fournir le texte que vous souhaitez que je réécrive en langage clair et accessible à tous ? Je serai ravi de vous aider.
Toilettes publiques,Il semble qu'il n'y ait pas de texte à simplifier. Pourriez-vous me fournir le texte que vous souhaitez que je réécrive en langage clair et accessible à tous ? Je serai ravi de vous aider.
Fontaine à eau,Il semble qu'il n'y ait pas de texte à simplifier. Pourriez-vous me fournir le texte que vous souhaitez que je réécrive en langage clair et accessible à tous ? Je serai ravi de vous aider.
Fontaine à eau,Il semble qu'il n'y ait pas de texte à simplifier. Pourriez-vous me fournir le texte que vous souhaitez que je réécrive en langage clair et accessible à tous ? Je serai ravi de vous aider.
PMI Buisson,"La PMI Buisson est un centre qui aide les mères et les enfants de moins de 6 ans. Il accompagne les jeunes parents et les femmes enceintes pour les aider à prendre soin de leur santé et de celle de leur enfant. Le centre propose des consultations avant et après la naissance, des actions pour prévenir les problèmes de santé, des activités pour apprendre à éduquer et à planifier sa famille, des consultations avec des psychologues et des puéricultrices. Des visites à domicile sont également possibles. Vous pouvez poser vos questions sur la contraception, la sexualité, les infections sexuellement transmissibles, l'interruption de grossesse, les relations de couple et de famille avec un médecin ou une conseillère. Le centre est ouvert à tous, gratuitement, avec ou sans assurance maladie."
CCAS d'Aubervilliers,"Le Centre Communal d'Action Sociale (CCAS) d'Aubervilliers est là pour aider les habitants de la ville. Il peut aider à remplir des demandes d'aides pour les personnes qui ont des difficultés. Par exemple, il peut aider pour l'Allocation Départementale Personnalisée d'Autonomie, le Revenu de Solidarité Active, les dossiers MDPH ou la carte Amethyste. Le CCAS propose aussi des aides pour les personnes qui ont des problèmes temporaires, comme de l'aide pour manger, payer les factures d'énergie ou obtenir un secours exceptionnel. Il peut également aider les personnes sans-abri à avoir une adresse pour recevoir leur courrier. Chacun peut aller au CCAS et les agents étudieront chaque demande de manière individuelle. Il est important de noter que le CCAS partage le même accueil que le Service Social Municipal de Polyvalence d'Aubervilliers."
Fontaine à eau,Il semble qu'il n'y ait pas de texte à simplifier. Pourriez-vous me fournir le texte que vous souhaitez que je réécrive en langage clair et accessible à tous ? Je serai ravi de vous aider.
Fontaine à eau,Il semble qu'il n'y ait pas de texte à simplifier. Pourriez-vous me fournir le texte que vous souhaitez que je réécrive en langage clair et accessible à tous ? Je serai ravi de vous aider.
Fontaine à eau,Il semble qu'il n'y ait pas de texte à simplifier. Pourriez-vous me fournir le texte que vous souhaitez que je réécrive en langage clair et accessible à tous ? Je serai ravi de vous aider.
Fontaine à eau,Il semble qu'il n'y ait pas de texte à simplifier. Pourriez-vous me fournir le texte que vous souhaitez que je réécrive en langage clair et accessible à tous ? Je serai ravi de vous aider.
Fontaine à eau,Il semble qu'il n'y ait pas de texte à simplifier. Pourriez-vous me fournir le texte que vous souhaitez que je réécrive en langage clair et accessible à tous ? Je serai ravi de vous aider.
Fontaine à eau,Il semble qu'il n'y ait pas de texte à simplifier. Pourriez-vous me fournir le texte que vous souhaitez que je réécrive en langage clair et accessible à tous ? Je serai ravi de vous aider.
Fontaine à eau,Il semble qu'il n'y ait pas de texte à simplifier. Pourriez-vous me fournir le texte que vous souhaitez que je réécrive en langage clair et accessible à tous ? Je serai ravi de vous aider.
Fontaine à eau,Il semble qu'il n'y ait pas de texte à simplifier. Pourriez-vous me fournir le texte que vous souhaitez que je réécrive en langage clair et accessible à tous ? Je serai ravi de vous aider.
Fontaine à eau,Il semble qu'il n'y ait pas de texte à simplifier. Pourriez-vous me fournir le texte que vous souhaitez que je réécrive en langage clair et accessible à tous ? Je serai ravi de vous aider.
Fontaine à eau,Il semble qu'il n'y ait pas de texte à simplifier. Pourriez-vous me fournir le texte que vous souhaitez que je réécrive en langage clair et accessible à tous ? Je serai ravi de vous aider.
CCAS de Bondy,"Le Centre Communal d’Action Sociale (CCAS) de Bondy est un endroit où vous pouvez obtenir de l'aide. Il accueille les familles, les personnes en difficulté, les personnes âgées et les personnes handicapées. Le CCAS vous aide à remplir des dossiers pour demander des aides, comme l'Allocation Départementale Personnalisée d’Autonomie ou le Revenu de Solidarité Active. Vous pouvez également demander des attestations, comme la carte d’invalidité. Si vous n'avez pas d'adresse, le CCAS peut vous aider à obtenir une domiciliation administrative. Vous pouvez vous présenter au CCAS et les agents étudieront votre demande de manière individuelle."
CCAS de Clichy-sous-Bois,"Le Centre Communal d’Action Sociale (CCAS) est un endroit où vous pouvez obtenir de l’aide et des informations. Il est ouvert aux familles, aux personnes en difficulté, aux personnes âgées et aux personnes handicapées. Le CCAS peut vous aider à remplir des dossiers pour demander des aides et des allocations, comme l’Allocation Départementale Personnalisée d’Autonomie ou le Revenu de Solidarité Active. Vous pouvez également demander des attestations, comme la carte d’invalidité. Le CCAS propose des aides d’urgence pour les personnes dans le besoin, comme de la nourriture ou un hébergement temporaire. Il offre aussi des aides pour payer les factures d’énergie ou le loyer. Si vous n’avez pas d’adresse, le CCAS peut vous aider à obtenir une domiciliation administrative. Vous pouvez vous rendre au CCAS et les agents étudieront votre demande de manière individuelle."
CCAS de Coubron,"Le Centre Communal d&#39;Action Sociale (CCAS) est un endroit où vous pouvez obtenir de l&#39;aide et des informations. Il est ouvert à tous, notamment aux familles, aux personnes en difficulté, aux personnes âgées et aux personnes handicapées. Le CCAS peut vous aider à remplir des dossiers pour demander des aides et des allocations, comme l&#39;Allocation Départementale Personnalisée d&#39;Autonomie (A.D.P.A.) ou le Revenu de Solidarité Active (RSA). Vous pouvez également demander une aide financière d&#39;urgence pour payer votre loyer ou d&#39;autres frais. Le CCAS propose aussi une aide pour payer les factures d&#39;électricité et de chauffage. Si vous n&#39;avez pas d&#39;adresse, le CCAS peut vous aider à obtenir une domiciliation administrative. Vous pouvez vous présenter au CCAS et les agents étudieront votre demande. Le CCAS est ouvert le 2e et 4e samedi du mois de 8h30 à 12h et de 13h à 17h."
CCAS de Drancy,"Le Centre Communal d'Action Sociale (CCAS) est un endroit où vous pouvez obtenir de l'aide et des informations. Il est ouvert aux familles, aux personnes en difficulté, aux personnes âgées et aux personnes handicapées. Le CCAS peut vous aider à remplir des dossiers pour demander des aides, comme l'Allocation Départementale Personnalisée d'Autonomie (A.D.P.A.) ou le Revenu de Solidarité Active (RSA). Vous pouvez également demander des attestations, comme la carte d'invalidité. Selon votre commune, d'autres aides peuvent être disponibles. Le CCAS peut également vous aider à obtenir une adresse administrative si vous êtes sans-abri, sous certaines conditions. Vous pouvez vous présenter au CCAS et les agents étudieront votre demande de manière individuelle. Il est important de vérifier les heures d'ouverture du CCAS, car il est fermé certains jeudis et samedis."
CCAS de Aulnay-Sous-Bois,"Le Centre Communal d’Action Sociale (CCAS) est un endroit où vous pouvez obtenir de l’aide et des informations. Il est ouvert aux familles, aux personnes en difficulté, aux personnes âgées et aux personnes handicapées. Le CCAS peut vous aider à remplir des dossiers pour demander des aides, comme l’Allocation Départementale Personnalisée d’Autonomie (A.D.P.A.) ou le Revenu de Solidarité Active (RSA). Vous pouvez également demander des attestations, comme une carte d’invalidité. Selon votre commune, d’autres aides peuvent être disponibles. Si vous n’avez pas d’adresse, le CCAS peut vous proposer une domiciliation administrative. Vous pouvez vous rendre au CCAS et les agents étudieront votre demande de manière individuelle."
CCAS de Bagnolet,"Le Centre Communal d'Action Sociale (CCAS) est un endroit où vous pouvez obtenir de l'aide et des informations. Il est ouvert aux familles, aux personnes en difficulté, aux personnes âgées et aux personnes handicapées. Le CCAS peut vous aider à remplir des dossiers pour demander des aides et des allocations, comme l'Allocation Départementale Personnalisée d'Autonomie ou le Revenu de Solidarité Active. Vous pouvez également demander des attestations, comme la carte d'invalidité. Le CCAS propose aussi des aides pour le logement, l'énergie et des aides financières exceptionnelles pour les personnes les plus démunies. Si vous n'avez pas d'adresse, le CCAS peut vous proposer une domiciliation administrative. Vous pouvez vous présenter au CCAS et les agents étudieront votre demande de manière individuelle."
CCAS de Bobigny,Il semble qu'il n'y ait pas de texte à simplifier. Pourriez-vous me fournir le texte que vous souhaitez que je réécrive en langage clair et accessible à tous ? Je serai ravi de vous aider.
CCAS de Dugny,"Le Centre Communal d'Action Sociale (CCAS) est un endroit où vous pouvez obtenir de l'aide et des informations. Il est ouvert aux familles, aux personnes en difficulté, aux personnes âgées et aux personnes handicapées. Le CCAS peut vous aider à remplir des dossiers pour demander des aides comme l'Allocation Départementale Personnalisée d'Autonomie, la carte d'invalidité ou la carte solidarité transport. Vous pouvez également demander des aides pour payer votre loyer, vos factures d'énergie ou votre eau. Si vous n'avez pas d'adresse, le CCAS peut vous aider à obtenir une domiciliation administrative. Vous pouvez vous rendre au CCAS et les agents étudieront votre demande de manière individuelle."
CCAS de Epinay-sur-Seine,"Le Centre Communal d&#39;Action Sociale (CCAS) est un endroit où vous pouvez obtenir de l&#39;aide et des informations. Il est ouvert aux familles, aux personnes en difficulté, aux personnes âgées et aux personnes handicapées. Le CCAS peut vous aider à remplir des dossiers pour demander des aides, comme l&#39;Allocation Départementale Personnalisée d&#39;Autonomie (A.D.P.A.) ou le Revenu de Solidarité Active (RSA). Vous pouvez également demander des attestations, comme la carte d&#39;invalidité. Le CCAS propose aussi des aides pour le logement et l&#39;énergie, comme le Fonds de Solidarité Logement (FSL) et le Fonds de Solidarité Énergie (FSÉ). Si vous n&#39;avez pas d&#39;adresse, le CCAS peut vous aider à obtenir une domiciliation administrative. Vous pouvez vous présenter au CCAS et les agents étudieront votre demande de manière individuelle."
CCAS de Gagny,"Le Centre Communal d'Action Sociale (CCAS) est un endroit où vous pouvez obtenir de l'aide et des informations. Il est ouvert aux familles, aux personnes en difficulté, aux personnes âgées et aux personnes handicapées. Le CCAS peut vous aider à remplir des dossiers pour demander des aides et des allocations, comme l'Allocation Départementale Personnalisée d'Autonomie (A.D.P.A.) ou le Revenu de Solidarité Active (RSA). Vous pouvez également demander des attestations, comme la carte d'invalidité. Le CCAS de Gagny propose d'autres aides, comme la Régie d'Urgence ou le Fonds de Solidarité Énergie. Si vous n'avez pas d'adresse, le CCAS peut vous aider à obtenir une domiciliation administrative. Vous pouvez vous présenter au CCAS et les agents étudieront votre demande de manière individuelle."
CCAS de Gournay-sur-Marne,"Le Centre Communal d'Action Sociale (CCAS) est un endroit où vous pouvez obtenir de l'aide et des informations. Il est ouvert aux familles, aux personnes en difficulté, aux personnes âgées et aux personnes handicapées. Le CCAS peut vous aider à remplir des dossiers pour demander des aides, comme l'Allocation Départementale Personnalisée d'Autonomie (A.D.P.A.) ou le Revenu de Solidarité Active (RSA). Vous pouvez également demander des attestations, comme une carte d'invalidité. Selon votre commune, d'autres aides peuvent être disponibles. Si vous êtes sans-abri, le CCAS peut vous proposer une domiciliation administrative sous certaines conditions. Vous pouvez vous présenter au CCAS et les agents étudieront votre demande de manière individuelle."
CCAS de La Courneuve,Il semble qu'il n'y ait pas de texte à simplifier. Pourriez-vous me fournir le texte que vous souhaitez que je réécrive en langage clair et accessible à tous ? Je serai ravi de vous aider.
CCAS du Blanc-Mesnil,"Le Centre Communal d’Action Sociale (CCAS) est un lieu d’accueil et d’aide pour les familles, les personnes en difficulté, les personnes âgées et les personnes handicapées. Il les aide à obtenir des aides et des allocations sociales, comme l’Allocation Départementale Personnalisée d’Autonomie (A.D.P.A.) ou le Revenu de Solidarité Active (RSA). Le CCAS aide également à demander des attestations, comme la carte d’invalidité. Il propose des aides alimentaires, financières, des réductions sur les tarifs de cantine et de centres de loisir, ainsi que des fonds pour payer les factures d’énergie. Les personnes sans-abri peuvent également obtenir une domiciliation administrative. Chacun peut se présenter au CCAS, où les agents étudieront les demandes au cas par cas, sous conditions de ressources."
CCAS du Bourget,Il semble qu'il n'y ait pas de texte à simplifier. Pourriez-vous me fournir le texte que vous souhaitez que je réécrive en langage clair et accessible à tous ? Je serai ravi de vous aider.
CCAS de LIle Saint Denis,"Le CCAS de L'Ile Saint Denis est un lieu d'accueil et d'aide pour les familles, les personnes en difficulté, les personnes âgées et les personnes handicapées. Il offre de l'information, de l'accompagnement et de l'orientation. Les agents du CCAS aident à remplir les dossiers pour demander des aides comme l'Allocation Départementale Personnalisée d'Autonomie, le Revenu de Solidarité Active, l'allocation compensatrice tierce personne et de l'handicap, ainsi que la carte d'invalidité. Ils peuvent également aider à demander le Fonds de Solidarité Energie et des aides financières exceptionnelles pour les personnes en difficulté. Le CCAS propose aussi une domiciliation administrative pour les personnes sans-abri ou hébergées, sous certaines conditions. Chacun peut se présenter au CCAS pour discuter de ses besoins et les agents étudieront les demandes au cas par cas."
CCAS du Raincy,"Le Centre Communal d’Action Sociale (CCAS) est un endroit où vous pouvez obtenir de l’aide et des informations. Il est ouvert aux familles, aux personnes en difficulté, aux personnes âgées et aux personnes handicapées. Le CCAS peut vous aider à remplir des dossiers pour demander des aides, comme l’Allocation Départementale Personnalisée d’Autonomie (A.D.P.A.) ou le Revenu de Solidarité Active (RSA). Vous pouvez également demander des attestations, comme une carte d’invalidité. Selon votre commune, d’autres aides peuvent être disponibles. Si vous êtes sans-abri, le CCAS peut vous proposer une domiciliation administrative sous certaines conditions. Vous pouvez vous rendre au CCAS et les agents étudieront votre demande de manière individuelle."
CCAS de Les Pavillons-sous-Bois,"Le Centre Communal d'Action Sociale (CCAS) est un endroit où vous pouvez obtenir de l'aide et des informations. Il est ouvert aux familles, aux personnes en difficulté, aux personnes âgées et aux personnes handicapées. Le CCAS peut vous aider à remplir des dossiers pour demander des aides et des allocations, comme l'Allocation Départementale Personnalisée d'Autonomie (A.D.P.A.) ou le Revenu de Solidarité Active (RSA). Vous pouvez également demander des attestations, comme la carte d'invalidité. Le CCAS propose aussi d'autres aides, comme la réduction des tarifs de cantine ou des bons-cadeaux pour les enfants. Il peut également vous aider avec les factures d'énergie ou d'eau. Si vous n'avez pas d'adresse, le CCAS peut vous proposer une domiciliation administrative. Vous pouvez vous présenter au CCAS et les agents étudieront votre demande de manière individuelle."
CCAS de Livry-Gargan,"Le Centre Communal d'Action Sociale (CCAS) est un lieu d'accueil et d'information pour les familles, les personnes en difficulté, les personnes âgées et les personnes handicapées. Il les aide à demander des aides et des allocations sociales, comme l'Allocation Départementale Personnalisée d'Autonomie (A.D.P.A.) ou le Revenu de Solidarité Active (RSA). Le CCAS propose également des aides pour payer les factures d'eau, les frais d'obsèques, les séjours de vacances et les loisirs des jeunes. Il offre une domiciliation administrative pour les personnes sans-abri et un accès à une épicerie sociale. Le CCAS a un service pour les seniors, qui propose des activités et des animations tout au long de l'année. Il aide également les personnes âgées à domicile pour les tâches quotidiennes et propose des soins infirmiers à domicile. Le CCAS lutte contre les violences faites aux femmes et aux enfants et propose un accueil et un accompagnement adapté. Chacun peut se présenter au CCAS pour étudier ses demandes au cas par cas."
CCAS de Montfermeil,"Le Centre Communal d’Action Sociale (CCAS) est un lieu d’accueil et d’aide pour les familles, les personnes en difficulté, les personnes âgées et les personnes handicapées. Il les aide à faire des demandes d’aides et d’allocations sociales, comme l’Allocation Départementale Personnalisée d’Autonomie ou le Revenu de Solidarité Active. Le CCAS aide aussi à obtenir des attestations, comme la carte d’invalidité. Il propose également de l’aide alimentaire et des secours d’urgence, ainsi que de l’aide pour payer les factures d’électricité, gaz et eau. Enfin, il offre une domiciliation administrative pour les personnes sans domicile fixe, sous certaines conditions."
CCAS de Montreuil,"Le Centre Communal d&#39;Action Sociale est un service local qui aide les personnes dans le besoin. Il est là pour informer, orienter et accompagner tous ceux qui ont besoin d&#39;aide pour accéder à leurs droits sociaux. Il y a différents services comme Solidarités, Personnes Âgées et Insertion Emploi qui peuvent aider les gens à résoudre leurs problèmes."
CCAS de Neuilly Plaisance,"Le Centre Communal d'Action Sociale (CCAS) est un endroit où vous pouvez obtenir de l'aide et des informations. Il est ouvert aux familles, aux personnes en difficulté, aux personnes âgées et aux personnes handicapées. Le CCAS peut vous aider à remplir des dossiers pour demander des aides et des allocations, comme l'Allocation Départementale Personnalisée d'Autonomie (A.D.P.A.) ou le Revenu de Solidarité Active (RSA). Vous pouvez également demander des attestations, comme la carte d'invalidité. Le CCAS de votre commune peut également vous aider à obtenir des aides comme un tarif réduit pour la cantine ou des bourses pour les colonies de vacances. Il propose également une domiciliation administrative pour les personnes sans-abri. Vous pouvez vous présenter au CCAS et les agents étudieront votre demande de manière individuelle."
CCAS de Neuilly-sur-marne,"Le Centre Communal d’Action Sociale (CCAS) est un lieu d’accueil et d’aide pour les familles, les personnes en difficulté, les personnes âgées et les personnes handicapées. Il les aide à faire des demandes d’aides et d’allocations sociales, comme l’Allocation Départementale Personnalisée d’Autonomie ou le Revenu de Solidarité Active. Le CCAS aide aussi à demander des attestations, comme la carte d’invalidité. Il propose une aide pour payer les factures d’énergie et une aide d’urgence pour les personnes dans le besoin. Les personnes sans-abri peuvent également demander une domiciliation administrative. Chacun peut se présenter au CCAS pour discuter de ses besoins et les agents étudieront chaque demande de manière individuelle."
CCAS de Noisy le Grand,"Le CCAS de Noisy-le-Grand est là pour aider les personnes en difficulté. Il est composé de deux services : le service sénior et le service aide et actions sociales. Le service sénior propose des activités pour les séniors, comme des sorties, du portage de repas et de l'aide à domicile. Il y a aussi une résidence pour personnes âgées autonomes. Le service aide et actions sociales aide les personnes à trouver un logement, à obtenir des aides financières et à résoudre des problèmes d'argent. Il propose également des conseils pour les familles en difficulté et accompagne les personnes qui ont besoin d'aide pour trouver un emploi. Les services proposés incluent : des sorties pour les séniors, du portage de repas, de l'aide à domicile, une résidence pour personnes âgées autonomes, l'instruction des demandes d'APL, la domiciliation, l'instruction des demandes d'aides du CCAS, l'instruction des demandes d'aide FSE et programme Eau solidaire, l'instruction des demandes d'aide sociale à l'hébergement et obligation alimentaire, des conseils pour les familles en fin de procédure d'expulsion et l'accompagnement de certains allocataires du RSA."
CCAS de Noisy le Sec,"Le Centre Communal d’Action Sociale (CCAS) est un endroit où vous pouvez obtenir de l’aide et des informations. Il est ouvert aux familles, aux personnes en difficulté, aux personnes âgées et aux personnes handicapées. Le CCAS peut vous aider à remplir des dossiers pour demander des aides et des allocations, comme l’Allocation Départementale Personnalisée d’Autonomie ou le Revenu de Solidarité Active. Vous pouvez également demander des attestations, comme une carte d’invalidité. Si vous avez besoin d’aide d’urgence, le CCAS peut vous aider. Il peut vous donner une aide financière ponctuelle si vous rencontrez une difficulté exceptionnelle. Le CCAS peut également vous aider à obtenir une domiciliation administrative si vous êtes sans-abri. Vous pouvez vous présenter au CCAS et les agents étudieront votre demande de manière individuelle."
CCAS de Pantin,Il semble qu'il n'y ait pas de texte à simplifier. Pourriez-vous me fournir le texte que vous souhaitez que je réécrive en langage clair et accessible à tous ? Je serai ravi de vous aider.
CCAS de Pierrefitte-sur-Seine,"Le Centre Communal d&#39;Action Sociale (CCAS) est un endroit où les personnes dans le besoin peuvent trouver de l&#39;aide. Il aide les personnes âgées, les personnes en situation de handicap et celles qui ont des difficultés. Le CCAS travaille avec d&#39;autres organisations pour améliorer la vie des gens dans la commune. C&#39;est un lieu public géré par un conseil d&#39;administration. À Pierrefitte-sur-Seine, le CCAS est situé dans l&#39;Espace Salvador Allende, 36 rue Gueroux. N&#39;importe qui peut aller au CCAS pour demander de l&#39;aide, et les agents étudieront chaque demande de manière individuelle."
CCAS de Romainville,"Le Centre Communal d'Action Sociale (CCAS) est un endroit où vous pouvez obtenir de l'aide et des informations. Il est là pour les familles, les personnes en difficulté, les personnes âgées et les personnes handicapées. Le CCAS peut vous aider à remplir des dossiers pour demander des aides, comme l'Allocation Départementale Personnalisée d'Autonomie (A.D.P.A.) ou le Revenu de Solidarité Active (RSA). Vous pouvez également demander des attestations, comme la carte d'invalidité. Selon votre commune, d'autres aides peuvent être disponibles. Le CCAS peut également vous aider à obtenir une adresse administrative si vous êtes sans-abri. Il propose également une aide alimentaire ponctuelle. Vous pouvez vous rendre au CCAS et les agents étudieront votre demande de manière individuelle."
CCAS de Rosny-sous-Bois,"Le CCAS de Rosny-sous-Bois est un lieu d'accueil et d'aide pour les personnes en difficulté. Il aide les familles, les personnes âgées et les personnes en situation de handicap. Le CCAS peut aider à remplir des dossiers pour demander des aides et des allocations sociales, comme le Revenu de Solidarité Active (RSA) ou l'aide médicale d'État (AME). Il propose également une domiciliation administrative pour les personnes sans domicile fixe, des aides pour le logement et les dépenses énergétiques, des tickets alimentaires et vestimentaires. Le CCAS gère les demandes pour la Maison départementale des personnes handicapées (MDPH). Il intervient également dans les domaines de l'aide sociale à l'hébergement, de l'allocation de solidarité aux personnes âgées et de la prévention des impayés de loyers. Le CCAS a un plan canicule pour aider les personnes âgées et isolées pendant les périodes de canicule. Il propose des services de coordination gérontologique, des soins infirmiers à domicile et des services d'aide et d'accompagnement pour les seniors et les personnes en situation de handicap. Vous pouvez contacter le CCAS pour vous signaler ou pour obtenir de l'aide. L'adresse du CCAS est 20 Rue Claude Pernès, 93110 Rosny-sous-Bois, France."
CCAS de Saint-Ouen,"Le Centre Communal d’Action Sociale (CCAS) est un lieu où vous pouvez obtenir de l’aide et des informations. Il est ouvert aux familles, aux personnes en difficulté, aux personnes âgées et aux personnes handicapées. Le CCAS peut vous aider à remplir des dossiers pour demander des aides et des allocations, comme l’Allocation Départementale Personnalisée d’Autonomie ou le Revenu de Solidarité Active. Il peut également vous aider à obtenir des attestations, comme la carte d’invalidité. Le CCAS peut attribuer des aides exceptionnelles si vous en avez besoin et si vous remplissez certaines conditions. Il propose également une domiciliation administrative pour les personnes sans-abri. Vous pouvez vous présenter au CCAS et les agents étudieront votre demande de manière individuelle."
CCAS de Sevran,"Le Centre Communal d'Action Sociale (CCAS) de Sevran est un lieu où vous pouvez obtenir de l'aide et des informations. Il est là pour les familles, les personnes en difficulté, les personnes âgées et les personnes handicapées. Le CCAS est un établissement public qui a son propre conseil d'administration, présidé par le Maire. Vous pouvez trouver le CCAS dans différents endroits de la ville, notamment dans le pôle administratif Paul Langevin, où sont situés la direction des solidarités, le service de transport accompagné, le service action sociale et solidaire, le service autonomie à domicile, le pôle facturation et portage de repas, le service cohésion et inclusion sociale, et le point-justice. Il y a aussi des services dans la Plateforme Emploi Insertion et Formation, la résidence autonomie les Glycines, et l'épicerie sociale. Vous pouvez également trouver des services dans les Maisons de Quartiers et au centre commercial BeauSevran. Pour plus d'informations, vous pouvez appeler le 01 49 36 51 95 ou vous présenter directement au CCAS."
CCAS de Stains,"Le Centre Communal d’Action Sociale (CCAS) est un endroit où vous pouvez obtenir de l’aide et des informations. Il est ouvert aux familles, aux personnes en difficulté, aux personnes âgées et aux personnes handicapées. Le CCAS peut vous aider à remplir des dossiers pour demander des aides, comme l’Allocation Départementale Personnalisée d’Autonomie (A.D.P.A.) ou le Revenu de Solidarité Active (RSA). Vous pouvez également demander des attestations, comme une carte d’invalidité. Selon votre commune, d’autres aides peuvent être disponibles. Si vous n’avez pas d’adresse, le CCAS peut vous proposer une domiciliation administrative. Vous pouvez vous rendre au CCAS et les agents étudieront votre demande de manière individuelle."
CCAS de Tremblay-en-France,"Le Centre Communal d’Action Sociale (CCAS) est un endroit où vous pouvez obtenir de l’aide et des informations. Il est ouvert aux familles, aux personnes en difficulté, aux personnes âgées et aux personnes handicapées. Le CCAS peut vous aider à remplir des dossiers pour demander des aides, comme l’Allocation Départementale Personnalisée d’Autonomie (A.D.P.A.) ou le Revenu de Solidarité Active (RSA). Vous pouvez également demander des attestations, comme une carte d’invalidité. Selon votre commune, d’autres aides peuvent être disponibles. Si vous n’avez pas d’adresse, le CCAS peut vous proposer une domiciliation administrative. Vous pouvez vous rendre au CCAS et les agents étudieront votre demande de manière individuelle."
CCAS de Vaujours,"Le Centre Communal d'Action Sociale (CCAS) est un endroit où vous pouvez obtenir de l'aide et des informations. Il est ouvert aux familles, aux personnes en difficulté, aux personnes âgées et aux personnes handicapées. Le CCAS peut vous aider à remplir des dossiers pour demander des aides, comme l'Allocation Départementale Personnalisée d'Autonomie (A.D.P.A.) ou le Revenu de Solidarité Active (RSA). Vous pouvez également demander des attestations, comme une carte d'invalidité. Selon votre commune, d'autres aides peuvent être disponibles. Si vous êtes sans-abri, le CCAS peut vous proposer une domiciliation administrative sous certaines conditions. Vous pouvez vous présenter au CCAS et les agents étudieront votre demande de manière individuelle."
CCAS de Villemomble,"Le Centre Communal d’Action Sociale (CCAS) est un lieu d’accueil et d’aide pour les familles, les personnes en difficulté, les personnes âgées et les personnes handicapées. Il les aide à faire des demandes d’aides et d’allocations sociales, comme l’Allocation Départementale Personnalisée d’Autonomie (A.D.P.A.) ou le Revenu de Solidarité Active (RSA). Le CCAS peut également aider pour les demandes de cartes d’invalidité ou de tierce personne. Selon la commune, d’autres aides peuvent être possibles. Le CCAS propose aussi une domiciliation administrative pour les personnes sans-abri, sous certaines conditions. Vous pouvez vous présenter au CCAS et les agents étudieront votre demande. Les horaires du CCAS sont les mêmes que ceux de la mairie : 8h30-17h00, sauf le jeudi de 13h30 à 17h00, et avec une pause de 12h00 à 13h30 pendant les vacances scolaires."
CCAS de Villepinte,"Le Centre Communal d'Action Sociale (CCAS) est un endroit où vous pouvez obtenir de l'aide et des informations. Il est là pour les familles, les personnes en difficulté, les personnes âgées et les personnes handicapées. Le CCAS peut vous aider à remplir des dossiers pour demander des aides, comme l'Allocation Départementale Personnalisée d'Autonomie (A.D.P.A.) ou le Revenu de Solidarité Active (RSA). Vous pouvez également demander des attestations, comme une carte d'invalidité. Selon votre commune, d'autres aides peuvent être disponibles. Le CCAS peut aussi vous aider à avoir une adresse administrative si vous n'avez pas de logement. Vous pouvez vous rendre au CCAS et les agents étudieront votre demande de manière individuelle."
CCAS de Villetaneuse,"Le Centre Communal d’Action Sociale (CCAS) est un endroit où vous pouvez obtenir de l’aide et des informations. Il est ouvert aux familles, aux personnes en difficulté, aux personnes âgées et aux personnes handicapées. Le CCAS peut vous aider à remplir des dossiers pour demander des aides, comme l’Allocation Départementale Personnalisée d’Autonomie (A.D.P.A.) ou le Revenu de Solidarité Active (RSA). Vous pouvez également demander des attestations, comme une carte d’invalidité. Selon votre commune, d’autres aides peuvent être disponibles. Si vous n’avez pas d’adresse, le CCAS peut vous proposer une domiciliation administrative. Vous pouvez vous rendre au CCAS et les agents étudieront votre demande de manière individuelle."
Médiathèque Saint-John Perse,"La médiathèque Saint-John Perse offre de nombreux services. Vous pouvez lire des livres et des journaux sur place. Il y a des espaces pour travailler et réviser. Des animations comme des spectacles, des ateliers et des jeux sont également proposés. Vous pouvez utiliser des ordinateurs gratuitement. Vous pouvez également emprunter des documents. Tous les services des médiathèques de Plaine Commune sont gratuits et ouverts à tous. Pour en savoir plus, vous pouvez visiter le site : https://www.mediatheques-plainecommune.fr/loffre-des-mediatheques"
Maison pour Tous Henri Roser,"La Maison pour Tous Roser est un centre social où les gens du quartier peuvent venir faire des activités. Il y a des choses à faire pour les adultes, les jeunes et les enfants. Des professionnels comme des médecins ou des assistants sociaux sont aussi présents pour aider les gens qui en ont besoin."
La Fabrique de Santé Madeleine Brès,La Fabrique de Santé Madeleine Brès fait des actions pour améliorer la santé et prend soin des gens en médecine générale.
Salle de Quartier Quatre Chemins,"La salle de quartier Quatre Chemins offre des activités et des services pour les habitants du quartier Villette-Quatre Chemins. Vous pouvez y trouver un écrivain public pour vous aider à rédiger des lettres ou des documents. Il y a aussi une permanence d'assistance sociale, mais vous devez prendre rendez-vous à l'avance."
Médiathèque André Breton,"La médiathèque André Breton offre de nombreux services : des livres et journaux à lire sur place, des espaces pour travailler et réviser, des animations comme des spectacles et des ateliers, des ordinateurs à disposition, ainsi que la possibilité d'emprunter des documents. Tous les services des médiathèques de Plaine Commune sont gratuits et ouverts à tous. Pour en savoir plus, vous pouvez visiter le site : https://www.mediatheques-plainecommune.fr/loffre-des-mediatheques"
Salle de quartier Centre-ville,"La salle de quartier est un endroit où vous pouvez obtenir des informations et des conseils. Vous pouvez également y rencontrer des professionnels pour obtenir de l'aide. Voici quelques-unes des activités proposées : 
- MRAP : aide pour les étrangers, mardi et mercredi de 13h30 à 16h30 
- Assistante sociale : lundi, mardi et vendredi de 9h à 12h 
- Ecrivain public : mardi et jeudi de 9h30 à 12h 
- Collectif Schaeffer : conseils juridiques et cours d'alphabétisation, lundi et mercredi de 17h à 19h 
- ARICHA : préparation aux concours administratifs, 2 samedis par mois de 14h à 17h 
- Etoiles d'Auber : soutien scolaire, dimanche de 10h à 16h."
Maison Pour Tous Berty Albrecht,"La Maison Pour Tous Berty Albrecht est un lieu de rencontre pour les habitants du nord d'Aubervilliers. C'est un endroit où l'on peut découvrir de nouvelles choses, obtenir des informations et trouver de l'aide. Tout le monde est le bienvenu, des enfants aux personnes âgées. La maison propose également des permanences pour aider les gens à accéder à leurs droits."
Permanence RESF Aulnay-sous-Bois / Sevran,"La permanence RESF Aulnay-sous-Bois aide les jeunes et les familles avec enfants qui risquent d'être expulsés de leur logement. Pour obtenir un rendez-vous, vous pouvez contacter le collectif par <a href=""mailto:"">email</a> ou par <a href=""tel:"">téléphone</a>."
Permanence RESF Bagnolet,"La permanence RESF Bagnolet aide les jeunes et les familles avec enfants qui risquent d'être expulsés. Nous sommes ouverts 2 fois par mois, soit le mercredi de 17h à 19h, soit le samedi de 10h à 12h à la Mairie de Bagnolet. Pour venir, il faut prendre rendez-vous en appelant au préalable. En cas d'urgence, vous pouvez appeler le 0764798611."
Maison de Justice et du Droit de Saint-Denis,"La maison de justice et du droit de Saint-Denis est un lieu où vous pouvez obtenir des informations et des conseils sur vos droits et obligations. Elle dépend du tribunal judiciaire de Bobigny et est gérée par la ville de Saint-Denis. Vous pouvez y aller pour obtenir des informations sur des sujets tels que la famille, le travail, les étrangers, etc. sans être en procès. <b>Que pouvez-vous faire à la maison de justice et du droit ?</b> Vous pouvez : connaître vos droits et obligations, obtenir des informations sur la façon de les faire valoir, être orienté vers les structures adaptées, obtenir de l'aide pour accomplir des démarches, obtenir de l'aide si vous êtes victime d'une infraction pénale, obtenir des informations sur la médiation, être mis en relation avec un conciliateur de justice. <b>Comment ça marche ?</b> Les permanences des professionnels du droit ou des associations sont gratuites, confidentielles et accessibles à tous. Vous devez généralement prendre rendez-vous avec l'agent d'accueil. Des activités judiciaires pénales et civiles peuvent également avoir lieu à la maison de justice et du droit. Elle fait partie du réseau des point-justice du département pour l'accès au droit."
Maison de quartier Romain Rolland,"La Maison de quartier Romain Rolland est un lieu ouvert à tous. Vous pouvez y être aidé pour vos démarches administratives. Vous pouvez également y pratiquer une activité manuelle, culturelle ou sportive. C'est aussi un endroit pour vous informer sur la vie de votre quartier et participer à des événements et des sorties. La Maison de quartier soutient les projets des associations et des habitants. Elle est située derrière le fleuriste ""Atout fleurs""."
Maison de quartier de La Plaine,"La maison de quartier de La Plaine est un lieu ouvert à tous. Vous pouvez y être aidé pour vos démarches administratives. Vous pouvez également y pratiquer une activité manuelle, culturelle ou sportive. De plus, vous pouvez vous informer sur la vie de votre quartier et participer à des événements et des sorties."
Secours Catholique - Carrières Plateforme Emploi,"Le Secours Catholique - Carrières Plateforme Emploi offre une aide personnalisée pour trouver un emploi ou suivre une formation. Tout le monde est accueilli. Vous pouvez venir sans rendez-vous pour discuter de vos besoins et être orienté vers d'autres structures si nécessaire. Lors de cette rencontre, vous pouvez vous inscrire et obtenir un rendez-vous avec un bénévole qui vous aidera à trouver un emploi ou une formation en tenant compte de vos aspects personnels et professionnels. Selon vos besoins, vous pouvez également bénéficier d'une aide pour utiliser l'ordinateur, suivre des cours de français ou participer à des ateliers pour améliorer votre recherche d'emploi."
Centre Municipal de Santé (CMS) Henri Barbusse,"Le Centre Municipal de Santé Henri Barbusse est ouvert à tous. Il propose des consultations de médecine générale et spécialisée sur rendez-vous, ainsi que des vaccinations gratuites. Vous pouvez également y trouver des services de planification et d'éducation familiale, comme la contraception, l'IVG, le suivi de grossesse et des conseils conjugaux. Le centre dispose d'un service appelé Permanence d'Accès aux Soins de Santé (PASS) qui aide les personnes qui n'ont pas accès aux soins de santé faute de droits. La PASS offre une consultation médicale et aide à ouvrir des droits de santé. Les prix sont les mêmes que dans les centres de santé publics, sans dépassement d'honoraires."
Centre Municipal de Santé (CMS) Docteur Pesqué,"Le Centre Municipal de Santé Docteur Pesqué est ouvert à tous. Il propose des consultations de médecine générale, des consultations médicales spécialisées, des consultations paramédicales et des entretiens sociaux. Vous pouvez également y trouver un service dentaire, un service de radiologie, des analyses, des vaccinations et des soins infirmiers. Il y a aussi un Centre de planification et d'éducation familiale et un CSAPA pour aider les personnes ayant des problèmes d'addiction. Le centre fonctionne avec le système du tiers payant, ce qui signifie que les assurés sociaux n'ont à payer que le ticket modérateur non remboursé par la Sécurité sociale. Le centre dispose également d'une Permanence d'Accès aux Soins de Santé (PASS) qui offre un accueil inconditionnel et un accompagnement pour les personnes ayant besoin de soins mais n'y ayant pas accès, notamment en raison de l'absence de protection sociale, de conditions de vie difficiles ou de difficultés financières. La PASS propose un accompagnement social et une aide pour ouvrir des droits de santé."
Centre Municipal de Santé (CMS) Balagny,"Le Centre Municipal de Santé (CMS) Balagny est ouvert à tous, il propose des consultations de médecine générale, des consultations de médecine spécialisée et des soins infirmiers."
Centre Municipal de Santé (CMS) Salvador Allende,"Le Centre Municipal de Santé Salvador Allende est ouvert à tous. Il propose des consultations pour : médecine générale, soins infirmiers, soins à domicile, dentaire, kinésithérapie, prélèvements pour analyses biologiques, protection maternelle, planning familial et prothèses audio. Si vous avez un problème de santé, appelez le 01 49 92 60 60 pour obtenir un rendez-vous le jour même si possible. Le centre dispose également d'un service pour les personnes qui n'ont pas accès aux soins de santé en raison de problèmes financiers ou de conditions de vie difficiles, et offre un accompagnement social et une aide pour ouvrir des droits de santé."
Secours Catholique de La Courneuve,"Le Secours Catholique de La Courneuve est un endroit où vous pouvez trouver de l'aide. Il est situé près de l'Eglise Saint-Yves. Tous les mercredis matin, vous pouvez vous y rendre pour rencontrer des personnes qui peuvent vous aider et prendre un petit déjeuner. Cette association cherche à aider les personnes dans le besoin et à faire en sorte que tout le monde soit traité de manière équitable. Elle lutte contre la pauvreté et l'exclusion pour rendre la société plus juste."
Maison de l'Emploi à Pantin,"La Maison de l'Emploi à Pantin aide les personnes sans emploi à trouver un travail ou une formation. Elle propose des services adaptés à chaque personne en travaillant avec des professionnels compétents. Vous pouvez vous inscrire au 01 83 74 56 30 pour avoir accès à des conseils, des ateliers pratiques et des ordinateurs pour vous aider dans votre recherche d'emploi."
Mission Locale de la Dhuys - Livry-Gargan,"La Mission locale de la Dhuys est là pour aider les jeunes de 16 à 25 ans qui ont quitté l'école. Pour être aidé, il faut apporter une pièce d'identité et une carte vitale. La Mission locale peut vous aider à : définir votre projet professionnel, trouver un emploi ou une formation, partir travailler à l'étranger, connaître vos droits en matière de santé, de logement, de garde d'enfants, etc. Un conseiller vous aidera à atteindre vos objectifs."
Centre d'accueil pour mineurs non-accompagnés,"Ce centre est là pour aider les mineurs qui sont seuls. Il leur offre de l'aide pour les papiers, des soins médicaux, des soins pour leur bien-être mental et de l'aide sociale. Les mineurs peuvent venir directement ou être envoyés par d'autres organisations qui travaillent avec nous. Nous sommes là pour les aider à trouver ce dont ils ont besoin."
Service Social Municipal de Polyvalence d'Aubervilliers,"Le Service Social Municipal de Polyvalence d'Aubervilliers est un endroit où vous pouvez vous faire aider si vous avez des problèmes sociaux, économiques, familiaux ou de logement. Il est ouvert à tous les habitants d'Aubervilliers. Vous pouvez y trouver des informations, un accompagnement et une orientation pour résoudre vos difficultés. L'accueil se fait au même endroit que le CCAS d'Aubervilliers."
Accueil de jour Wilson,"L'accueil de jour Wilson à Montreuil est pour les femmes seules ou avec enfants. Elles sont orientées par le 115 de Seine-Saint-Denis ou d'autres partenaires. L'accueil propose des repas, des colis alimentaires, des douches, une laverie et de l'aide pour les démarches. Il y a aussi des activités pour les usagers."
Epicerie Solidaire Wicasaya,"L'Épicerie Solidaire Wicasaya est une épicerie pour les habitants de Bobigny et des villes voisines. Elle est ouverte sur recommandation des assistantes sociales et de la CAF de La Seine Saint-Denis. Les produits alimentaires sont vendus à bas prix. C'est aussi un endroit convivial où les gens peuvent se rencontrer et créer des liens. Les bénéficiaires peuvent venir boire un café ou un thé sans rendez-vous les jours d'ouverture. Tous les deux mois, l'association organise un repas convivial pour les adhérents et les habitants du quartier et des villes voisines."
Mission Locale de la Lyr - Les Lilas,"La Mission locale de la Lyr aux Lilas est là pour aider les jeunes de 16 à 25 ans qui ont quitté l'école. Un conseiller vous aidera à trouver votre chemin. La Mission locale peut vous aider à : définir votre projet professionnel, trouver un emploi ou une formation, partir travailler à l'étranger, comprendre vos droits à la santé, au logement, à la garde d'enfants, etc. Vous pouvez trouver la Mission locale à l'intérieur du Kiosque. Il y a aussi des antennes à Pantin et au Pré-Saint-Gervais."
Kâlî,"KÂLÎ est une association qui aide les femmes étrangères victimes de violence ou de vulnérabilité en raison de leur sexe. Elle propose des cours de français pour améliorer leur langue et des dîners conviviaux pour les aider à se sentir moins seules. L'association respecte la liberté de choix et le rythme de chaque femme, tout en encourageant leur indépendance."
Bibliothèque Robert-Desnos,"Bibliothèque gratuite pour tous. Vous pouvez utiliser des ordinateurs et internet sans payer. Pour emprunter des livres, apportez une pièce d'identité, une preuve de domicile et une autorisation de vos parents si vous avez moins de 18 ans."
Permanence de Pimms Médiation - Noisy le Grand Champy,Le Pimms est un lieu gratuit où vous pouvez obtenir de l'aide pour vos démarches administratives. Il est ouvert à tous et facilite l'accès aux services publics. Le Pimms Médiation Noisy-le-Grand - Champy vous aide dans vos démarches quotidiennes et propose également un service numérique pour vous aider avec les démarches administratives en ligne.
point-justice de la Maison du droit de Noisy-le-Grand,"Le point-justice de la Maison du droit de Noisy-le-Grand est un service juridique qui aide les gens à comprendre leurs droits et obligations. Il est ouvert à tous, quel que soit son revenu, son âge, son sexe ou sa nationalité. Ce service permet de : connaître ses droits et devoirs, être informé sur les moyens de les faire valoir, être orienté vers les structures adaptées, être aidé à accomplir des démarches, être informé sur la médiation et être mis en relation avec un conciliateur de justice. Les permanences avec des professionnels du droit ou des associations sont gratuites, confidentielles et accessibles à tous sur rendez-vous, fixé par l'agent d'accueil après analyse de la difficulté rencontrée."
Bibliothèque de quartier Paul Éluard,"La Bibliothèque Paul Eluard est ouverte à tous et gratuite. Vous pouvez utiliser des ordinateurs, internet et une imprimante sans payer (jusqu'à 10 impressions gratuites). La bibliothèque propose aussi des ateliers pour parler français. Pour emprunter des livres ou vous inscrire, il vous faut une pièce d'identité, une preuve de domicile et une autorisation de vos parents si vous avez moins de 18 ans."
Bibliothèque de quartier Colonel Fabien,"La bibliothèque est ouverte à tous, c'est gratuit. Vous pouvez utiliser des ordinateurs et internet sans payer. Il y a aussi des livres et des documents en langues étrangères. Pour emprunter des livres, il vous faut une pièce d'identité, une preuve de domicile et si vous avez moins de 18 ans, une autorisation de vos parents."
Bibliothèque de quartier Daniel Renoult,"Bibliothèque gratuite pour tous. Vous pouvez utiliser des ordinateurs et internet sans payer. Pour emprunter des livres, apportez une pièce d'identité, une preuve de domicile et une autorisation de vos parents si vous avez moins de 18 ans. Si vous avez moins de 14 ans, un adulte doit signer une autorisation pour vous."
Bibliothèque Denis Diderot,"Bibliothèque gratuite pour tous. Vous pouvez utiliser des ordinateurs et internet sans payer. Pour emprunter des livres, apportez une pièce d'identité, une preuve de domicile et une autorisation de vos parents si vous avez moins de 18 ans."
Bibliothèque André-Malraux,"Bibliothèque gratuite pour tous. Vous pouvez utiliser des ordinateurs et internet sans payer. Pour emprunter des livres, il vous faut une pièce d'identité, une preuve de domicile et l'autorisation de vos parents si vous avez moins de 18 ans. La bibliothèque propose également de l'aide pour les devoirs, des ateliers de lecture et des discussions sur les derniers livres. Vous trouverez des livres audio, des livres pour enfants et des livres pour adultes."
Bibliothèque François Mitterrand,"Bibliothèque gratuite pour tous. Vous pouvez utiliser des ordinateurs et internet sans payer. Pour emprunter des livres, apportez une pièce d'identité, une preuve de domicile et une autorisation de vos parents si vous avez moins de 15 ans."
Médiathèque Roger Gouhier,"Médiathèque gratuite pour tous. Vous pouvez utiliser des ordinateurs et internet sans payer. Pour emprunter des livres ou des documents, il vous faut une pièce d'identité, une preuve de domicile et l'autorisation de vos parents si vous avez moins de 18 ans. Il y a aussi une médiathèque pour les enfants de 0 à 14 ans et une ludothèque au 15 Rue Paul Verlaine, 93130 Noisy-le-Sec."
Emmaüs Connect Saint-Denis,Il semble qu'il n'y ait pas de texte à simplifier. Pourriez-vous me fournir le texte que vous souhaitez que je réécrive en langage clair et accessible à tous ? Je serai ravi de vous aider.
Agence Locale d'Insertion Aurore (ALI) - Livry-Gargan,"L'Agence Locale d'Insertion de l'association Aurore aide les personnes qui reçoivent le RSA. Elle leur propose des contrats pour travailler dans différents métiers, en fonction de ce qu'elles savent faire et de ce qu'elles veulent faire comme travail."
Centre Municipal de Santé des Lilas,"Le centre municipal de santé est un service de la Ville. Il offre des consultations médicales, un service dentaire, des soins infirmiers, de l'aide pour parler et bouger correctement. Il aide les gens à se soigner et à prévenir les maladies, tout en étant proche de la communauté."
Restos du Coeur - Centre dactivités d'Epinay-sur-Seine,"Les centres d'activités offrent de l'aide en cas d'urgence et pour aider les gens à s'intégrer dans la société. Ils proposent : un accueil chaleureux, une écoute attentive, de la nourriture pour ceux qui en ont besoin, une aide pour les problèmes matériels, des conseils pour trouver son chemin, un accompagnement pour chercher un emploi, partir en vacances, apprendre le français, utiliser les ordinateurs et internet, et une distribution de nourriture pour les personnes dans le besoin."
LAO-POW'HER,"Le Lieu d'Accueil et d'Orientation POW'HER est un endroit qui aide les jeunes femmes victimes de violences. Il est ouvert aux filles de 15 à 25 ans, avec ou sans enfants, et peu importe si elles ont des papiers ou non. Elles peuvent venir sur rendez-vous. Le lieu est ouvert du lundi au vendredi, sauf les jours de fête."
Wake up Café (WKF),"Wake up Café aide des personnes qui ont été en prison à se réinsérer dans la société sans recommencer à commettre des erreurs. L'association propose des parcours pour aider ces personnes à se réhabiliter complètement, avec un accompagnement personnalisé à l'intérieur et à l'extérieur de la prison, ainsi qu'une communauté de soutien pour les aider à ne pas se sentir seules et à ne pas retomber dans les mêmes erreurs. Wake up Café organise également des événements pour changer la façon dont la société et les entreprises voient les personnes qui sortent de prison, avec des activités interactives et amusantes pour les entreprises partenaires et le grand public, comme un parcours qui permet de découvrir la vie d'une personne qui sort de prison."
Maison du bébé,"La Maison du bébé est un centre qui aide les bébés et leurs parents. Elle est ouverte depuis janvier 2015 et se trouve dans l'hôpital Delafontaine à Saint-Denis. Les parents peuvent venir avec leur bébé de la naissance à 3 ans sans besoin de rendez-vous préalable. Le centre propose des groupes d'accueil, des consultations et des accompagnements thérapeutiques. Les parents peuvent demander de l'aide pour des problèmes comme les troubles du sommeil, les difficultés d'alimentation ou les pleurs importants. L'équipe de la Maison du bébé est composée de professionnels de la santé qui travaillent ensemble pour aider les familles. Ils peuvent aider les bébés qui ont eu un accouchement difficile ou qui ont des frères et sœurs avec des troubles du développement. La Maison du bébé propose également des services d'interprétariat pour les familles qui ne parlent pas français. Les parents peuvent venir sans rendez-vous les lundis et mercredis de 14h à 15h30. L'équipe est là pour soutenir les parents et les aider à prendre soin de leur bébé."
Migrations Santé,"Migrations Santé offre une aide pour accéder aux soins médicaux. Vous pouvez vous rendre sur place tous les vendredis de 10h à 17h, mais il faut prendre rendez-vous. L'équipe vous aidera également à remplir les papières administratives nécessaires."
Emmaüs alternatives - Boutique Montreuil,"La boutique Emmaüs Alternatives de Montreuil est ouverte depuis 2018. Elle est située à côté des locaux de l'association. Cette boutique de 200 m² propose des vêtements pour femmes, hommes et enfants, ainsi qu'un espace pour les tout-petits. Vous y trouverez également de la vaisselle, des objets et des produits de décoration à des prix abordables. Vous pouvez déposer vos dons pendant les heures d'ouverture."
PMI Parat,"La PMI Parat est un centre qui aide les mères et les enfants de moins de 6 ans. Il accompagne les jeunes parents et les femmes enceintes pour les aider à rester en bonne santé. Le centre propose des consultations avant et après la naissance, des actions pour prévenir les problèmes de santé, des activités pour apprendre à éduquer et à planifier sa famille, des consultations pour les problèmes psychologiques et des activités pour les parents et les enfants. Des visites à domicile sont également possibles. Vous pouvez poser vos questions sur la contraception, la sexualité, les infections sexuellement transmissibles, l'interruption de grossesse, les relations de couple et de famille lors d'une consultation avec un médecin ou un entretien avec une conseillère. Le centre est ouvert à tous et est gratuit, même sans assurance maladie."
PMI Jean Mermoz,"La PMI Jean Mermoz est un centre qui aide les mères et les enfants de moins de 6 ans. Il accompagne les jeunes parents et les femmes enceintes pour les aider à prendre soin de leur santé et de celle de leur enfant. Le centre propose des consultations avant et après la naissance, des actions pour prévenir les problèmes de santé, des activités pour apprendre à être parent, des consultations avec des psychologues et des puéricultrices. Vous pouvez également poser des questions sur la contraception, la sexualité, les infections sexuellement transmissibles, l'avortement, les relations amoureuses et familiales. Le centre est ouvert à tous, gratuit et accessible même sans assurance maladie. Des visites à domicile sont également possibles."
PMI Rue des Cités,"La PMI Rue des Cités est un centre qui aide les mères et les enfants de moins de 6 ans. Il accompagne les jeunes parents et les femmes enceintes pour les aider à prendre soin de leur santé et de celle de leur enfant. Le centre propose des consultations avant et après la naissance, des actions pour prévenir les problèmes de santé, des activités pour apprendre à éduquer et à planifier sa famille, des consultations avec des psychologues et des puéricultrices. Il organise également des activités pour les parents et les enfants ensemble. Des visites à domicile sont possibles. Vous pouvez poser vos questions sur la contraception, la sexualité, les infections sexuellement transmissibles, l'interruption de grossesse, les relations de couple et de famille lors d'une consultation avec un médecin ou un entretien avec une conseillère. Le centre est ouvert à tous, gratuitement, avec ou sans assurance maladie."
PMI Charles Tillon,"La PMI Charles Tillon est un centre qui aide les mères et les enfants de moins de 6 ans. Il accompagne les jeunes parents et les femmes enceintes pour les aider à prendre soin de leur santé et de celle de leur enfant. Le centre propose des consultations avant et après la naissance, des actions pour prévenir les problèmes de santé, des activités pour apprendre à être parent, des consultations avec des psychologues et des puéricultrices. Vous pouvez également poser des questions sur la contraception, la sexualité, les infections sexuellement transmissibles, l'interruption de grossesse ou les relations dans le couple et la famille. Le centre est ouvert à tous, gratuit et accessible avec ou sans couverture sociale. Il propose des visites à domicile et des activités collectives pour les parents et les enfants."
PMI Bernard et Mazoyer,"La PMI Bernard et Mazoyer est un centre qui aide les mères et les enfants de moins de 6 ans. Il accompagne les jeunes parents et les femmes enceintes pour les aider à prendre soin de leur santé et de celle de leur enfant. Le centre propose des consultations avant et après la naissance, des actions pour prévenir les problèmes de santé, des activités pour aider les parents à éduquer leurs enfants et à planifier leur famille. Vous pouvez également rencontrer un psychologue ou une psychomotricienne pour discuter de vos préoccupations. Des visites à domicile sont possibles. Le centre répond à toutes vos questions sur la contraception, la sexualité, les infections sexuellement transmissibles, l'interruption de grossesse, les relations de couple et de famille. La PMI est ouverte à tous, gratuitement, avec ou sans assurance maladie."
PMI Lahaye,"La PMI Lahaye est un centre qui aide les mères et les enfants de moins de 6 ans. Il accompagne les jeunes parents et les femmes enceintes pour les aider à prendre soin de leur santé et de celle de leur enfant. Le centre propose des consultations avant et après la naissance, des actions pour prévenir les problèmes de santé, des activités pour apprendre à éduquer et à planifier sa famille, des consultations pour les problèmes psychologiques et des activités pour les parents et les enfants. Des visites à domicile sont également possibles. Vous pouvez poser vos questions sur la contraception, la sexualité, les infections sexuellement transmissibles, l'interruption de grossesse, les relations de couple et de famille lors d'une consultation avec un médecin ou en parlant avec une conseillère. Le centre est ouvert à tous, gratuitement, même sans assurance maladie."
PMI Pierre et Marie Curie,"La PMI Pierre et Marie Curie est un centre qui aide les mères et les enfants de moins de 6 ans. Nous accompagnons les jeunes parents et les femmes enceintes pour les aider à prendre soin de leur santé et de celle de leur enfant. Nous proposons des consultations avant et après la naissance, des actions pour prévenir les problèmes de santé, des activités pour apprendre à être parent, des consultations avec des psychologues et des puéricultrices. Nous faisons aussi des visites à domicile pour aider les familles. Vous pouvez nous poser toutes vos questions sur la contraception, la sexualité, les infections, l'avortement, les relations amoureuses et familiales. Notre centre est ouvert à tous, gratuitement, même si vous n'avez pas d'assurance maladie. Nous sommes là pour vous aider et vous soutenir."
PMI Léon Blum,"La PMI Léon Blum est un centre qui aide les mères et les enfants de moins de 6 ans. Il accompagne les jeunes parents et les femmes enceintes pour les aider à prendre soin de leur santé et de celle de leur enfant. Le centre propose des consultations avant et après la naissance, des actions pour prévenir les problèmes de santé, des activités pour apprendre à être parent, des consultations avec des psychologues et des puéricultrices. Vous pouvez également poser des questions sur la contraception, la sexualité, les infections sexuellement transmissibles, l'avortement, les relations amoureuses et familiales. Le centre est ouvert à tous, gratuitement, même sans assurance maladie. Il propose des visites à domicile et des activités collectives pour les parents et les enfants."
PMI Madeleine Brès,"La PMI Madeleine Brès est un centre qui aide les mères et les enfants de moins de 6 ans. Il accompagne les jeunes parents et les femmes enceintes pour les aider à prendre soin de leur santé et de celle de leur enfant. Le centre propose des consultations avant et après la naissance, des actions pour prévenir les problèmes de santé, des activités pour apprendre à éduquer et à planifier sa famille, des consultations avec des psychologues et des spécialistes du développement de l'enfant, ainsi que des activités pour les parents et les enfants. Des visites à domicile peuvent également être proposées. Vous pouvez poser toutes vos questions sur la contraception, la sexualité, les infections sexuellement transmissibles, l'interruption de grossesse, les relations de couple et de famille lors d'une consultation avec un médecin ou un entretien avec une conseillère. Le centre est ouvert à tous, gratuitement, avec ou sans assurance maladie."
PMI Croix Rouge - Bagnolet,"La PMI Croix Rouge est un centre qui aide les mères et les enfants de moins de 6 ans. Elle accompagne les jeunes parents et les femmes enceintes pour les aider à prendre soin de leur santé et de celle de leur enfant. La PMI propose des consultations avant et après la naissance, des actions pour prévenir les problèmes de santé, des activités pour apprendre à éduquer et à planifier sa famille, des consultations pour les problèmes psychologiques et des activités pour les parents et les enfants. Des visites à domicile peuvent également être proposées. Vous pouvez poser toutes vos questions sur la contraception, la sexualité, les infections sexuellement transmissibles, l'interruption de grossesse, les relations de couple et de famille lors d'une consultation avec un médecin ou en parlant avec une conseillère. La PMI est ouverte à tous, gratuitement, même sans assurance maladie."
PMI du centre polyvalent de santé Aimé Césaire,"La PMI (Protection Maternelle et Infantile) du centre polyvalent de santé Aimé Césaire est un centre qui aide les mères et les enfants de moins de 6 ans. Elle accompagne les jeunes parents et les femmes enceintes pour les aider à rester en bonne santé. La PMI peut vous aider pour toutes les démarches concernant la santé de votre enfant. Les services proposés incluent des consultations avant et après la naissance, des actions pour prévenir les problèmes de santé, des activités pour apprendre à planifier votre famille, des consultations avec des psychologues et des puéricultrices. Des visites à domicile peuvent également être proposées. Vous pouvez poser toutes vos questions sur la contraception, la sexualité, les infections sexuellement transmissibles, l'interruption de grossesse, les relations dans le couple et la famille lors d'une consultation avec un médecin ou en parlant avec une conseillère. La PMI est ouverte à tous et est gratuite, même si vous n'avez pas d'assurance maladie."
PMI Oslo,"La PMI Oslo est un centre qui aide les mères et les enfants de moins de 6 ans. Il accompagne les jeunes parents et les femmes enceintes pour les aider à prendre soin de leur santé et de celle de leur enfant. Le centre propose des consultations avant et après la naissance, des actions pour prévenir les problèmes de santé, des activités pour apprendre à éduquer et à planifier sa famille, des consultations pour les problèmes psychologiques et des activités pour les parents et les enfants. Des visites à domicile sont également possibles. Vous pouvez poser vos questions sur la contraception, la sexualité, les infections sexuellement transmissibles, l'interruption de grossesse, les relations de couple et de famille lors d'une consultation avec un médecin ou un entretien avec une conseillère. Le centre est ouvert à tous, gratuit et accessible avec ou sans couverture sociale."
PMI Jacqueline de Chambrun,"La PMI Jacqueline de Chambrun est un centre qui aide les mères et les enfants de moins de 6 ans. Il accompagne les jeunes parents et les femmes enceintes pour les aider à prendre soin de leur santé et de celle de leur enfant. Le centre propose des consultations avant et après la naissance, des actions pour prévenir les problèmes de santé, des activités pour aider les parents à éduquer leurs enfants et à planifier leur famille. Vous pouvez également rencontrer un psychologue, une psychomotricienne ou participer à des activités avec d'autres parents et enfants. Des visites à domicile sont possibles. Vous pouvez poser toutes vos questions sur la contraception, la sexualité, les infections sexuellement transmissibles, l'avortement ou les relations dans le couple et la famille lors d'une consultation avec un médecin ou en parlant avec une conseillère. Le centre est ouvert à tous, gratuitement, même si vous n'avez pas d'assurance maladie."
PMI Jean Aupest,"La PMI Jean Aupest est un centre qui aide les mères et les enfants de moins de 6 ans. Il accompagne les jeunes parents et les femmes enceintes pour les aider à prendre soin de leur santé et de celle de leur enfant. Le centre propose des consultations avant et après la naissance, des actions pour prévenir les problèmes de santé, des activités pour apprendre à éduquer et à planifier sa famille, des consultations pour les problèmes psychologiques et des activités pour les parents et les enfants. Des visites à domicile sont également possibles. Vous pouvez poser vos questions sur la contraception, la sexualité, les infections sexuellement transmissibles, l'interruption de grossesse, les relations de couple et de famille lors d'une consultation avec un médecin ou en parlant avec une conseillère. Le centre est ouvert à tous, gratuitement, avec ou sans assurance maladie."
PMI Gros Saule,"La PMI Gros Saule est un centre qui aide les mères et les enfants de moins de 6 ans. Il accompagne les jeunes parents et les femmes enceintes pour les aider à prendre soin de leur santé et de celle de leur enfant. Le centre propose des consultations avant et après la naissance, des actions pour prévenir les problèmes de santé, des activités pour apprendre à éduquer et à planifier sa famille, des consultations avec des psychologues et des puéricultrices. Il organise également des activités pour les parents et les enfants ensemble. Des visites à domicile sont possibles. Vous pouvez poser vos questions sur la contraception, la sexualité, les infections sexuellement transmissibles, l'interruption de grossesse, les relations de couple et de famille lors d'une consultation avec un médecin ou un entretien avec une conseillère. Le centre est ouvert à tous, gratuit, avec ou sans assurance maladie."
PMI Galion,"La PMI Galion est un centre qui aide les mères et les enfants de moins de 6 ans. Il accompagne les jeunes parents et les femmes enceintes pour les aider à rester en bonne santé. Le centre propose des consultations avant et après la naissance, des actions pour prévenir les problèmes de santé, des activités pour apprendre à éduquer et à planifier sa famille, des consultations avec des psychologues et des spécialistes du développement de l'enfant. Des visites à domicile sont également possibles. Vous pouvez poser vos questions sur la contraception, la sexualité, les infections sexuellement transmissibles, l'avortement, les relations amoureuses et familiales lors d'une consultation avec un médecin ou en parlant avec une conseillère. Le centre est ouvert à tous, gratuitement, même sans assurance maladie."
PMI Tourville,"La PMI Tourville est un centre qui aide les mères et les enfants de moins de 6 ans. Il accompagne les jeunes parents et les femmes enceintes pour les aider à prendre soin de leur santé et de celle de leur enfant. Le centre propose des consultations avant et après la naissance, des actions pour prévenir les problèmes de santé, des activités pour apprendre à éduquer et à planifier sa famille, des consultations avec des psychologues et des spécialistes du développement de l'enfant. Des visites à domicile sont également possibles. Vous pouvez poser toutes vos questions sur la contraception, la sexualité, les infections sexuellement transmissibles, l'avortement, les relations amoureuses et familiales lors d'une consultation avec un médecin ou en parlant avec une conseillère. Le centre est ouvert à tous, gratuitement, même sans assurance maladie."
PMI Croix Nobillon,"La PMI Croix Nobillon est un centre qui aide les mères et les enfants de moins de 6 ans. Il accompagne les jeunes parents et les femmes enceintes pour les aider à prendre soin de leur santé et de celle de leur enfant. Le centre propose des consultations avant et après la naissance, des actions pour prévenir les problèmes de santé, des activités pour apprendre à éduquer et à planifier sa famille, des consultations avec des psychologues et des spécialistes du développement de l'enfant, ainsi que des activités pour les parents et les enfants. Des visites à domicile peuvent également être proposées. Vous pouvez poser toutes vos questions sur la contraception, la sexualité, les infections sexuellement transmissibles, l'avortement, les relations de couple et de famille lors d'une consultation avec un médecin ou en parlant avec une conseillère. Le centre est ouvert à tous, gratuitement, avec ou sans assurance maladie."
PMI Chêne Pointu,"La PMI Chêne Pointu est un centre qui aide les mères et les enfants de moins de 6 ans. Nous accompagnons les jeunes parents et les femmes enceintes pour les aider à prendre soin de leur santé et de celle de leur enfant. Nous proposons des consultations avant et après la naissance, des actions pour prévenir les problèmes de santé, des activités pour apprendre à être parent, des consultations avec des psychologues et des puéricultrices. Nous faisons aussi des visites à domicile pour aider les familles. Vous pouvez nous poser des questions sur la contraception, la sexualité, les infections sexuellement transmissibles, l'avortement, les relations amoureuses et familiales. Notre centre est ouvert à tous, gratuitement, même si vous n'avez pas d'assurance maladie. Nous sommes là pour vous aider et vous soutenir."
PMI Victor Hugo,"La PMI Victor Hugo est un centre qui aide les mères et les enfants de moins de 6 ans. Il accompagne les jeunes parents et les femmes enceintes pour les aider à prendre soin de leur santé et de celle de leur enfant. Le centre propose des consultations avant et après la naissance, des actions pour prévenir les problèmes de santé, des activités pour apprendre à éduquer et à planifier sa famille, des consultations avec des psychologues et des spécialistes du développement de l'enfant. Des visites à domicile sont également possibles. Vous pouvez poser toutes vos questions sur la contraception, la sexualité, les infections sexuellement transmissibles, l'avortement, les relations amoureuses et familiales lors d'une consultation avec un médecin ou en parlant avec une conseillère. Le centre est ouvert à tous, gratuitement, même sans assurance maladie."
PMI Verdun,"La PMI Verdun est un centre qui aide les mères et les enfants de moins de 6 ans. Il accompagne les jeunes parents et les femmes enceintes pour les aider à prendre soin de leur santé et de celle de leur enfant. Le centre propose des consultations avant et après la naissance, des actions pour prévenir les problèmes de santé, des activités pour apprendre à éduquer et à planifier sa famille, des consultations avec des psychologues et des spécialistes du développement de l'enfant, ainsi que des activités pour les parents et les enfants. Des visites à domicile peuvent également être organisées. Vous pouvez poser toutes vos questions sur la contraception, la sexualité, les infections sexuellement transmissibles, l'interruption de grossesse, les relations de couple et de famille lors d'une consultation avec un médecin ou un entretien avec une conseillère. Le centre est ouvert à tous, gratuitement, avec ou sans assurance maladie."
PMI Pierre Abrioux,"La PMI Pierre Abrioux est un centre qui aide les mères et les enfants de moins de 6 ans. Il accompagne les jeunes parents et les femmes enceintes pour les aider à prendre soin de leur santé et de celle de leur enfant. Le centre propose des consultations avant et après la naissance, des actions pour prévenir les problèmes de santé, des activités pour apprendre à éduquer et à planifier sa famille, des consultations avec des psychologues et des spécialistes du développement de l'enfant, ainsi que des activités pour les parents et les enfants. Des visites à domicile peuvent également être proposées. Vous pouvez poser toutes vos questions sur la contraception, la sexualité, les infections sexuellement transmissibles, l'interruption de grossesse, les relations de couple et de famille lors d'une consultation avec un médecin ou un entretien avec une conseillère. Le centre est ouvert à tous, gratuitement, avec ou sans assurance maladie."
PMI Orgemont,"La PMI Orgemont est un centre qui aide les mères et les enfants de moins de 6 ans. Il accompagne les jeunes parents et les femmes enceintes pour les aider à prendre soin de leur santé et de celle de leur enfant. Le centre propose des consultations avant et après la naissance, des actions pour prévenir les problèmes de santé, des activités pour aider les parents à éduquer leurs enfants et des consultations pour les problèmes psychologiques. Des visites à domicile sont également possibles. Vous pouvez poser vos questions sur la contraception, la sexualité, les infections sexuellement transmissibles, l'avortement, les relations de couple et de famille lors d'une consultation avec un médecin ou en parlant avec une conseillère. Le centre est ouvert à tous, gratuitement, même sans assurance maladie."
PMI Rue de Paris,"La PMI Rue de Paris est un centre qui aide les mères et les enfants de moins de 6 ans. Il accompagne les jeunes parents et les femmes enceintes pour les aider à prendre soin de leur santé et de celle de leur enfant. Le centre propose des consultations avant et après la naissance, des actions pour prévenir les problèmes de santé, des activités pour apprendre à éduquer et à planifier sa famille, des consultations avec des psychologues et des spécialistes du développement de l'enfant, ainsi que des activités pour les parents et les enfants. Des visites à domicile peuvent également être organisées. Vous pouvez poser toutes vos questions sur la contraception, la sexualité, les infections, l'avortement, les relations de couple et de famille lors d'une consultation avec un médecin ou un conseiller. Le centre est ouvert à tous, gratuitement, avec ou sans assurance maladie."
PMI Justice,"La PMI Justice est un centre qui aide les mères et les enfants de moins de 6 ans. Il accompagne les jeunes parents et les femmes enceintes pour les aider à prendre soin de leur santé et de celle de leur enfant. Le centre propose des consultations avant et après la naissance, des actions pour prévenir les problèmes de santé, des activités pour apprendre à éduquer et à planifier sa famille, des consultations avec des psychologues et des spécialistes du développement de l'enfant. Des visites à domicile sont également possibles. Vous pouvez poser toutes vos questions sur la contraception, la sexualité, les infections sexuellement transmissibles, l'avortement, les relations amoureuses et familiales lors d'une consultation avec un médecin ou en parlant avec une conseillère. Le centre est ouvert à tous, gratuitement, même si vous n'avez pas d'assurance maladie."
Restos du Coeur - Centre dactivités de Villetaneuse,"Les centres d’activités offrent de l’aide en cas d’urgence et pour aider les gens à s’intégrer dans la société. Ils proposent : un accueil chaleureux, une écoute attentive, de la nourriture pour ceux qui en ont besoin, une aide pour les problèmes matériels, des conseils pour trouver son chemin, un accompagnement pour chercher un emploi, partir en vacances, apprendre le français, utiliser les ordinateurs et internet, et une distribution de nourriture pour les personnes dans le besoin."
PMI Henri Barbusse,"La PMI Henri Barbusse est un centre qui aide les mères et les enfants de moins de 6 ans. Il accompagne les jeunes parents et les femmes enceintes pour les aider à prendre soin de leur santé et de celle de leur enfant. Le centre propose des consultations avant et après la naissance, des actions pour prévenir les problèmes de santé, des activités pour aider les parents à éduquer leurs enfants et à planifier leur famille. Vous pouvez également rencontrer un psychologue ou une psychomotricienne pour discuter de vos préoccupations. Des visites à domicile sont possibles avec des puéricultrices. Vous pouvez poser toutes vos questions sur la contraception, la sexualité, les infections sexuellement transmissibles, l'interruption de grossesse ou les relations dans le couple et la famille lors d'une consultation avec un médecin ou en entretien avec une conseillère. Le centre est ouvert à tous et est gratuit, même sans couverture sociale."
PMI Salengro,"La PMI Salengro est un centre qui aide les mères et les enfants de moins de 6 ans. Il accompagne les jeunes parents et les femmes enceintes pour les aider à prendre soin de leur santé et de celle de leur enfant. Le centre propose des consultations avant et après la naissance, des actions pour prévenir les problèmes de santé, des activités pour apprendre à éduquer et à planifier sa famille, des consultations pour les problèmes psychologiques et des activités pour les parents et les enfants. Des visites à domicile sont également possibles. Vous pouvez poser vos questions sur la contraception, la sexualité, les infections sexuellement transmissibles, l'interruption de grossesse, les relations de couple et de famille lors d'une consultation avec un médecin ou en parlant avec une conseillère. Le centre est ouvert à tous, gratuitement, avec ou sans assurance maladie."
PMI Saint-Stenay,"La PMI Saint-Stenay est un centre qui aide les mères et les enfants de moins de 6 ans. Elle accompagne les jeunes parents et les femmes enceintes pour les aider à prendre soin de leur santé et de celle de leur enfant. La PMI propose des consultations avant et après la naissance, des actions pour prévenir les problèmes de santé, des activités pour aider les parents à éduquer leurs enfants et des consultations pour les problèmes psychologiques. Des visites à domicile sont également possibles. Vous pouvez poser vos questions sur la contraception, la sexualité, les infections sexuellement transmissibles, l'avortement, les relations de couple et de famille lors d'une consultation avec un médecin ou en parlant avec une conseillère. La PMI est ouverte à tous, gratuitement, même sans assurance maladie."
PMI les Acacias,"La PMI les Acacias est un centre qui aide les mères et les enfants de moins de 6 ans. Il accompagne les jeunes parents et les femmes enceintes pour les aider à prendre soin de leur santé et de celle de leur enfant. Le centre propose des consultations avant et après la naissance, des actions pour prévenir les problèmes de santé, des activités pour apprendre à éduquer et à planifier sa famille, des consultations avec des psychologues et des spécialistes du développement de l'enfant, ainsi que des activités pour les parents et les enfants. Des visites à domicile peuvent également être organisées. Vous pouvez poser toutes vos questions sur la contraception, la sexualité, les infections sexuellement transmissibles, l'interruption de grossesse, les relations de couple et de famille lors d'une consultation avec un médecin ou un entretien avec une conseillère. Le centre est ouvert à tous, gratuitement, avec ou sans assurance maladie."
PMI du Parc,"La PMI du Parc est un centre qui aide les mères et les enfants de moins de 6 ans. Il accompagne les jeunes parents et les femmes enceintes pour les aider à rester en bonne santé. La PMI peut vous aider pour toutes les démarches concernant la santé de votre enfant. Elle propose des consultations avant et après la naissance, des actions pour prévenir les problèmes de santé, des activités pour apprendre à éduquer vos enfants et à planifier votre famille. Vous pouvez également rencontrer un psychologue ou une psychomotricienne. Des visites à domicile par des puéricultrices sont possibles. Vous pouvez poser des questions sur la contraception, la sexualité, les infections sexuellement transmissibles, l'interruption de grossesse ou les relations dans le couple et la famille. La PMI est ouverte à tous et est gratuite, même si vous n'avez pas d'assurance maladie."
PMI Dugny,"La PMI Dugny est un centre qui aide les mères et les enfants de moins de 6 ans. Il accompagne les jeunes parents et les femmes enceintes pour les aider à prendre soin de leur santé et de celle de leur enfant. Le centre propose des consultations avant et après la naissance, des actions pour prévenir les problèmes de santé, des activités pour apprendre à éduquer et à planifier sa famille, des consultations avec des psychologues et des puéricultrices. Des visites à domicile sont également possibles. Vous pouvez poser vos questions sur la contraception, la sexualité, les infections sexuellement transmissibles, l'interruption de grossesse, les relations de couple et de famille lors d'une consultation avec un médecin ou un conseiller. Le centre est ouvert à tous, gratuit et accessible avec ou sans couverture sociale."
PMI Gustave Caillebotte,"La PMI Gustave Caillebotte est un centre qui aide les mères et les enfants de moins de 6 ans. Il accompagne les jeunes parents et les femmes enceintes pour les aider à prendre soin de leur santé et de celle de leur enfant. Le centre propose des consultations avant et après la naissance, des actions pour prévenir les problèmes de santé, des activités pour apprendre à être parent, des consultations avec des psychologues et des puéricultrices. Vous pouvez également poser des questions sur la contraception, la sexualité, les infections sexuellement transmissibles, l'avortement, les relations amoureuses et familiales. Le centre est ouvert à tous, gratuitement, même si vous n'avez pas d'assurance maladie. Des visites à domicile sont également possibles."
PMI 18 juin 1940,"La PMI est un centre qui aide les mères et les enfants de moins de 6 ans. Elle accompagne les jeunes parents et les femmes enceintes pour les aider à prendre soin de leur santé et de celle de leur enfant. La PMI propose des consultations avant et après la naissance, des actions pour prévenir les problèmes de santé, des activités pour aider les parents à éduquer leurs enfants et des consultations pour les aider à gérer les difficultés. Des visites à domicile sont également possibles. Vous pouvez poser toutes vos questions sur la contraception, la sexualité, les infections sexuellement transmissibles, l'avortement, les relations de couple et de famille lors d'une consultation avec un médecin ou un conseiller. La PMI est ouverte à tous, gratuitement, avec ou sans assurance maladie."
PMI Commune de Paris,"La PMI de Paris est un centre qui aide les mères et les enfants de moins de 6 ans. Elle accompagne les jeunes parents et les femmes enceintes pour les aider à prendre soin de leur santé et de celle de leur enfant. La PMI propose des consultations avant et après la naissance, des actions pour prévenir les problèmes de santé, des activités pour aider les parents à éduquer leurs enfants et des consultations pour les aider à gérer les difficultés. Des visites à domicile sont également possibles. Vous pouvez poser toutes vos questions sur la contraception, la sexualité, les infections sexuellement transmissibles, l'interruption de grossesse, les relations de couple et de famille lors d'une consultation avec un médecin ou un entretien avec une conseillère. La PMI est ouverte à tous, gratuitement, avec ou sans assurance maladie."
PMI de l'Ouest,"La PMI de l'Ouest est un centre qui aide les mères et les enfants de moins de 6 ans. Il accompagne les jeunes parents et les femmes enceintes pour les aider à prendre soin de leur santé et de celle de leur enfant. La PMI propose des consultations avant et après la naissance, des actions pour prévenir les problèmes de santé, des activités pour apprendre à être parent, des consultations avec des psychologues et des puéricultrices. Vous pouvez également poser des questions sur la contraception, la sexualité, les infections sexuellement transmissibles, l'interruption de grossesse, les relations de couple et de famille. La PMI est ouverte à tous, gratuite et sur rendez-vous, avec ou sans assurance maladie."
PMI Berthie-Albrecht,"La PMI Berthie-Albrecht est un centre qui aide les mères et les enfants de moins de 6 ans. Nous accompagnons les jeunes parents et les femmes enceintes pour les aider à prendre soin de leur santé et de celle de leur enfant. Nous proposons des consultations avant et après la naissance, des actions pour prévenir les problèmes de santé, des activités pour apprendre à être parent, des consultations avec des psychologues et des puéricultrices. Nous faisons aussi des visites à domicile pour aider les familles. Vous pouvez nous poser des questions sur la contraception, la sexualité, les infections sexuellement transmissibles, l'avortement, les relations amoureuses et familiales. Notre centre est ouvert à tous, gratuitement, même si vous n'avez pas d'assurance maladie. Nous sommes là pour vous aider et vous soutenir."
PMI Jean Jaurès,"La PMI Jean Jaurès est un centre qui aide les mères et les enfants de moins de 6 ans. Il accompagne les jeunes parents et les femmes enceintes pour les aider à prendre soin de leur santé et de celle de leur enfant. Le centre propose des consultations avant et après la naissance, des actions pour prévenir les problèmes de santé, des activités pour apprendre à éduquer et à planifier sa famille, des consultations avec des psychologues et des puéricultrices. Des visites à domicile sont également possibles. Vous pouvez poser toutes vos questions sur la contraception, la sexualité, les infections sexuellement transmissibles, l'interruption de grossesse, les relations de couple et de famille lors d'une consultation avec un médecin ou un entretien avec une conseillère. Le centre est ouvert à tous, gratuitement, avec ou sans assurance maladie."
PMI Pierre-Rouques,"La PMI Pierre-Rouques est un centre qui aide les mères et les enfants de moins de 6 ans. Il accompagne les jeunes parents et les femmes enceintes pour les aider à prendre soin de leur santé et de celle de leur enfant. Le centre propose des consultations avant et après la naissance, des actions pour prévenir les problèmes de santé, des activités pour apprendre à être parent, des consultations avec des psychologues et des puéricultrices. Vous pouvez également poser des questions sur la contraception, la sexualité, les infections sexuellement transmissibles, l'interruption de grossesse, les relations de couple et de famille. Le centre est ouvert à tous, gratuit et accessible avec ou sans couverture sociale. Des visites à domicile sont également possibles."
PMI Danton,"La PMI Danton est un centre qui aide les mères et les enfants de moins de 6 ans. Il accompagne les jeunes parents et les femmes enceintes pour les aider à rester en bonne santé. Le centre propose des consultations avant et après la naissance, des actions pour prévenir les problèmes de santé, des activités pour apprendre à éduquer et à planifier sa famille, des consultations avec des psychologues et des spécialistes du développement de l'enfant. Des visites à domicile sont également possibles. Vous pouvez poser vos questions sur la contraception, la sexualité, les infections sexuellement transmissibles, l'avortement, les relations amoureuses et familiales lors d'une consultation avec un médecin ou en parlant avec une conseillère. Le centre est ouvert à tous, gratuitement, même sans assurance maladie."
PMI Garde Chasse,"La PMI Garde Chasse est un centre qui aide les mères et les enfants de moins de 6 ans. Il accompagne les jeunes parents et les femmes enceintes pour les aider à prendre soin de leur santé et de celle de leur enfant. Le centre propose des consultations avant et après la naissance, des actions pour prévenir les problèmes de santé, des activités pour apprendre à être parent, des consultations avec des psychologues et des puéricultrices. Vous pouvez également poser des questions sur la contraception, la sexualité, les infections sexuellement transmissibles, l'interruption de grossesse, les relations de couple et de famille. Le centre est ouvert à tous, gratuitement, avec ou sans assurance maladie. Il propose des visites à domicile et des activités collectives pour les parents et les enfants."
PMI Paul Verlaine,"La PMI Paul Verlaine est un centre qui aide les mères et les enfants de moins de 6 ans. Nous aidons les jeunes parents et les femmes enceintes pour qu'ils soient en bonne santé. Nous vous aidons pour toutes les démarches concernant la santé de votre enfant. Nous proposons des consultations avant et après la naissance, des actions pour prévenir les problèmes de santé, des activités pour apprendre à être parent, des consultations avec des psychologues et des puéricultrices. Nous faisons aussi des visites à domicile. Vous pouvez nous poser des questions sur la contraception, la sexualité, les infections sexuellement transmissibles, l'avortement, les relations dans le couple et la famille. Notre centre est ouvert à tous et c'est gratuit, même si vous n'avez pas d'assurance maladie."
PMI Léo Lagrange,"La PMI Léo Lagrange est un centre qui aide les mères et les enfants de moins de 6 ans. Il accompagne les jeunes parents et les femmes enceintes pour les aider à prendre soin de leur santé et de celle de leur enfant. Le centre propose des consultations avant et après la naissance, des actions pour prévenir les problèmes de santé, des activités pour apprendre à éduquer et à planifier sa famille, des consultations avec des psychologues et des puéricultrices. Il organise également des activités pour les parents et les enfants ensemble. Des visites à domicile sont possibles. Vous pouvez poser vos questions sur la contraception, la sexualité, les infections sexuellement transmissibles, l'interruption de grossesse, les relations de couple et de famille lors d'une consultation avec un médecin ou un entretien avec une conseillère. Le centre est ouvert à tous, gratuit, avec ou sans assurance maladie."
PMI Georges Braque,"La PMI Georges Braque est un centre qui aide les mères et les enfants de moins de 6 ans. Il accompagne les jeunes parents et les femmes enceintes pour les aider à prendre soin de leur santé et de celle de leur enfant. Le centre propose des consultations avant et après la naissance, des actions pour prévenir les problèmes de santé, des activités pour apprendre à éduquer et à planifier sa famille, des consultations avec des psychologues et des spécialistes du développement de l'enfant, ainsi que des activités pour les parents et les enfants. Des visites à domicile peuvent également être proposées. Vous pouvez poser toutes vos questions sur la contraception, la sexualité, les infections sexuellement transmissibles, l'interruption de grossesse, les relations de couple et de famille lors d'une consultation avec un médecin ou un entretien avec une conseillère. Le centre est ouvert à tous, gratuitement, avec ou sans assurance maladie."
PMI Marcel Alizard,"La PMI Marcel Alizard est un centre qui aide les mères et les enfants de moins de 6 ans. Il accompagne les jeunes parents et les femmes enceintes pour les aider à rester en bonne santé. Le centre propose des consultations avant et après la naissance, des actions pour prévenir les problèmes de santé, des activités pour apprendre à éduquer et à planifier sa famille, des consultations avec des psychologues et des puéricultrices. Des visites à domicile sont également possibles. Vous pouvez poser vos questions sur la contraception, la sexualité, les infections sexuellement transmissibles, l'interruption de grossesse, les relations de couple et de famille lors d'une consultation avec un médecin ou un entretien avec une conseillère. Le centre est ouvert à tous, gratuit et accessible avec ou sans couverture sociale."
PMI Division Leclerc,"La PMI Division Leclerc est un centre qui aide les mères et les enfants de moins de 6 ans. Nous accompagnons les jeunes parents et les femmes enceintes pour les aider à prendre soin de leur santé et de celle de leur enfant. Nous proposons des consultations avant et après la naissance, des actions pour prévenir les problèmes de santé, des activités pour apprendre à être parent, des consultations avec des psychologues et des puéricultrices. Nous faisons aussi des visites à domicile pour aider les familles. Vous pouvez nous poser des questions sur la contraception, la sexualité, les infections sexuellement transmissibles, l'avortement, les relations amoureuses et familiales. Notre centre est ouvert à tous, gratuitement, même si vous n'avez pas d'assurance maladie. Nous sommes là pour vous aider et vous soutenir."
PMI Sully,"La PMI Sully est un centre qui aide les mères et les enfants de moins de 6 ans. Il accompagne les jeunes parents et les femmes enceintes pour les aider à prendre soin de leur santé et de celle de leur enfant. Le centre propose des consultations avant et après la naissance, des actions pour prévenir les problèmes de santé, des activités pour apprendre à éduquer et à planifier sa famille, des consultations avec des psychologues et des spécialistes du développement de l'enfant, ainsi que des activités pour les parents et les enfants. Des visites à domicile peuvent également être proposées. Vous pouvez poser toutes vos questions sur la contraception, la sexualité, les infections sexuellement transmissibles, l'interruption de grossesse, les relations de couple et de famille lors d'une consultation avec un médecin ou un entretien avec une conseillère. Le centre est ouvert à tous, gratuitement, avec ou sans assurance maladie."
PMI Henri Barbusse,"La PMI Henri Barbusse est un centre qui aide les mères et les enfants de moins de 6 ans. Il accompagne les jeunes parents et les femmes enceintes pour les aider à prendre soin de leur santé et de celle de leur enfant. Le centre propose des consultations avant et après la naissance, des actions pour prévenir les problèmes de santé, des activités pour aider les parents à éduquer leurs enfants et à planifier leur famille. Vous pouvez également rencontrer un psychologue ou une psychomotricienne pour discuter de vos préoccupations. Des visites à domicile sont possibles avec des puéricultrices. Vous pouvez poser toutes vos questions sur la contraception, la sexualité, les infections sexuellement transmissibles, l'interruption de grossesse ou les relations dans le couple et la famille lors d'une consultation avec un médecin ou en entretien avec une conseillère. Le centre est ouvert à tous et est gratuit, même sans couverture sociale."
PMI Berthe Morisot,"La PMI Berthe Morisot est un centre qui aide les mères et les enfants de moins de 6 ans. Nous accompagnons les jeunes parents et les femmes enceintes pour les aider à prendre soin de leur santé et de celle de leur enfant. Nous proposons des consultations avant et après la naissance, des actions pour prévenir les problèmes de santé, des activités pour apprendre à être parent, des consultations avec des psychologues et des puéricultrices. Nous faisons aussi des visites à domicile pour aider les familles. Vous pouvez nous poser des questions sur la contraception, la sexualité, les infections sexuellement transmissibles, l'avortement, les relations amoureuses et familiales. Notre centre est ouvert à tous, gratuitement, même si vous n'avez pas d'assurance maladie. Nous sommes là pour vous aider et vous soutenir."
PMI Rue de Paris,"La PMI Rue de Paris est un centre qui aide les mères et les enfants de moins de 6 ans. Il accompagne les jeunes parents et les femmes enceintes pour les aider à prendre soin de leur santé et de celle de leur enfant. Le centre propose des consultations avant et après la naissance, des actions pour prévenir les problèmes de santé, des activités pour apprendre à éduquer et à planifier sa famille, des consultations avec des psychologues et des spécialistes du développement de l'enfant. Des visites à domicile sont également possibles. Vous pouvez poser toutes vos questions sur la contraception, la sexualité, les infections sexuellement transmissibles, l'interruption de grossesse, les relations de couple et de famille lors d'une consultation avec un médecin ou un conseiller. Le centre est ouvert à tous, gratuitement, avec ou sans assurance maladie."
PMI Sergent Bobillot,"La PMI Sergent Bobillot est un centre qui aide les mères et les enfants de moins de 6 ans. Nous accompagnons les jeunes parents et les femmes enceintes pour les aider à prendre soin de leur santé et de celle de leur enfant. Nous proposons des consultations avant et après la naissance, des actions pour prévenir les problèmes de santé, des activités pour apprendre à être parent, des consultations avec des psychologues et des puéricultrices. Nous faisons aussi des visites à domicile pour aider les familles. Vous pouvez nous poser des questions sur la contraception, la sexualité, les infections sexuellement transmissibles, l'avortement, les relations amoureuses et familiales. Notre centre est ouvert à tous, gratuitement, même si vous n'avez pas d'assurance maladie. Nous sommes là pour vous aider et vous soutenir."
PMI Henri Wallon,"La PMI Henri Wallon est un centre qui aide les mères et les enfants de moins de 6 ans. Il accompagne les jeunes parents et les femmes enceintes pour les aider à prendre soin de leur santé et de celle de leur enfant. Le centre propose des consultations avant et après la naissance, des actions pour prévenir les problèmes de santé, des activités pour aider les parents à éduquer leurs enfants et à planifier leur famille. Vous pouvez également rencontrer un psychologue ou une psychomotricienne pour discuter de vos préoccupations. Des visites à domicile sont possibles avec des puéricultrices. Vous pouvez poser toutes vos questions sur la contraception, la sexualité, les infections sexuellement transmissibles, l'interruption de grossesse ou les relations dans le couple et la famille lors d'une consultation avec un médecin ou en entretien avec une conseillère. Le centre est ouvert à tous et est gratuit, même si vous n'avez pas de couverture sociale."
PMI Papillons,"La PMI Papillons est un centre qui aide les mères et les enfants de moins de 6 ans. Il accompagne les jeunes parents et les femmes enceintes pour les aider à prendre soin de leur santé et de celle de leur enfant. Le centre propose des consultations avant et après la naissance, des actions pour prévenir les problèmes de santé, des activités pour apprendre à éduquer et à planifier sa famille, des consultations avec des psychologues et des spécialistes du développement de l'enfant, ainsi que des activités pour les parents et les enfants. Des visites à domicile peuvent également être proposées. Vous pouvez poser toutes vos questions sur la contraception, la sexualité, les infections sexuellement transmissibles, l'interruption de grossesse, les relations de couple et de famille lors d'une consultation avec un médecin ou un entretien avec une conseillère. Le centre est ouvert à tous, gratuitement, avec ou sans assurance maladie."
PMI Henri Dunant,"La PMI Henri Dunant est un centre qui aide les mères et les enfants de moins de 6 ans. Il accompagne les jeunes parents et les femmes enceintes pour les aider à prendre soin de leur santé et de celle de leur enfant. Le centre propose des consultations avant et après la naissance, des actions pour prévenir les problèmes de santé, des activités pour aider les parents à éduquer leurs enfants et des consultations pour les problèmes psychologiques. Des visites à domicile sont également possibles. Vous pouvez poser des questions sur la contraception, la sexualité, les infections sexuellement transmissibles, l'interruption de grossesse, les relations dans le couple et la famille lors d'une consultation. Il y a aussi un groupe de soutien pour les parents d'enfants autistes. Le centre est ouvert à tous et est gratuit, même sans couverture sociale."
PMI Pierre Rouques,"La PMI Pierre Rouques est un centre qui aide les mères et les enfants de moins de 6 ans. Il accompagne les jeunes parents et les femmes enceintes pour les aider à prendre soin de leur santé et de celle de leur enfant. Le centre propose des consultations avant et après la naissance, des actions pour prévenir les problèmes de santé, des activités pour apprendre à éduquer et à planifier sa famille, des consultations avec des psychologues et des spécialistes du développement de l'enfant, ainsi que des activités pour les parents et les enfants. Des visites à domicile peuvent également être proposées. Vous pouvez poser toutes vos questions sur la contraception, la sexualité, les infections sexuellement transmissibles, l'interruption de grossesse, les relations de couple et de famille lors d'une consultation avec un médecin ou un entretien avec une conseillère. Le centre est ouvert à tous, gratuitement, avec ou sans assurance maladie."
PMI Leonetti,"La PMI Leonetti est un centre qui aide les mères et les enfants de moins de 6 ans. Il accompagne les jeunes parents et les femmes enceintes pour les aider à prendre soin de leur santé et de celle de leur enfant. Le centre propose des consultations avant et après la naissance, des actions pour prévenir les problèmes de santé, des activités pour aider les parents à éduquer leurs enfants et des consultations pour les aider à gérer les difficultés. Des visites à domicile sont également possibles. Vous pouvez poser toutes vos questions sur la contraception, la sexualité, les infections sexuellement transmissibles, l'interruption de grossesse, les relations de couple et de famille lors d'une consultation avec un médecin ou un entretien avec une conseillère. Le centre est ouvert à tous, gratuitement, avec ou sans assurance maladie."
PMI Hautes Rives,"La PMI Hautes Rives est un centre qui aide les mères et les enfants de moins de 6 ans. Il accompagne les jeunes parents et les femmes enceintes pour les aider à prendre soin de leur santé et de celle de leur enfant. Le centre propose des consultations avant et après la naissance, des actions pour prévenir les problèmes de santé, des activités pour apprendre à éduquer et à planifier sa famille, des consultations avec des psychologues et des puéricultrices. Il organise également des activités pour les parents et les enfants ensemble. Des visites à domicile sont possibles. Vous pouvez poser vos questions sur la contraception, la sexualité, les infections sexuellement transmissibles, l'interruption de grossesse, les relations de couple et de famille lors d'une consultation avec un médecin ou un entretien avec une conseillère. Le centre est ouvert à tous, gratuitement, avec ou sans assurance maladie."
PMI Bauer,"La PMI Bauer est un centre qui aide les mères et les enfants de moins de 6 ans. Il accompagne les jeunes parents et les femmes enceintes pour les aider à rester en bonne santé. Le centre propose des consultations avant et après la naissance, des actions pour prévenir les problèmes de santé, des activités pour apprendre à éduquer et à planifier sa famille, des consultations avec des psychologues et des spécialistes du développement de l'enfant. Des visites à domicile sont également possibles. Vous pouvez poser vos questions sur la contraception, la sexualité, les infections sexuellement transmissibles, l'avortement, les relations amoureuses et familiales lors d'une consultation avec un médecin ou en parlant avec une conseillère. Le centre est ouvert à tous, gratuitement, même sans assurance maladie."
PMI Rougemont,"La PMI Rougemont est un centre qui aide les mères et les enfants de moins de 6 ans. Il accompagne les jeunes parents et les femmes enceintes pour les aider à prendre soin de leur santé et de celle de leur enfant. Le centre propose des consultations avant et après la naissance, des actions pour prévenir les problèmes de santé, des activités pour apprendre à éduquer et à planifier sa famille, des consultations avec des psychologues et des spécialistes du développement de l'enfant, ainsi que des activités pour les parents et les enfants. Des visites à domicile peuvent également être proposées. Vous pouvez poser toutes vos questions sur la contraception, la sexualité, les infections sexuellement transmissibles, l'interruption de grossesse, les relations de couple et de famille lors d'une consultation avec un médecin ou un entretien avec une conseillère. Le centre est ouvert à tous, gratuitement, avec ou sans assurance maladie."
PMI des Découvertes,"La PMI des Découvertes est un centre qui aide les mères et les enfants de moins de 6 ans. Il accompagne les jeunes parents et les femmes enceintes pour les aider à prendre soin de leur santé et de celle de leur enfant. Le centre propose des consultations avant et après la naissance, des actions pour prévenir les problèmes de santé, des activités pour apprendre à planifier sa famille et des consultations pour parler de ses sentiments. Des visites à domicile sont également possibles. Vous pouvez poser toutes vos questions sur la contraception, la sexualité, les infections et les relations amoureuses lors d'une consultation avec un médecin. Le centre est ouvert à tous, gratuitement, même si vous n'avez pas d'assurance maladie."
PMI Émile Connoy,"La PMI Émile Connoy est un centre qui aide les mères et les enfants de moins de 6 ans. Il accompagne les jeunes parents et les femmes enceintes pour les aider à prendre soin de leur santé et de celle de leur enfant. Le centre propose des consultations avant et après la naissance, des actions pour prévenir les problèmes de santé, des activités pour apprendre à éduquer et à planifier sa famille, des consultations avec des psychologues et des spécialistes du développement de l'enfant. Des visites à domicile sont également possibles. Vous pouvez poser toutes vos questions sur la contraception, la sexualité, les infections sexuellement transmissibles, l'interruption de grossesse, les relations amoureuses et familiales lors d'une consultation avec un médecin ou un conseiller. Le centre est ouvert à tous, gratuitement, avec ou sans assurance maladie."
PMI Sycomores,"La PMI Sycomores est un centre qui aide les mères et les enfants de moins de 6 ans. Il accompagne les jeunes parents et les femmes enceintes pour les aider à prendre soin de leur santé et de celle de leur enfant. Le centre propose des consultations avant et après la naissance, des actions pour prévenir les problèmes de santé, des activités pour apprendre à éduquer et à planifier sa famille, des consultations pour les problèmes psychologiques et des activités pour les parents et les enfants. Des visites à domicile sont également possibles. Vous pouvez poser vos questions sur la contraception, la sexualité, les infections sexuellement transmissibles, l'interruption de grossesse, les relations de couple et de famille lors d'une consultation avec un médecin ou en parlant avec une conseillère. Le centre est ouvert à tous, gratuitement, même sans assurance maladie."
PMI Saint-Denis,"La PMI Saint-Denis est un centre qui aide les mères et les enfants de moins de 6 ans. Il accompagne les jeunes parents et les femmes enceintes pour les aider à prendre soin de leur santé et de celle de leur enfant. Le centre propose des consultations avant et après la naissance, des actions pour prévenir les problèmes de santé, des activités pour apprendre à éduquer et à planifier sa famille, des consultations avec des psychologues et des puéricultrices. Des visites à domicile sont également possibles. Vous pouvez poser vos questions sur la contraception, la sexualité, les infections sexuellement transmissibles, l'interruption de grossesse, les relations de couple et de famille lors d'une consultation avec un médecin ou un conseiller. Le centre est ouvert à tous, gratuitement, avec ou sans assurance maladie."
PMI Gallieni,"La PMI Gallieni est un centre qui aide les mères et les enfants de moins de 6 ans. Il accompagne les jeunes parents et les femmes enceintes pour les aider à prendre soin de leur santé et de celle de leur enfant. Le centre propose des consultations avant et après la naissance, des actions pour prévenir les problèmes de santé, des activités pour apprendre à être parent, des consultations avec des psychologues et des puéricultrices. Vous pouvez également poser des questions sur la contraception, la sexualité, les infections sexuellement transmissibles, l'interruption de grossesse, les relations de couple et de famille. Le centre est ouvert à tous, gratuit et accessible même sans couverture sociale. Des visites à domicile sont également possibles."
PMI Semard,"La PMI Semard est un centre qui aide les mères et les enfants de moins de 6 ans. Il accompagne les jeunes parents et les femmes enceintes pour les aider à prendre soin de leur santé et de celle de leur enfant. Le centre propose des consultations avant et après la naissance, des actions pour prévenir les problèmes de santé, des activités pour apprendre à éduquer et à planifier sa famille, des consultations avec des psychologues et des spécialistes du développement de l'enfant. Des visites à domicile sont également possibles. Vous pouvez poser toutes vos questions sur la contraception, la sexualité, les infections sexuellement transmissibles, l'avortement, les relations amoureuses et familiales lors d'une consultation avec un médecin ou en parlant avec une conseillère. Le centre est ouvert à tous, gratuitement, même sans assurance maladie."
PMI Henri-Barbusse,"La PMI Henri-Barbusse est un centre qui aide les mères et les enfants de moins de 6 ans. Il accompagne les jeunes parents et les femmes enceintes pour les aider à prendre soin de leur santé et de celle de leur enfant. Le centre propose des consultations avant et après la naissance, des actions pour prévenir les problèmes de santé, des activités pour apprendre à éduquer et à planifier sa famille, des consultations pour les problèmes psychologiques et des activités pour les parents et les enfants. Des visites à domicile sont également possibles. Vous pouvez poser vos questions sur la contraception, la sexualité, les infections sexuellement transmissibles, l'interruption de grossesse, les relations de couple et de famille lors d'une consultation avec un médecin ou en parlant avec une conseillère. Le centre est ouvert à tous, gratuitement, avec ou sans assurance maladie."
PMI Crétier,"La PMI Crétier est un centre qui aide les mères et les enfants de moins de 6 ans. Il accompagne les jeunes parents et les femmes enceintes pour les aider à prendre soin de leur santé et de celle de leur enfant. Le centre propose des consultations avant et après la naissance, des actions pour prévenir les problèmes de santé, des activités pour apprendre à éduquer et à planifier sa famille, des consultations pour les problèmes psychologiques et des activités pour les parents et les enfants. Des visites à domicile sont également possibles. Vous pouvez poser vos questions sur la contraception, la sexualité, les infections sexuellement transmissibles, l'interruption de grossesse, les relations de couple et de famille lors d'une consultation avec un médecin ou en parlant avec une conseillère. Le centre est ouvert à tous, gratuitement, même sans assurance maladie."
PMI Les Beaudottes,"La PMI (Protection Maternelle et Infantile) Les Beaudottes est un centre qui aide les mères et les enfants de moins de 6 ans. Il accompagne les jeunes parents et les femmes enceintes pour les aider à prendre soin de leur santé et de celle de leur enfant. Le centre propose des consultations avant et après la naissance, des actions pour prévenir les problèmes de santé, des activités pour aider les parents à éduquer leurs enfants et des consultations pour les aider à gérer les difficultés. Des visites à domicile sont également possibles. Vous pouvez poser toutes vos questions sur la contraception, la sexualité, les infections sexuellement transmissibles, l'interruption de grossesse, les relations de couple et de famille lors d'une consultation. Le centre est ouvert à tous, gratuitement, avec ou sans assurance maladie."
PMI Les Érables,"La PMI Les Érables est un centre qui aide les mères et les enfants de moins de 6 ans. Il accompagne les jeunes parents et les femmes enceintes pour les aider à prendre soin de leur santé et de celle de leur enfant. Le centre propose des consultations avant et après la naissance, des actions pour prévenir les problèmes de santé, des activités pour apprendre à éduquer et à planifier sa famille, des consultations avec des psychologues et des spécialistes du développement de l'enfant, ainsi que des activités pour les parents et les enfants. Des visites à domicile peuvent également être proposées. Vous pouvez poser toutes vos questions sur la contraception, la sexualité, les infections sexuellement transmissibles, l'interruption de grossesse, les relations de couple et de famille lors d'une consultation avec un médecin ou un entretien avec une conseillère. Le centre est ouvert à tous, gratuitement, avec ou sans assurance maladie."
PMI Calmanovic,"La PMI Calmanovic est un centre qui aide les mères et les enfants de moins de 6 ans. Il accompagne les jeunes parents et les femmes enceintes pour les aider à prendre soin de leur santé et de celle de leur enfant. Le centre propose des consultations avant et après la naissance, des actions pour prévenir les problèmes de santé, des activités pour apprendre à éduquer et à planifier sa famille, des consultations pour les problèmes psychologiques et des activités pour les parents et les enfants. Des visites à domicile sont également possibles. Vous pouvez poser vos questions sur la contraception, la sexualité, les infections sexuellement transmissibles, l'interruption de grossesse, les relations de couple et de famille lors d'une consultation avec un médecin ou en parlant avec une conseillère. Le centre est ouvert à tous, gratuitement, avec ou sans assurance maladie."
PMI Champy-Richardets,"La PMI Champy-Richardets est un centre qui aide les mères et les enfants de moins de 6 ans. Il accompagne les jeunes parents et les femmes enceintes pour les aider à prendre soin de leur santé et de celle de leur enfant. Le centre propose des consultations avant et après la naissance, des actions pour prévenir les problèmes de santé, des activités pour aider les parents à éduquer leurs enfants et des consultations pour les problèmes psychologiques. Des visites à domicile sont également possibles. Vous pouvez poser vos questions sur la contraception, la sexualité, les infections sexuellement transmissibles, l'avortement, les relations de couple et de famille lors d'une consultation avec un médecin ou un entretien avec une conseillère. Le centre est ouvert à tous, gratuitement, avec ou sans assurance maladie."
PMI Londeau,"La PMI Londeau est un centre qui aide les mères et les enfants de moins de 6 ans. Il accompagne les jeunes parents et les femmes enceintes pour les aider à rester en bonne santé. Le centre propose des consultations avant et après la naissance, des actions pour prévenir les problèmes de santé, des activités pour apprendre à éduquer et à planifier sa famille, des consultations avec des psychologues et des spécialistes du développement de l'enfant. Des visites à domicile sont également possibles. Vous pouvez poser vos questions sur la contraception, la sexualité, les infections sexuellement transmissibles, l'avortement, les relations amoureuses et familiales lors d'une consultation avec un médecin ou en parlant avec une conseillère. Le centre est ouvert à tous, gratuitement, même sans assurance maladie."
PMI Gallieni,"La PMI Gallieni est un centre qui aide les mères et les enfants de moins de 6 ans. Il accompagne les jeunes parents et les femmes enceintes pour les aider à prendre soin de leur santé et de celle de leur enfant. Le centre propose des consultations avant et après la naissance, des actions pour prévenir les problèmes de santé, des activités pour apprendre à être parent, des consultations avec des psychologues et des puéricultrices. Vous pouvez également poser des questions sur la contraception, la sexualité, les infections sexuellement transmissibles, l'avortement, les relations amoureuses et familiales. Le centre est ouvert à tous, gratuit et accessible même sans assurance maladie. Il propose des visites à domicile et des activités collectives pour les parents et les enfants."
PMI Quatre Chemins,"La PMI Quatre Chemins est un centre qui aide les mères et les enfants de moins de 6 ans. Il accompagne les jeunes parents et les femmes enceintes pour les aider à prendre soin de leur santé et de celle de leur enfant. Le centre propose des consultations avant et après la naissance, des actions pour prévenir les problèmes de santé, des activités pour apprendre à éduquer et à planifier sa famille, des consultations avec des psychologues et des spécialistes du développement de l'enfant, ainsi que des activités pour les parents et les enfants. Des visites à domicile peuvent également être proposées. Vous pouvez poser toutes vos questions sur la contraception, la sexualité, les infections sexuellement transmissibles, l'interruption de grossesse, les relations de couple et de famille lors d'une consultation avec un médecin ou un entretien avec une conseillère. Le centre est ouvert à tous, gratuitement, avec ou sans assurance maladie."
PMI Cornet,"La PMI Cornet est un centre qui aide les mères et les enfants de moins de 6 ans. Il accompagne les jeunes parents et les femmes enceintes pour les aider à prendre soin de leur santé et de celle de leur enfant. Le centre propose des consultations avant et après la naissance, des actions pour prévenir les problèmes de santé, des activités pour apprendre à éduquer et à planifier sa famille, des consultations pour les problèmes psychologiques et des activités pour les parents et les enfants. Des visites à domicile sont également possibles. Vous pouvez poser vos questions sur la contraception, la sexualité, les infections sexuellement transmissibles, l'interruption de grossesse, les relations de couple et de famille lors d'une consultation avec un médecin ou en parlant avec une conseillère. Le centre est ouvert à tous, gratuitement, même sans assurance maladie."
PMI Courtillères,"La PMI Courtillères est un centre qui aide les mères et les enfants de moins de 6 ans. Il accompagne les jeunes parents et les femmes enceintes pour les aider à prendre soin de leur santé et de celle de leur enfant. Le centre propose des consultations avant et après la naissance, des actions pour prévenir les problèmes de santé, des activités pour apprendre à éduquer et à planifier sa famille, des consultations avec des psychologues et des spécialistes du développement de l'enfant, ainsi que des activités pour les parents et les enfants. Des visites à domicile peuvent également être proposées. Vous pouvez poser toutes vos questions sur la contraception, la sexualité, les infections, l'avortement, les relations de couple et de famille lors d'une consultation avec un médecin ou un conseiller. Le centre est ouvert à tous, gratuitement, avec ou sans assurance maladie."
PMI Joncherolles,"La PMI Joncherolles est un centre qui aide les mères et les enfants de moins de 6 ans. Il accompagne les jeunes parents et les femmes enceintes pour les aider à prendre soin de leur santé et de celle de leur enfant. Le centre propose des consultations avant et après la naissance, des actions pour prévenir les problèmes de santé, des activités pour apprendre à éduquer et à planifier sa famille, des consultations avec des psychologues et des spécialistes du développement de l'enfant, ainsi que des activités pour les parents et les enfants. Des visites à domicile peuvent également être proposées. Vous pouvez poser toutes vos questions sur la contraception, la sexualité, les infections sexuellement transmissibles, l'interruption de grossesse, les relations de couple et de famille lors d'une consultation avec un médecin ou un entretien avec une conseillère. Le centre est ouvert à tous, gratuitement, avec ou sans assurance maladie."
PMI Veuve Aublet,"La PMI Veuve Aublet est un centre qui aide les mères et les enfants de moins de 6 ans. Il accompagne les jeunes parents et les femmes enceintes pour les aider à prendre soin de leur santé et de celle de leur enfant. Le centre propose des consultations avant et après la naissance, des actions pour prévenir les problèmes de santé, des activités pour apprendre à éduquer et à planifier sa famille, des consultations avec des psychologues et des spécialistes du développement de l'enfant, ainsi que des activités pour les parents et les enfants. Des visites à domicile peuvent également être organisées. Vous pouvez poser toutes vos questions sur la contraception, la sexualité, les infections sexuellement transmissibles, l'avortement, les relations de couple et de famille lors d'une consultation avec un médecin ou un conseiller. Le centre est ouvert à tous, gratuitement, avec ou sans assurance maladie."
PMI Général Leclerc,"La PMI Général Leclerc est un centre qui aide les mères et les enfants de moins de 6 ans. Il accompagne les jeunes parents et les femmes enceintes pour les aider à prendre soin de leur santé et de celle de leur enfant. Le centre propose des consultations avant et après la naissance, des actions pour prévenir les problèmes de santé, des activités pour apprendre à être parent, des consultations avec des psychologues et des puéricultrices. Vous pouvez également poser des questions sur la contraception, la sexualité, les infections sexuellement transmissibles, l'avortement, les relations amoureuses et familiales. Le centre est ouvert à tous, gratuitement, même si vous n'avez pas d'assurance maladie. Des visites à domicile sont également possibles."
PMI Marnaudes,"La PMI Marnaudes est un centre qui aide les mères et les enfants de moins de 6 ans. Il accompagne les jeunes parents et les femmes enceintes pour les aider à prendre soin de leur santé et de celle de leur enfant. Le centre propose des consultations avant et après la naissance, des actions pour prévenir les problèmes de santé, des activités pour apprendre à éduquer et à planifier sa famille, des consultations avec des psychologues et des spécialistes du développement de l'enfant, ainsi que des activités pour les parents et les enfants. Des visites à domicile peuvent également être proposées. Vous pouvez poser toutes vos questions sur la contraception, la sexualité, les infections sexuellement transmissibles, l'interruption de grossesse, les relations de couple et de famille lors d'une consultation avec un médecin ou un entretien avec une conseillère. Le centre est ouvert à tous, gratuitement, avec ou sans assurance maladie."
PMI les Moulins,"La PMI (Protection Maternelle et Infantile) les Moulins est un centre qui aide les mères et les enfants de moins de 6 ans. Il accompagne les jeunes parents et les femmes enceintes pour les aider à prendre soin de leur santé et de celle de leur enfant. Le centre propose des consultations avant et après la naissance, des actions pour prévenir les problèmes de santé, des activités pour aider les parents à éduquer leurs enfants et à planifier leur famille. Vous pouvez également rencontrer un psychologue, une psychomotricienne ou participer à des activités avec d'autres parents et enfants. Des visites à domicile sont possibles. Vous pouvez poser vos questions sur la contraception, la sexualité, les infections sexuellement transmissibles, l'interruption de grossesse ou les relations dans le couple et la famille lors d'une consultation avec un médecin ou en parlant avec une conseillère. Le centre est ouvert à tous, gratuitement, avec ou sans assurance maladie."
PMI Plaine,"La PMI Plaine est un centre qui aide les mères et les enfants de moins de 6 ans. Il accompagne les jeunes parents et les femmes enceintes pour les aider à prendre soin de leur santé et de celle de leur enfant. Le centre propose des consultations avant et après la naissance, des actions pour prévenir les problèmes de santé, des activités pour apprendre à éduquer et à planifier sa famille, des consultations avec des psychologues et des spécialistes du développement de l'enfant, ainsi que des activités pour les parents et les enfants. Des visites à domicile peuvent également être proposées. Vous pouvez poser toutes vos questions sur la contraception, la sexualité, les infections sexuellement transmissibles, l'interruption de grossesse, les relations de couple et de famille lors d'une consultation avec un médecin ou un entretien avec une conseillère. Le centre est ouvert à tous, gratuitement, avec ou sans assurance maladie."
PMI Barbusse,"La PMI Barbusse est un centre qui aide les mères et les enfants de moins de 6 ans. Il accompagne les jeunes parents et les femmes enceintes pour les aider à prendre soin de leur santé et de celle de leur enfant. Le centre propose des consultations avant et après la naissance, des actions pour prévenir les problèmes de santé, des activités pour apprendre à éduquer et à planifier sa famille, des consultations avec des psychologues et des spécialistes du développement de l'enfant. Des visites à domicile sont également possibles. Vous pouvez poser toutes vos questions sur la contraception, la sexualité, les infections sexuellement transmissibles, l'interruption de grossesse, les relations de couple et de famille lors d'une consultation avec un médecin ou un conseiller. Le centre est ouvert à tous, gratuitement, avec ou sans assurance maladie."
PMI Aristide Briand,"La PMI Aristide Briand est un centre qui aide les mères et les enfants de moins de 6 ans. Il accompagne les jeunes parents et les femmes enceintes pour les aider à prendre soin de leur santé et de celle de leur enfant. Le centre propose des consultations avant et après la naissance, des actions pour prévenir les problèmes de santé, des activités pour apprendre à éduquer et à planifier sa famille, des consultations pour les problèmes psychologiques et des activités pour les parents et les enfants. Des visites à domicile peuvent également être proposées. Vous pouvez poser toutes vos questions sur la contraception, la sexualité, les infections sexuellement transmissibles, l'interruption de grossesse, les relations de couple et de famille lors d'une consultation avec un médecin ou en parlant avec une conseillère. Le centre est ouvert à tous et est gratuit, même si vous n'avez pas d'assurance maladie."
PMI Moulin Neuf,"La PMI Moulin Neuf est un centre qui aide les mères et les enfants de moins de 6 ans. Il accompagne les jeunes parents et les femmes enceintes pour les aider à prendre soin de leur santé et de celle de leur enfant. Le centre propose des consultations avant et après la naissance, des actions pour prévenir les problèmes de santé, des activités pour apprendre à être parent, des consultations avec des psychologues et des puéricultrices. Vous pouvez également poser des questions sur la contraception, la sexualité, les infections sexuellement transmissibles, l'avortement, les relations amoureuses et familiales. Le centre est ouvert à tous, gratuit et accessible même sans assurance maladie. Des visites à domicile sont également possibles."
PMI Clos Saint-Lazare,"La PMI Clos Saint-Lazare est un centre qui aide les mères et les enfants de moins de 6 ans. Il accompagne les jeunes parents et les femmes enceintes pour les aider à prendre soin de leur santé et de celle de leur enfant. Le centre propose des consultations avant et après la naissance, des actions pour prévenir les problèmes de santé, des activités pour apprendre à être parent, des consultations avec des psychologues et des puéricultrices. Vous pouvez également poser des questions sur la contraception, la sexualité, les infections sexuellement transmissibles, l'avortement, les relations amoureuses et familiales. Le centre est ouvert à tous, gratuit et accessible même sans assurance maladie. Des visites à domicile sont également possibles."
PMI Saint-Louis,"La PMI Saint-Louis est un centre qui aide les mères et les enfants de moins de 6 ans. Elle accompagne les jeunes parents et les femmes enceintes pour les aider à rester en bonne santé. La PMI propose des consultations avant et après la naissance, des actions pour prévenir les problèmes de santé, des activités pour apprendre à être parent, des consultations avec des psychologues et des puéricultrices. Des visites à domicile sont également possibles. Vous pouvez poser vos questions sur la contraception, la sexualité, les infections sexuellement transmissibles, l'avortement, les relations amoureuses et familiales lors d'une consultation avec un médecin ou en parlant avec une conseillère. La PMI Saint-Louis est ouverte à tous, gratuitement, même si vous n'avez pas d'assurance maladie."
PMI Ampère,"La PMI Ampère est un centre qui aide les mères et les enfants de moins de 6 ans. Il accompagne les jeunes parents et les femmes enceintes pour les aider à prendre soin de leur santé et de celle de leur enfant. Le centre propose des consultations avant et après la naissance, des actions pour prévenir les problèmes de santé, des activités pour apprendre à éduquer et à planifier sa famille, des consultations pour les problèmes psychologiques et des activités pour les parents et les enfants. Des visites à domicile sont également possibles. Vous pouvez poser vos questions sur la contraception, la sexualité, les infections sexuellement transmissibles, l'interruption de grossesse, les relations de couple et de famille lors d'une consultation avec un médecin ou en parlant avec une conseillère. Le centre est ouvert à tous, gratuitement, même sans assurance maladie."
PMI Paul Langevin,"La PMI Paul Langevin est un centre qui aide les mères et les enfants de moins de 6 ans. Il accompagne les jeunes parents et les femmes enceintes pour les aider à rester en bonne santé. Le centre propose des consultations avant et après la naissance, des actions pour prévenir les problèmes de santé, des activités pour apprendre à éduquer et à planifier sa famille, des consultations avec des psychologues et des puéricultrices. Des visites à domicile sont également possibles. Vous pouvez poser vos questions sur la contraception, la sexualité, les infections sexuellement transmissibles, l'interruption de grossesse, les relations de couple et de famille lors d'une consultation avec un médecin ou un entretien avec une conseillère. Le centre est ouvert à tous, gratuit, avec ou sans assurance maladie."
PMI Étienne Fajon,"La PMI Étienne Fajon est un centre qui aide les mères et les enfants de moins de 6 ans. Il accompagne les jeunes parents et les femmes enceintes pour les aider à prendre soin de leur santé et de celle de leur enfant. Le centre propose des consultations avant et après la naissance, des actions pour prévenir les problèmes de santé, des activités pour aider les parents à éduquer leurs enfants et à planifier leur famille. Vous pouvez également rencontrer un psychologue ou une psychomotricienne pour discuter de vos préoccupations. Des visites à domicile sont possibles. Le centre répond à toutes vos questions sur la contraception, la sexualité, les infections sexuellement transmissibles, l'interruption de grossesse, les relations de couple et de famille. La PMI Étienne Fajon est ouverte à tous, gratuitement, avec ou sans assurance maladie."
PMI Salvador Allende,"La PMI Salvador Allende est un centre qui aide les mères et les enfants de moins de 6 ans. Il accompagne les jeunes parents et les femmes enceintes pour les aider à prendre soin de leur santé et de celle de leur enfant. Le centre propose des consultations avant et après la naissance, des actions pour prévenir les problèmes de santé, des activités pour apprendre à planifier sa famille et des consultations pour les problèmes psychologiques. Des visites à domicile sont également possibles. Vous pouvez poser vos questions sur la contraception, la sexualité, les infections sexuellement transmissibles, l'avortement, les relations amoureuses et familiales lors d'une consultation avec un médecin ou en parlant avec une conseillère. Le centre est ouvert à tous, gratuitement, même sans assurance maladie."
PMI Jean Jaurès,"La PMI Jean Jaurès est un centre qui aide les mères et les enfants de moins de 6 ans. Nous accompagnons les jeunes parents et les femmes enceintes pour les aider à prendre soin de leur santé et de celle de leur enfant. Nous proposons des consultations avant et après la naissance, des actions pour prévenir les problèmes de santé, des activités pour apprendre à être parent, des consultations avec des psychologues et des puéricultrices. Nous faisons aussi des visites à domicile pour aider les familles. Vous pouvez nous poser des questions sur la contraception, la sexualité, les infections sexuellement transmissibles, l'interruption de grossesse, les relations dans le couple et la famille. Notre centre est ouvert à tous, gratuitement, même si vous n'avez pas d'assurance maladie. Nous sommes là pour vous aider et vous soutenir."
PMI Saint-Claude,"La PMI Saint-Claude est un centre qui aide les mères et les enfants de moins de 6 ans. Elle accompagne les jeunes parents et les femmes enceintes pour les aider à prendre soin de leur santé et de celle de leur enfant. La PMI propose des consultations avant et après la naissance, des actions pour prévenir les problèmes de santé, des activités pour aider les parents à éduquer leurs enfants et des consultations pour les aider à gérer les difficultés. Des visites à domicile sont également possibles. Vous pouvez poser vos questions sur la contraception, la sexualité, les infections sexuellement transmissibles, l'avortement, les relations de couple et de famille lors d'une consultation avec un médecin ou un entretien avec une conseillère. La PMI est ouverte à tous, gratuitement, avec ou sans assurance maladie."
Salle de quartier Maladrerie Émile Dubois,La Salle de quartier Maladrerie Émile Dubois propose des services pour aider les gens. Il y a une assistante sociale qui reçoit les gens pour les aider. Il y a aussi des cours pour apprendre le français et l'anglais.
Antenne du CeGIDD départemental à Aulnay-sous-Bois,"L'antenne du CeGIDD à Aulnay-sous-Bois aide à prévenir et à détecter le VIH et les infections sexuellement transmissibles. Elle propose également une introduction à la PrEP, une méthode pour prévenir le VIH, sur rendez-vous. Pour plus d'informations, vous pouvez visiter le site internet de Sida Info Service."
Maison de quartier des Quatre-Chemins - antenne Diderot,"La Maison de quartier des Quatre-Chemins - antenne Diderot est un lieu où les gens du quartier peuvent se rencontrer et partager des activités. C'est un endroit ouvert à tous, où l'on favorise l'échange et la solidarité. La Maison de quartier propose de nombreuses activités à petit prix, en fonction de vos revenus. Vous pouvez vous inscrire pour participer à ces activités. Il y a aussi des permanences gratuites, comme un écrivain public, où vous pouvez vous rendre sans inscription."
Maternité de l'hôpital André Grégoire,"Le service de gynécologie-obstétrique de l'Hôpital de Montreuil offre plusieurs services. Il y a des urgences pour les problèmes de gynécologie et de maternité. Il y a aussi des consultations pour les femmes enceintes et pour les problèmes de gynécologie. Un centre de planification familiale est ouvert du lundi au vendredi de 9h à 12h30 et de 13h30 à 16h30 au 1er étage du bâtiment Lamaze. Ce centre propose des services comme les demandes d'IVG, les tests urinaires de grossesse et la demande de contraception."
PMI Croix Rouge - Vaujours,"La PMI Croix Rouge est un centre qui aide les mères et les enfants de moins de 6 ans. Elle accompagne les jeunes parents et les femmes enceintes pour les aider à prendre soin de leur santé et de celle de leur enfant. La PMI propose des consultations avant et après la naissance, des actions pour prévenir les problèmes de santé, des activités pour apprendre à éduquer et à planifier sa famille, des consultations pour les problèmes psychologiques et des activités pour les parents et les enfants. Des visites à domicile sont également possibles. Vous pouvez poser vos questions sur la contraception, la sexualité, les infections sexuellement transmissibles, l'interruption de grossesse, les relations de couple et de famille lors d'une consultation avec un médecin ou en parlant avec une conseillère. La PMI est ouverte à tous, gratuitement, même sans assurance maladie."
Permanence d'accès aux droits LDH-RESF - le Pré-Gentil,"Le Réseau Education sans Frontières aide les enfants, les familles et les adultes qui n'ont pas de papiers en règle. Il informe et soutient ceux qui étudient, travaillent et vivent ici sans autorisation de séjour, pour les aider à régulariser leur situation. Il organise également un réseau de solidarité pour ceux qui risquent d'être expulsés. Pour contacter le Réseau, il faut prendre rendez-vous en envoyant un SMS au 06 89 97 64 57."
Maison de l'emploi de Bagnolet,La Maison de l'emploi de Bagnolet aide les personnes qui cherchent un travail ou une formation. Elle les informe et les accompagne pour trouver un emploi ou changer de métier. Elle propose des services adaptés à chaque personne et travaille avec des professionnels pour les aider.
Maison de l'emploi de Noisy-le-Sec,"La Maison de l'emploi de Noisy-le-Sec aide les personnes qui cherchent un travail ou une formation. Elle aide aussi les salariés qui veulent changer de projet professionnel. Elle propose des services adaptés à chaque personne en travaillant avec des experts. Vous pouvez avoir accès à : des conseils et ateliers pratiques, des ateliers de recrutement avec des employeurs, de l'aide pour faire un CV et une lettre de motivation, une préparation pour les entretiens d'embauche, la recherche de formation et de contrat en alternance, des réunions d'information sur les métiers."
Centre socioculturel Clara Zetkin,"Le Centre Socioculturel est un lieu ouvert à tous, où les gens peuvent se rencontrer et faire des activités ensemble. Il propose des services et des animations pour aider les gens et favoriser les liens entre les générations. C'est un endroit où les gens peuvent se retrouver, échanger des idées et développer des projets ensemble. Le centre prend en compte les besoins et les idées des habitants et favorise la création d'associations. Il travaille avec d'autres organisations pour trouver des solutions innovantes aux problèmes sociaux et renforcer les partenariats."
Maison de Quartier du Landy,"La Maison de Quartier du Landy est un endroit où tout le monde est bienvenu, quel que soit son âge, sa culture ou ses origines, dans un esprit de respect et de tolérance."
Maison de Quartier Pasteur,"La Maison de Quartier Pasteur est un endroit où tout le monde est bienvenu, quel que soit son âge, sa culture ou ses origines. Elle offre un accueil respectueux et tolérant. Vous pouvez y trouver des permanences pour obtenir des informations sur vos droits, mais aussi des activités sportives et de loisirs pour vous divertir."
Centre Municipal de Santé Bauer,"Le Centre Municipal de Santé Bauer regroupe de nombreux professionnels de santé pour prendre soin de vous de manière globale. Vous pouvez y consulter des médecins généralistes ou spécialistes, recevoir des soins infirmiers ou paramédicaux, faire des prélèvements, etc. Ce centre est ouvert à tous, même à ceux qui ont des difficultés financières. Vous n'aurez pas à payer d'avance, car le centre prend en charge les frais. N'oubliez pas de prendre votre carte vitale ou votre attestation de sécurité sociale lors de votre visite."
Centre Municipal de Santé (CMS) Rue Saint-Denis,"Le Centre Municipal de Santé Saint-Denis est un lieu où de nombreux professionnels de santé travaillent ensemble. Ils offrent des consultations pour adultes et enfants, des soins infirmiers et des prélèvements. Tout le monde peut venir, même si vous n'avez pas beaucoup d'argent. Vous n'aurez pas à payer sur place, car le centre prend en charge les frais avec votre carte vitale ou attestation de sécurité sociale. Vous pouvez prendre rendez-vous en ligne sur Doctolib pour faciliter votre visite."
Centre Social Louise Michel,"Le Centre Social Louise Michel est un lieu ouvert à tous. Il aide les habitants à réaliser leurs projets et à faciliter leur vie quotidienne. Il propose des cours de français, des permanences pour aider les gens avec des problèmes sociaux ou juridiques, et des activités pour se détendre et s'amuser."
Maison de quartier Balavoine,"La Maison de quartier et de la citoyenneté Balavoine offre un espace d'accueil, des services pratiques et des activités diverses, tout cela grâce à la participation active des habitants et des associations locales."
Maison de quartier Brassens - France Services,"La Maison de quartier et de la citoyenneté Brassens offre un espace d'accueil, des services pratiques et des activités diverses, tout cela grâce à la participation active des habitants et des associations locales."
Maison de quartier Sohane - France Services,"La Maison de quartier et de la citoyenneté Sohane offre un accueil chaleureux et des services pratiques. Elle propose également des activités diverses, créées avec l'aide des habitants et des associations locales. De plus, elle est agréée France Services, ce qui signifie qu'elle aide les gens à faire leurs démarches administratives et à utiliser les outils numériques."
Maison pour tous Césaria Evora,"La Maison pour tous Césaria Evora est un lieu qui accueille tout le monde, des enfants en bas âge aux personnes âgées. Il y a beaucoup d'activités pour tous les goûts : ateliers, sorties, etc. Vous pouvez également obtenir des informations sur vos droits. Pour savoir combien coûtent les activités, il faut demander à l'accueil. Les horaires peuvent varier pendant les vacances scolaires. La maison est ouverte un ou deux samedis par mois."
Maison pour tous Youri Gagarine,"La Maison pour tous Youri Gagarine est un lieu qui accueille tout le monde, des enfants en bas âge aux personnes âgées. Il y a beaucoup d'activités pour tous les goûts : ateliers, sorties, etc. Pour connaître les prix, il faut se renseigner à l'accueil. Les horaires peuvent varier pendant les vacances scolaires."
La Maison des Initiatives et de la Citoyenneté,"La Maison des Initiatives et de la Citoyenneté (MIC) est un centre social où les gens peuvent se rencontrer et échanger. C'est un endroit pour partager des connaissances et des compétences, et pour participer à des activités socio-culturelles. La MIC est aussi un lieu d'accueil où les habitants peuvent obtenir des informations sur les services et les structures de la ville, et sur tout ce qui peut les aider dans leur vie quotidienne. C'est un espace où les gens peuvent exprimer leurs besoins, poser des questions et recevoir des orientations et des informations sur les activités et les services proposés par le centre et la ville."
Centre Municipal de Santé Henri Barbusse,"Le Centre Municipal de Santé Henri Barbusse est un lieu où de nombreux professionnels de santé travaillent ensemble pour prendre soin des patients. Ils proposent des consultations avec des médecins généralistes et spécialistes, des soins infirmiers et paramédicaux, ainsi que des prélèvements. Ce centre est ouvert à tous, même aux personnes qui n'ont pas beaucoup d'argent. Il propose le tiers-payant, ce qui signifie que vous n'avez pas à payer d'avance pour vos soins. N'oubliez pas de prendre votre carte vitale ou votre attestation de sécurité sociale. Vous pouvez prendre rendez-vous pour des soins dentaires au 01 49 45 69 0 ou pour des examens radiologiques au 01 49 45 69 26. Il est également possible de prendre rendez-vous en ligne sur Doctolib. Le centre dispose également d'un service appelé Permanence d'Accès aux Soins de Santé (PASS) qui aide les personnes qui ont besoin de soins mais qui n'y ont pas accès en raison de problèmes financiers ou de difficultés sociales. Le PASS propose un accompagnement social et aide les personnes à ouvrir leurs droits à la santé."
France Travail (ex-Pôle emploi) - Aubervilliers,"France Travail aide les personnes à trouver un emploi et peut donner des allocations chômage si certaines conditions sont remplies. Il propose également des aides pour se déplacer lors de la recherche d'un emploi ou pour suivre des formations, mais uniquement si certaines conditions sont respectées."
France Travail (ex-Pôle emploi) - Aulnay-sous-Bois,"France Travail aide les personnes à trouver un emploi et peut donner des allocations chômage si certaines conditions sont remplies. Il propose également des aides pour se déplacer lors de la recherche d'un emploi ou pour suivre des formations, mais uniquement si certaines conditions sont respectées."
France Travail (ex-Pôle emploi) - Bobigny,"France Travail aide les personnes à trouver un emploi et peut donner des allocations chômage si certaines conditions sont remplies. Il propose également des aides pour se déplacer lors de la recherche d'un emploi ou pour suivre des formations, mais uniquement si certaines conditions sont respectées."
France Travail (ex-Pôle emploi) - Bondy,"France Travail aide les personnes à trouver un emploi et peut donner des allocations chômage si certaines conditions sont remplies. Il propose également des aides pour se déplacer lors de la recherche d'un emploi ou pour suivre des formations, mais uniquement si certaines conditions sont respectées."
France Travail (ex-Pôle emploi) - Clichy-sous-Bois,"France Travail aide les personnes à trouver un emploi et peut donner des allocations chômage si certaines conditions sont remplies. Il propose également des aides pour se déplacer lors de la recherche d'un emploi ou pour suivre des formations, mais uniquement si certaines conditions sont respectées."
France Travail (ex-Pôle emploi) - Drancy,"France Travail aide les personnes à trouver un emploi et peut donner des allocations chômage si certaines conditions sont remplies. Il propose également des aides pour se déplacer lors de la recherche d'un emploi ou pour suivre des formations, mais uniquement si certaines conditions sont respectées."
France Travail (ex-Pôle emploi) - Epinay-sur-Seine,"France Travail aide les personnes à trouver un emploi et peut donner des allocations chômage si certaines conditions sont remplies. Il propose également des aides pour se déplacer lors de la recherche d'un emploi ou pour suivre des formations, mais uniquement si certaines conditions sont respectées."
France Travail (ex-Pôle emploi) - La Courneuve,"France Travail aide les personnes à trouver un emploi et peut donner des allocations chômage si certaines conditions sont remplies. Il propose également des aides pour se déplacer lors de la recherche d'un emploi ou pour suivre des formations, mais uniquement si certaines conditions sont respectées."
France Travail (ex-Pôle emploi) - Le Blanc-Mesnil,"France Travail aide les personnes à trouver un emploi et peut donner des allocations chômage si certaines conditions sont remplies. Il propose également des aides pour se déplacer lors de la recherche d'un emploi ou pour suivre des formations, mais uniquement si certaines conditions sont respectées."
France Travail (ex-Pôle emploi) - Livry-Gargan,"France Travail aide les personnes à trouver un emploi et peut donner des allocations chômage si certaines conditions sont remplies. Il propose également des aides pour se déplacer lors de la recherche d'un emploi ou pour suivre des formations, mais uniquement si certaines conditions sont respectées."
France Travail (ex-Pôle emploi) - Montreuil,"France Travail aide les personnes à trouver un emploi et peut donner des allocations chômage si certaines conditions sont remplies. Il propose également des aides pour se déplacer lors de la recherche d'un emploi ou pour suivre des formations, mais uniquement si certaines conditions sont respectées."
France Travail (ex-Pôle emploi) - Neuilly-sur-Marne,"France Travail aide les personnes à trouver un emploi et peut donner des allocations chômage si certaines conditions sont remplies. Il propose également des aides pour se déplacer lors de la recherche d'un emploi ou pour suivre des formations, mais uniquement si certaines conditions sont respectées."
France Travail (ex-Pôle emploi) - Noisy-le-Grand,"France Travail aide les personnes à trouver un emploi et peut donner des allocations chômage si certaines conditions sont remplies. Il propose également des aides pour se déplacer lors de la recherche d'un emploi ou pour suivre des formations, mais uniquement si certaines conditions sont respectées."
France Travail (ex-Pôle emploi) - Noisy-le-Sec,Il semble qu'il n'y ait pas de texte à simplifier. Pourriez-vous me fournir le texte que vous souhaitez que je réécrive en langage clair et accessible à tous ? Je serai ravi de vous aider.
France Travail (ex-Pôle emploi) - Pantin,"France Travail aide les personnes à trouver un emploi et peut donner des allocations chômage si certaines conditions sont remplies. Il propose également des aides pour se déplacer lors de la recherche d'un emploi ou pour suivre des formations, mais uniquement si certaines conditions sont respectées."
France Travail (ex-Pôle emploi) - Rosny-sous-Bois,"France Travail aide les personnes à trouver un emploi et peut donner des allocations chômage si certaines conditions sont remplies. Il propose également des aides pour se déplacer lors de la recherche d'un emploi ou pour suivre des formations, mais uniquement si certaines conditions sont respectées."
France Travail (ex-Pôle emploi) - Saint-Denis,"France Travail aide les personnes à trouver un emploi et peut donner des allocations chômage si certaines conditions sont remplies. Il propose également des aides pour se déplacer lors de la recherche d'un emploi ou pour suivre des formations, mais uniquement si certaines conditions sont respectées."
France Travail (ex-Pôle emploi) - Saint-Ouen,"France Travail aide les personnes à trouver un emploi et peut donner des allocations chômage si certaines conditions sont remplies. Il propose également des aides pour se déplacer lors de la recherche d'un emploi ou pour suivre des formations, mais uniquement si certaines conditions sont respectées."
France Travail (ex-Pôle emploi) - Sevran,"France Travail aide les personnes à trouver un emploi et peut donner des allocations chômage si certaines conditions sont remplies. Il propose également des aides pour se déplacer lors de la recherche d'un emploi ou pour suivre des formations, mais uniquement si certaines conditions sont respectées."
Association La Plage - La Maison Source,"La Maison Source est un endroit où les personnes vivant avec le VIH peuvent se sentir en confiance et trouver de l'aide. Un médiateur est présent chaque jour pour aider les gens à trouver des solutions à leurs problèmes. Vous pouvez partager un repas avec les autres usagers du mardi au vendredi, de 10h à 14h. Il y a aussi des activités : ostéopathie le vendredi après-midi, art-thérapie le dernier mercredi de chaque mois, piscine le mercredi à 13h30, cours de pilâtes deux fois par mois, ateliers de discussion le mardi après-midi et des sorties régulières. Tout se passe dans le respect de la confidentialité."
France Travail (ex-Pôle emploi) - Stains,Il semble qu'il n'y ait pas de texte à simplifier. Pourriez-vous me fournir le texte que vous souhaitez que je réécrive en langage clair et accessible à tous ? Je serai ravi de vous aider.
France Travail (ex-Pôle emploi) - Tremblay-en-France,"France Travail aide les personnes à trouver un emploi et peut donner des allocations chômage si certaines conditions sont remplies. Il propose également des aides pour se déplacer lors de la recherche d'un emploi ou pour suivre des formations, mais uniquement si certaines conditions sont respectées."
La Recyclerie de la Noue,"La Recyclerie de la Noue vend des meubles, des objets et des vêtements à bas prix."
Centre Municipal de Santé (CMS) Savattero,"Le Centre Municipal de Santé Savattero est là pour vous aider à accéder facilement aux soins médicaux. Il regroupe différents spécialistes médicaux et dentaires dans un même endroit. Vous pouvez y trouver des médecins, des dentistes et d'autres professionnels de la santé. Le centre propose également des consultations pour la planification et l'éducation familiale. Les patients peuvent bénéficier du tiers payant si ils présentent leur carte vitale à jour. Il est possible de consulter un médecin généraliste sans rendez-vous tous les jours à 8h30 et 13h30, sauf le samedi, mais uniquement pour les 9 premières personnes qui se présentent."
Centre Municipal de Santé Léo Lagrange,"Le Centre Municipal de Santé Léo Lagrange est là pour vous aider à accéder facilement aux soins médicaux. Il regroupe plusieurs spécialités médicales dans un même endroit pour vous offrir un service de qualité. Vous pouvez y trouver des consultations avec des gynécologues, des infirmières et des conseillères conjugales et familiales. Le centre accepte le tiers payant pour tous les assurés sociaux, il suffit de présenter votre carte vitale à jour. Pour prendre rendez-vous, vous pouvez appeler : <a href=""tel:017189257"">01 71 89 25 57</a> pour l'accueil médical ou <a href=""tel:0171892567"">01 71 89 25 67</a> pour l'accueil kinésithérapie."
Centre Municipal de Santé Daniel Renoult,"Le Centre Municipal de Santé Daniel Renoult est là pour aider tout le monde à avoir accès aux soins médicaux. Il regroupe différents spécialistes médicaux et dentaires dans un même endroit. Les patients reçoivent un service de qualité. Le centre propose aussi des consultations pour la planification et l'éducation familiale avec des gynécologues, des infirmières et des conseillères. Pour les personnes ayant une carte vitale à jour, le centre prend en charge le paiement direct des soins, sans que les patients aient à payer d'avance."
PIMMS de Sevran,"Le PIMMS de Sevran est un lieu d'accueil gratuit ouvert à tous. Il aide les gens à accéder aux services publics et à faire leurs démarches administratives. L'association aide aussi les personnes qui ont des problèmes d'argent, comme des dettes ou des difficultés avec leur banque. Le PIMMS de Sevran est reconnu par deux labels importants : Point Conseil Budget et France Services."
Service Insertion - ESSOR 93,"Le service insertion de l'association ESSOR 93 aide les jeunes de 18 à 30 ans qui ont été suivis par l'Aide Sociale à l'Enfance de la Seine-Saint-Denis. Il les accompagne pour qu'ils deviennent autonomes. Pour bénéficier de cet accompagnement, il faut appeler le secrétariat pour faire une demande. Un responsable étudiera votre demande après un entretien téléphonique. Si votre projet correspond à ce que fait le service, vous serez invité à un entretien en personne. Si tout se passe bien, vous signerez un contrat avec un référent qui vous aidera à atteindre vos objectifs."
ASAFI - Romain-Rolland,"L'ASAFI est une association qui est présente dans plusieurs quartiers de Saint-Denis, comme Joliot-Curie, Romain-Rolland et le Centre-ville. L'ASAFI de Romain-Rolland propose des cours de français pour adultes qui ont besoin de soutien pour améliorer leur langue, notamment avec l'aide de l'Appui au Soutien et à l'Accompagnement pour la Formation et l'Insertion (ASAFI)."
ASAFI - Centre-ville,"L'ASAFI est une association qui aide les élèves à Saint-Denis. Elle est présente dans plusieurs quartiers comme Joliot-Curie, Romain-Rolland et le Centre-ville. L'ASAFI propose une aide pour les devoirs pour les élèves de la primaire au lycée. Cela permet de les aider à rester à l'école et à réussir. Pour en savoir plus ou pour vous inscrire, vous pouvez appeler au 09 50 37 74 09 avant de vous rendre sur place."
Centre social les Trois Quartiers,"Le Centre social les Trois Quartiers d'Aulnay-sous-Bois est un lieu ouvert à tous. Il aide les familles dans la vie quotidienne. Il propose des services comme un écrivain public, des cours de français et un atelier numérique. Il organise aussi des activités pour tous."
Espace Multimédia OMJA,"L'Espace Multimédia OMJA à Aubervilliers aide les gens à apprendre et à utiliser les ordinateurs et les technologies. Des animateurs spécialisés sont là pour accueillir et aider les gens à utiliser ces outils. L'Espace Multimédia OMJA propose des ateliers pour apprendre à utiliser les ordinateurs, de l'aide pour les devoirs et d'autres ateliers. Il y a aussi des activités et des séjours pendant les vacances scolaires."
Médiathèque Henri Michaux,"La médiathèque Henri Michaux offre de nombreux services : des livres et journaux à lire sur place, des espaces pour travailler et réviser, des animations comme des spectacles et des ateliers, des ordinateurs à disposition, ainsi que la possibilité d'emprunter des documents. Tous les services des médiathèques de Plaine Commune sont gratuits et ouverts à tous. Pour en savoir plus, vous pouvez visiter le site : https://www.mediatheques-plainecommune.fr/loffre-des-mediatheques"
Médiathèque Paul Eluard,"La médiathèque Paul Eluard offre de nombreux services : des livres et journaux à lire sur place, des espaces pour travailler et réviser, des animations comme des spectacles et des ateliers, des ordinateurs à utiliser librement, ainsi que la possibilité d'emprunter des documents. Tous les services des médiathèques de Plaine Commune sont gratuits et ouverts à tous. Pour en savoir plus, vous pouvez visiter le site : https://www.mediatheques-plainecommune.fr/loffre-des-mediatheques"
Bibliothèque Dumont,"Les bibliothèques offrent des livres et des documents à consulter gratuitement. Vous pouvez également utiliser des ordinateurs avec internet et imprimer des documents dans certaines bibliothèques. Pour emprunter des documents, il vous faut une pièce d'identité, un justificatif de domicile et, si vous avez moins de 18 ans, une autorisation de vos parents."
Centre social Mitry-Ambourget,"Le Centre Social Mitry-Ambourget offre plusieurs services : <b>accompagnement en ligne</b> pour vous aider avec vos démarches administratives, <b>permanences de juriste</b> pour des conseils juridiques et <b>écrivain public</b> pour vous aider à rédiger vos documents. Vous pouvez également utiliser <b>des ordinateurs</b> gratuitement. Le centre propose aussi : <b>accompagnement à la parentalité</b> pour les parents, <b>soutien aux personnes âgées</b> pour lutter contre l'isolement et des <b>ateliers de bien-être</b> comme l'aromathérapie et la naturopathie."
Secours Populaire - Fédération de la Seine-Saint-Denis,Il semble qu'il n'y ait pas de texte à simplifier. Pourriez-vous me fournir le texte que vous souhaitez que je réécrive en langage clair et accessible à tous ? Je serai ravi de vous aider.
Mission Locale de la Lyr - Le Pré-Saint-Gervais,"La Mission locale de la Lyr au Pré-Saint-Gervais aide les jeunes de 16 à 25 ans qui ont quitté l'école. Un conseiller est là pour les aider personnellement. La Mission locale peut vous aider à : définir votre projet professionnel, trouver un emploi ou une formation, partir travailler à l'étranger, connaître vos droits en matière de santé, de logement, de garde d'enfants, etc."
CSAPA Boucebci,"Le CSAPA Boubebci de l'Hôpital Jean-Verdier est un centre qui aide les personnes ayant des problèmes d'addiction. Il peut s'agir de drogue, d'alcool, de médicaments ou d'autres pratiques. Ce centre accueille non seulement la personne concernée, mais aussi sa famille et ses amis. Les personnes qui viennent ici peuvent bénéficier d'une aide globale, qui comprend des soins psychologiques, sociaux, éducatifs et médicaux. Les CSAPA sont des lieux confidentiels et gratuits, présents dans tous les départements de France. Ils proposent également des dispositifs spécifiques, tels que le Dispositif Jeunes Consommateur et le Dispositif Parentalités et Addictions, pour aider les jeunes et les parents à faire face aux addictions."
Centre Municipal de Santé (CMS) Le Cygne,"Le Centre Municipal de Santé Le Cygne à Saint-Denis offre des consultations médicales générales et spécialisées sur rendez-vous. Des soins infirmiers sont disponibles tous les matins sans rendez-vous. Le centre propose également des vaccinations gratuites. Il y a aussi un service appelé Permanence d'Accès aux Soins de Santé (PASS) qui aide les personnes qui ont besoin de soins mais qui n'y ont pas accès en raison de problèmes financiers ou de protection sociale. Ce service offre un accompagnement social et aide à ouvrir des droits de santé. Pour les consultations médicales, vous devez payer au tarif conventionné par la Sécurité Sociale et il est recommandé d'avoir votre Carte Vitale pour bénéficier du tiers payant."
Centre Municipal de Santé (CMS) Les Moulins,"Le Centre Municipal de Santé Les Moulins à Saint-Denis offre des consultations médicales générales et spécialisées sur rendez-vous. Des soins infirmiers sont disponibles tous les matins sans rendez-vous. Le centre propose également des vaccinations gratuites, des consultations diététiques et des consultations avec une conseillère conjugale. Il y a aussi un service appelé Permanence d'Accès aux Soins de Santé (PASS) qui aide les personnes qui n'ont pas d'assurance maladie à accéder aux soins. Pour consulter un médecin, il faut payer le tarif normal de la Sécurité Sociale et avoir une Carte Vitale pour que l'assurance prenne en charge les frais."
Centre Municipal de Santé (CMS) La Plaine,"Le Centre Municipal de Santé La Plaine à Saint-Denis offre des consultations médicales générales avec ou sans rendez-vous, et des consultations spécialisées sur rendez-vous. Des soins infirmiers sont disponibles tous les jours, avec ou sans rendez-vous. Le centre propose également des consultations dentaires sur rendez-vous et un service de vaccinations gratuit. Il dispose d'un service d'accueil pour les personnes qui ont besoin de soins mais n'y ont pas accès, en raison de problèmes financiers ou de protection sociale. Toutes les consultations médicales sont payables au tarif conventionné par la Sécurité Sociale, il est nécessaire d'avoir une Carte Vitale pour bénéficier du tiers payant. Le centre est également un lieu de planification et d'éducation familiale, avec des services gratuits et/ou anonymes si besoin. Pour consulter, il est nécessaire de prendre rendez-vous au préalable, soit par téléphone, soit en se rendant sur place, soit en ligne sur saintdenis.contactsante.fr."
Centre Médical et Dentaire Elise,"Le Centre Médical et Dentaire Elise à Saint-Denis offre des consultations médicales et dentaires avec ou sans rendez-vous. Il est ouvert à tous, quel que soit votre revenu ou votre statut. Vous pouvez venir si vous avez une mutuelle, la CMU, l'AME ou d'autres avantages. Le centre prend en charge les frais directement avec la plupart des mutuelles. Les consultations dentaires sans rendez-vous sont possibles du lundi au vendredi de 9h à 16h et le samedi de 9h à 14h. Les consultations de médecine générale sans rendez-vous sont possibles du lundi au jeudi de 9h à 17h et le vendredi de 9h à 12h."
Centre Municipal de Santé (CMS) de Neuilly-Plaisance,"Le Centre Municipal de Santé de Neuilly-Plaisance est ouvert du lundi au samedi, sauf le mercredi après-midi. Vous pouvez y aller pour des consultations de médecine générale et des soins infirmiers, mais il faut prendre rendez-vous. Le centre propose aussi des vaccinations gratuites. Pour les consultations médicales, vous payez le tarif habituel de la Sécurité Sociale. N'oubliez pas de prendre votre Carte Vitale pour que la Sécurité Sociale paie directement. Le centre est ouvert le matin les 1er et 3ème samedis du mois."
Centre médico-social Paul Schmierer,"Le centre médico-social (CMS) Paul Schmierer est un lieu qui aide les gens avec des difficultés. Il propose : informations et conseils, orientation médicale et sociale, consultations médicales, dépistage et prévention, soins infirmiers. Le CMS offre aussi : planning familial, vaccination, soins dentaires, consultations avec des spécialistes."
Centre Municipal de Santé Elsa Rustin,"Le Centre Municipal de Santé Elsa Rustin à Bagnolet offre des consultations médicales générales et spécialisées sur rendez-vous. Des soins infirmiers sont disponibles tous les matins sans rendez-vous. Le centre propose également des vaccinations gratuites. Pour les consultations médicales, il faut payer le tarif fixé par la Sécurité Sociale. N'oubliez pas de prendre votre Carte Vitale pour bénéficier du paiement direct par la Sécurité Sociale."
Centre dentaire Elsa Rustin,"Le Centre dentaire Elsa Rustin offre des consultations pour les soins dentaires. Vous pouvez venir pour des soins généraux ou spécialisés, mais il faut prendre rendez-vous. Les consultations sont payées au tarif décidé par la Sécurité Sociale. Pour être remboursé directement, il faut apporter sa Carte Vitale. Le centre propose plusieurs spécialités : soins dentaires pour adultes et enfants, orthodontie, prothèses dentaires, bilans de santé pour les jeunes, traitement des gencives, prothèses sur implant et chirurgie buccale."
Centre médico-psycho-pédagogique (CMPP),"Le Centre Médico-Psycho-Pédagogique (CMPP) de Bagnolet est un lieu où les enfants et adolescents de 0 à 20 ans peuvent recevoir des soins pour leurs problèmes de santé mentale. Les CMPP aident les enfants qui ont des troubles psychiques. Ils proposent des consultations avec différents professionnels de la santé, comme des pédo-psychiatres, des psychologues, des orthophonistes, des psychomotriciens et des assistantes sociales. Ces consultations sont gratuites et confidentielles, et sont remboursées par la sécurité sociale. Le CMPP permet aux enfants de suivre une thérapie sans avoir à quitter leur famille et leur environnement habituel. La sécurité sociale prend en charge les soins proposés au CMPP à 100%, mais il faut d'abord faire une demande de prise en charge."
Centre Municipal de Santé Louise Michel,"Le Centre Municipal de Santé Louise Michel à Romainville offre des consultations médicales sur rendez-vous. Vous pouvez y consulter un médecin généraliste ou un spécialiste. Le centre propose également des vaccinations gratuites. Pour consulter un médecin, vous devez payer le tarif fixé par la Sécurité Sociale. N'oubliez pas de prendre votre Carte Vitale pour que la Sécurité Sociale prenne en charge les frais."
Centre médico-psycho-pédagogique (CMPP),"Le Centre Médico-Psycho-Pédagogique (CMPP) de Romainville est un lieu où les enfants et adolescents de 0 à 20 ans peuvent recevoir des soins et des conseils. Les CMPP aident les jeunes qui ont des problèmes de santé mentale. Ils offrent des consultations gratuites avec plusieurs professionnels de la santé, et tout est confidentiel. Le CMPP propose : des consultations pour diagnostiquer et soigner les problèmes de santé mentale, des bilans pour évaluer les capacités psychologiques, des bilans et des suivis pour améliorer la parole et le langage, des conseils pour aider les enfants à apprendre et à grandir, et des activités pour améliorer la motricité."
Centre municipal de santé pluridisciplinaire (CMSP) Pierre Rouquès,"Le Centre municipal de santé Pierre Rouquès au Blanc Mesnil propose des consultations médicales. Vous pouvez consulter un médecin généraliste avec ou sans rendez-vous. Pour les spécialistes, il faut prendre rendez-vous. Le centre offre aussi des vaccinations gratuites. Pour consulter, il faut payer le tarif fixé par la Sécurité Sociale. Il est nécessaire d'avoir une Carte Vitale pour que la Sécurité Sociale paie directement. Pour prendre rendez-vous, vous pouvez téléphoner, vous rendre sur place ou utiliser le site Doctolib. Le centre a un service appelé Permanence d'Accès aux Soins de Santé (PASS) qui aide les personnes qui ont des difficultés à accéder aux soins de santé. Ce service offre un accueil sans condition et aide les personnes à obtenir des soins et à ouvrir leurs droits à la santé."
Centre municipal de santé pluridisciplinaire (CMSP) Docteur Kaplan,"Le Centre municipal de santé pluridisciplinaire (CMSP) Docteur Kaplan au Blanc Mesnil propose des consultations médicales sur rendez-vous. Vous pouvez consulter un médecin généraliste ou spécialiste. Le centre offre également des vaccinations gratuites. Pour consulter, vous devez payer le tarif conventionné par la Sécurité Sociale. Il faut avoir une Carte Vitale pour que la Sécurité Sociale paie directement. Pour prendre rendez-vous, vous pouvez téléphoner, vous rendre sur place ou utiliser le site Doctolib. Le centre a aussi un service appelé Permanence d'Accès aux Soins de Santé (PASS) qui aide les personnes qui n'ont pas accès aux soins de santé pour des raisons financières ou sociales. Ce service offre un accueil et un accompagnement pour aider les personnes à obtenir des soins et à ouvrir leurs droits à la santé."
Centre Municipal de Santé Fernand Goulène,"Le Centre Municipal de Santé Fernand Goulène à Noisy-le-Sec offre des consultations médicales. Vous pouvez voir un médecin généraliste ou un spécialiste sur rendez-vous. Les consultations sont payantes, mais au tarif fixé par la Sécurité Sociale. Pour être remboursé directement, il faut apporter votre Carte Vitale."
Pôle Municipal de Santé,"Le Pôle Municipal de Santé à Tremblay-en-France offre des consultations médicales sur rendez-vous. Vous pouvez voir un médecin généraliste ou un spécialiste. Il y a aussi un service de vaccination gratuit. Pour les consultations, vous payez le tarif habituel de la Sécurité Sociale. N'oubliez pas de prendre votre Carte Vitale pour que la Sécurité Sociale prenne en charge les frais."
Centre municipal déducation pour la santé Louis Pasteur,"Le Centre Municipal d&#39;éducation pour la santé Louis Pasteur à Aulnay-sous-Bois offre des consultations médicales. Vous pouvez voir un médecin généraliste ou un spécialiste sur rendez-vous. Les consultations coûtent le tarif habituel de la Sécurité Sociale. Il faut apporter votre Carte Vitale pour que la Sécurité Sociale paie directement. Vous pouvez prendre rendez-vous sur <a href=""https://aulnaysousbois.contactsante.fr/RendezVous"">le site internet</a>, par téléphone ou en allant directement au centre."
Point Accueil Prévention Santé (PAPS),"Le Point Accueil Prévention Santé (PAPS) de Villetaneuse est un lieu où vous pouvez obtenir de l'aide pour vos problèmes de santé. Il vous accueille, vous renseigne et vous aide dans vos démarches. Le PAPS propose deux types de services : <b>sur rendez-vous</b> vous pouvez bénéficier d'un appui psychologique le mercredi de 10h à 17h. <b>Sans rendez-vous</b>, vous pouvez également obtenir des vaccinations gratuites, mais uniquement un mercredi sur deux, de 17h à 18h30."
Centre Municipal de Santé (CMS) de Sevran,"Le Centre Municipal de Santé offre des consultations médicales sur rendez-vous. Vous pouvez y rencontrer un médecin généraliste ou un spécialiste. Il propose également des soins infirmiers et des vaccinations gratuites. Pour consulter un médecin, vous devez payer le tarif fixé par la Sécurité Sociale. N'oubliez pas de prendre votre Carte Vitale pour que les frais soient directement pris en charge."
CMP Enfants et Adolescents du Bourget,"Le Centre médico-psychologique (CMP) du Bourget aide les enfants et adolescents qui ont des problèmes psychologiques. Des spécialistes comme un pédopsychiatre, un psychologue et un orthophoniste sont là pour les aider. Le CMP a deux buts : soigner et prévenir les problèmes. Il propose des consultations gratuites, prises en charge par la sécurité sociale, et anonymes."
Centre Municipal de Santé (CMS) des Pavillons-sous-Bois,"Le Centre Municipal de Santé des Pavillons-sous-Bois offre des consultations médicales générales et spécialisées sur rendez-vous. Le tiers payant est accepté pour tous les assurés sociaux. Vous n'aurez qu'à payer la part non remboursée par l'Assurance Maladie. Pour cela, il vous suffit de présenter à chaque consultation : votre carte vitale à jour, la notification de prises en charge, l'attestation CMU ou la carte d'Aide Médicale de l'Etat."
Centre Municipal de Santé de Dugny,"Le Centre Municipal de Santé de Dugny offre des consultations médicales sur rendez-vous. Vous pouvez voir un médecin généraliste ou un spécialiste. Des infirmières sont aussi disponibles le matin pour des soins sur rendez-vous. Le centre propose des vaccinations gratuites. Pour les consultations médicales, vous payez le tarif habituel de la Sécurité Sociale. N'oubliez pas de prendre votre Carte Vitale pour que la Sécurité Sociale paie directement. Vous pouvez prendre rendez-vous au 01 49 92 66 33 ou sur le site Keldoc."
Centre Municipal de Santé (CMS) Isabet,"Le Centre Municipal de Santé Isabet à Pantin offre des consultations médicales générales et spécialisées sur rendez-vous. Il propose également des vaccinations gratuites. Le centre dispose d'un service appelé Permanence d'Accès aux Soins de Santé (PASS) qui aide les personnes qui ont besoin de soins médicaux mais qui n'y ont pas accès en raison de problèmes financiers ou de protection sociale. Le PASS offre un accompagnement social et aide à ouvrir des droits de santé. Pour les consultations médicales, il faut payer le tarif conventionné par la Sécurité Sociale, il est donc nécessaire d'avoir une Carte Vitale pour bénéficier du tiers payant."
Centre Municipal de Santé  (CMS) Ténine,"Le Centre Municipal de Santé Ténine à Pantin offre des consultations médicales générales et spécialisées sur rendez-vous. Vous pouvez également recevoir des soins infirmiers sans rendez-vous. Le centre propose des vaccinations gratuites. Il y a aussi un service appelé Permanence d'Accès aux Soins de Santé (PASS) qui aide les personnes qui ont besoin de soins mais qui n'y ont pas accès en raison de problèmes financiers ou de protection sociale. Ce service offre un accompagnement social et aide à ouvrir des droits de santé. Pour les consultations médicales, vous payez le tarif conventionné par la Sécurité Sociale et vous devez avoir votre Carte Vitale pour bénéficier du tiers payant."
Centre Municipal de Santé (CMS) Sainte-Marguerite,"Le Centre Municipal de Santé Cornet à Pantin propose des consultations médicales sur rendez-vous. Il y a des médecins généralistes et spécialistes. Le CMS Sainte-Marguerite a aussi un service appelé Permanence d'Accès aux Soins de Santé (PASS). Ces services aident les personnes qui ont besoin de soins médicaux mais qui n'y ont pas accès parce qu'elles n'ont pas de protection sociale, parce que leur situation de vie est difficile ou parce qu'elles n'ont pas les moyens financiers. La PASS aide également les gens à résoudre leurs problèmes sociaux et à obtenir des droits de santé. Pour les consultations médicales, vous devez payer le tarif fixé par la Sécurité Sociale. Il faut avoir votre Carte Vitale pour que la Sécurité Sociale paie directement. Vous pouvez prendre rendez-vous sur place, en appelant le 01 49 15 45 09 ou en utilisant Doctolib."
Centre Municipal de Santé (CMS) de Gagny,"Le Centre Municipal de Santé de Gagny offre des consultations médicales sur rendez-vous. Vous pouvez consulter un médecin généraliste ou un spécialiste. Le centre propose aussi des vaccinations gratuites. Pour les consultations, vous payez le tarif habituel de la Sécurité Sociale. N'oubliez pas de prendre votre Carte Vitale pour que la Sécurité Sociale prenne en charge les frais."
Centre Municipal de Santé (CMS) Pierrefitte-sur-Seine,"Le Centre Municipal de Santé de Pierrefitte-sur-Seine propose des consultations médicales sur rendez-vous. Vous pouvez consulter un médecin généraliste ou un spécialiste. Le centre propose aussi des vaccinations gratuites. Pour consulter un médecin, vous devez payer le tarif fixé par la Sécurité Sociale. Il faut avoir votre Carte Vitale pour que la Sécurité Sociale paie directement. Le centre a aussi un service appelé Permanence d'Accès aux Soins de Santé (PASS). Ce service aide les personnes qui ont besoin de soins médicaux mais qui n'y ont pas accès parce qu'elles n'ont pas de protection sociale, parce que leur situation financière est difficile ou parce que leur vie est compliquée. La PASS offre un accompagnement social et aide les gens à obtenir des droits de santé."
Centre Municipal de Santé (CMS) Henri Tauleigne,"Le Centre Municipal de Santé Henri Tauleigne à Bondy offre des consultations médicales sur rendez-vous. Vous pouvez y aller pour des problèmes de santé généraux ou pour des spécialités médicales. Le centre propose aussi des vaccinations gratuites pour les personnes de 6 ans et plus. Pour les consultations, vous devez payer le tarif habituel de la Sécurité Sociale. N'oubliez pas de prendre votre Carte Vitale pour que la Sécurité Sociale paie directement. Le centre est ouvert un samedi sur deux, le matin de 8h30 à 13h."
Centre Municipal de Santé (CMS) Henri Wallon,"Le Centre Municipal de Santé Henri Wallon à Drancy offre des consultations médicales générales et spécialisées, avec ou sans rendez-vous. Il propose également des vaccinations gratuites. Pour les consultations, vous payez le tarif fixé par la Sécurité Sociale. N'oubliez pas de prendre votre Carte Vitale pour que la Sécurité Sociale prenne en charge les frais."
Centre Municipal de Santé (CMS) des Bois de Groslay,"Le Centre Municipal de Santé des Bois de Groslay à Drancy offre des consultations médicales générales et spécialisées, avec ou sans rendez-vous. Il propose également des vaccinations gratuites. Pour les consultations médicales, vous payez le tarif fixé par la Sécurité Sociale. N'oubliez pas de prendre votre Carte Vitale pour bénéficier du paiement direct par la Sécurité Sociale."
Centre Municipal de Santé (CMS) Corentin Celton,"Le Centre Municipal de Santé Corentin Celton à Drancy offre des consultations médicales générales et spécialisées sur rendez-vous. Il propose également des vaccinations gratuites. Pour les consultations médicales, vous payez le tarif fixé par la Sécurité Sociale. N'oubliez pas de prendre votre Carte Vitale pour bénéficier du tiers payant."
Centre Municipal de Santé (CMS) Pierre Sémard,"Le Centre Municipal de Santé Pierre Sémard à Drancy offre des consultations médicales. Vous pouvez voir un médecin généraliste ou un spécialiste avec ou sans rendez-vous. Le centre propose aussi des vaccinations gratuites. Pour les consultations, vous payez le tarif habituel de la Sécurité Sociale. N'oubliez pas de prendre votre Carte Vitale pour que la Sécurité Sociale prenne en charge les frais."
Centre Dentaire Municipal Paul Vaillant Couturier,"Le Centre Dentaire Paul Vaillant Couturier offre des consultations dentaires générales et spécialisées sur rendez-vous. Les consultations sont payables au tarif fixé par la Sécurité Sociale. Pour bénéficier du paiement direct, il faut avoir sa Carte Vitale. En cas d'urgence, une permanence dentaire est assurée les dimanches et jours fériés. Pour trouver le dentiste de garde, appelez le 01 43 01 00 26."
Centre Polyvalent de Santé Aimé Césaire,"Le Centre Polyvalent de Santé Aimé Césaire à Bobigny offre des consultations médicales générales et spécialisées, avec ou sans rendez-vous. Il propose également des vaccinations gratuites. Pour les consultations médicales, vous payez le tarif fixé par la Sécurité Sociale. N'oubliez pas de prendre votre Carte Vitale pour bénéficier du paiement direct par la Sécurité Sociale."
Centre Municipal de Santé (CMS) Simone Veil,"Le Centre Municipal de Santé Simone Veil à Livry-Gargan propose des consultations médicales sur rendez-vous. Vous pouvez consulter un médecin généraliste ou spécialiste. Les consultations sont payables au tarif fixé par la Sécurité Sociale. Pour bénéficier du tiers payant, il faut présenter sa Carte Vitale. Pour ne payer que le ticket modérateur, il faut présenter : la Carte Vitale, la notification de prise en charge à 100 %, l'attestation CMU, la carte d'aide médicale de l'État ou la carte mutuelle. Vous pouvez prendre rendez-vous sur le site de la ville <a href=""http://livry-gargan.fr"">livry-gargan.fr</a> ou sur <a href=""http://www.doctolib.fr"">www.doctolib.fr</a>. Le Centre dispose également d'un service d'accueil pour les personnes qui ont besoin de soins mais n'y ont pas accès. Ce service propose un accompagnement social et aide à ouvrir des droits de santé."
Centre Municipal de Santé (CMS) Colette Coulon,"Le Centre Municipal de Santé de Stains offre des consultations médicales générales et spécialisées, avec ou sans rendez-vous. Il propose également des vaccinations gratuites. Vous pouvez également obtenir de l'aide pour accéder à vos droits, comme l'AME ou la CMU. Un service spécialisé dans les addictions liées à l'alcool est également disponible. Pour les consultations médicales, vous payez le tarif fixé par la Sécurité Sociale. N'oubliez pas de prendre votre Carte Vitale pour bénéficier du tiers payant."
CMP Bagnolet,"Le Centre médico-psychologique (CMP) de Bagnolet offre des consultations pour les personnes ayant des problèmes de santé mentale. Des professionnels de la santé comme des psychiatres, des psychologues, des infirmières et des assistants sociaux travaillent ensemble pour aider les patients. Le CMP a deux objectifs : soigner et prévenir les problèmes de santé mentale. Les consultations sont gratuites et prises en charge par la sécurité sociale, et les personnes peuvent venir sans donner leur nom."
CMP Saint-Denis,"Le Centre médico-psychologique (CMP) de Saint-Denis offre des consultations pour les personnes ayant des problèmes de santé mentale. Des professionnels de la santé comme des psychiatres, des psychologues, des infirmières et des assistants sociaux travaillent ensemble pour aider les patients. Le CMP a deux objectifs : soigner et prévenir les problèmes de santé mentale. Les consultations sont gratuites et confidentielles, prises en charge par la sécurité sociale."
CMP Saint-Ouen-sur-Seine,"Le Centre médico-psychologique (CMP) de Saint-Ouen offre des consultations pour les personnes ayant des problèmes de santé mentale. Des professionnels de la santé comme des psychiatres, des psychologues, des infirmières et des assistants sociaux travaillent ensemble pour aider les patients. Le CMP a deux objectifs : soigner et prévenir les problèmes de santé mentale. Les consultations sont gratuites et anonymes, prises en charge par la sécurité sociale. Le CMP accueille les personnes de Saint-Ouen, de la Plaine Saint-Denis et de l'Ile Saint-Denis."
CMP Tagore - Epinay-sur-Seine,"Le Centre médico-psychologique Tagore à Epinay-sur-Seine offre des consultations pour les personnes ayant des problèmes de santé mentale. Des professionnels de la santé comme des psychiatres, des psychologues, des infirmières et des assistants sociaux travaillent ensemble pour aider les patients. Le centre a deux objectifs : soigner et prévenir les problèmes de santé mentale. Les consultations sont gratuites et confidentielles, prises en charge par la sécurité sociale."
CMP La Courneuve,"Le Centre médico-psychologique (CMP) de la Courneuve offre des consultations pour les personnes ayant des problèmes de santé mentale. Des professionnels de la santé comme des psychiatres, des psychologues, des infirmières et des assistants sociaux travaillent ensemble pour aider les patients. Le CMP a deux objectifs : soigner et prévenir les problèmes de santé mentale. Les consultations sont gratuites et prises en charge par la sécurité sociale, et les personnes peuvent venir sans donner leur nom."
CMP Stains,"Le Centre médico-psychologique (CMP) de Stains offre des consultations pour les personnes ayant des problèmes de santé mentale. Des professionnels de la santé comme des psychiatres, des psychologues, des infirmières et des assistants sociaux travaillent ensemble pour aider les patients. Le CMP a deux objectifs : soigner et prévenir les problèmes de santé mentale. Les consultations sont gratuites et prises en charge par la sécurité sociale, et les personnes peuvent venir sans donner leur nom."
CMP Drancy,"Le Centre médico-psychologique (CMP) de Drancy offre des consultations pour les personnes ayant des problèmes de santé mentale. Des professionnels de la santé comme des psychiatres, des psychologues, des infirmières et des assistants sociaux travaillent ensemble pour aider les patients. Le CMP a deux objectifs : soigner et prévenir les problèmes de santé mentale. Les consultations sont gratuites et prises en charge par la sécurité sociale, et les personnes peuvent venir sans donner leur nom."
CMP Aubervilliers,"Le Centre médico-psychologique (CMP) d'Aubervilliers offre des consultations pour les personnes ayant des problèmes de santé mentale à partir de 15 ans. Les professionnels de santé qui y travaillent incluent des psychiatres, des psychologues, des infirmières et des assistants sociaux. Le CMP a deux objectifs : soigner et prévenir les problèmes de santé mentale. Il propose également des visites à domicile, un hôpital de jour et un service de crise. Vous pouvez vous rendre au Centre d'Accueil et de Crise sans rendez-vous. Les consultations sont gratuites et anonymes, prises en charge par la sécurité sociale."
CMP Rosny-sous-Bois,"Le Centre médico-psychologique (CMP) de Rosny-sous-Bois aide les personnes qui ont des problèmes de santé mentale. Il y a des médecins, des psychologues, des infirmières et des assistants sociaux qui travaillent ensemble pour aider les gens. Le CMP a deux buts : soigner les personnes et les aider à éviter les problèmes de santé mentale. Les consultations sont gratuites et confidentielles, et vous pouvez prendre rendez-vous en appelant le 0148945582."
CMP Maréchal Leclerc adolescents - Neuilly-sur-Marne,"Le Centre médico-psychologique (CMP) de Neuilly-sur-Marne aide les adolescents qui ont des problèmes de santé mentale. Le CMP est un endroit où travaillent ensemble des médecins, des psychologues, des infirmières, des assistants sociaux et d'autres professionnels de la santé mentale. Le CMP a deux objectifs : soigner et prévenir les problèmes de santé mentale. Il propose des consultations gratuites, prises en charge par la sécurité sociale, et anonymes."
CMP Montreuil,"Le Centre médico-psychologique (CMP) de Montreuil offre des consultations pour les personnes ayant des problèmes de santé mentale. Des professionnels de la santé comme des psychiatres, des psychologues, des infirmières et des assistants sociaux travaillent ensemble pour aider les patients. Le CMP a deux objectifs : soigner et prévenir les problèmes de santé mentale. Les consultations sont gratuites et prises en charge par la sécurité sociale, et les personnes peuvent venir sans donner leur nom."
CMP Noisy-le-Sec,"Le Centre médico-psychologique (CMP) de Noisy-le-Sec offre des consultations pour les personnes ayant des problèmes de santé mentale. Des professionnels de la santé comme des psychiatres, des psychologues, des infirmières et des assistants sociaux travaillent ensemble pour aider les patients. Le CMP a deux objectifs : soigner et prévenir les problèmes de santé mentale. Après une première évaluation, des consultations gratuites et anonymes sont proposées, mais uniquement sur rendez-vous, et sont prises en charge par la sécurité sociale."
CMP Bobigny,"Le Centre médico-psychologique (CMP) de Bobigny offre des consultations pour les personnes ayant des problèmes de santé mentale. Des professionnels de la santé comme des psychiatres, des psychologues, des infirmières et des assistants sociaux travaillent ensemble pour aider les patients. Le CMP a deux objectifs : soigner et prévenir les problèmes de santé mentale. Les consultations sont gratuites et confidentielles, prises en charge par la sécurité sociale. Pour prendre rendez-vous, il faut appeler par téléphone, car il n'y a pas d'accueil en personne pour les nouveaux patients. Si c'est une urgence, il faut aller aux urgences psychiatriques de l'hôpital, car le CMP ne peut pas gérer les situations d'urgence."
CMP Bondy,"Le Centre médico-psychologique (CMP) de Bondy offre des consultations pour les personnes ayant des problèmes de santé mentale. Des professionnels de la santé comme des psychiatres, des psychologues, des infirmières et des assistants sociaux travaillent ensemble pour aider les patients. Le CMP a deux objectifs : soigner et prévenir les problèmes de santé mentale. Les consultations sont gratuites et prises en charge par la sécurité sociale, et les personnes peuvent venir sans donner leur nom."
CMP Montfermeil,"Le Centre médico-psychologique (CMP) de Montfermeil offre des consultations pour les personnes ayant des problèmes de santé mentale. Des professionnels de la santé comme des psychiatres, des psychologues, des infirmières et des assistants sociaux travaillent ensemble pour aider les patients. Le CMP a deux objectifs : soigner et prévenir les problèmes de santé mentale. Les consultations sont gratuites et prises en charge par la sécurité sociale, et les personnes peuvent venir sans donner leur nom."
CMP Neuilly-sur-Marne,"Le Centre médico-psychologique (CMP) de Neuilly-sur-Marne offre des consultations pour les personnes ayant des problèmes de santé mentale. Des professionnels de la santé comme des psychiatres, des psychologues, des infirmières et des assistants sociaux travaillent ensemble pour aider les patients. Le CMP a deux objectifs : soigner et prévenir les problèmes de santé mentale. Les consultations sont gratuites et confidentielles, prises en charge par la sécurité sociale."
CMP Noisy-le-Grand,"Le Centre médico-psychologique (CMP) de Noisy-le-Grand offre des consultations pour les personnes ayant des problèmes de santé mentale. Des professionnels de la santé comme des psychiatres, des psychologues, des infirmières et des assistants sociaux travaillent ensemble pour aider les patients. Le CMP a deux objectifs : soigner et prévenir les problèmes de santé mentale. Les consultations sont gratuites et confidentielles, prises en charge par la sécurité sociale."
CMP enfants Emmaüs,"Le Centre médico-psychologique Emmaüs à Aulnay-sous-Bois aide les enfants et adolescents qui ont des problèmes de santé mentale. Il y a des médecins, des psychologues, des infirmières et des assistants sociaux qui travaillent ensemble pour les aider. Le centre a deux buts : soigner et prévenir les problèmes de santé mentale. Les consultations sont gratuites et confidentielles, et la sécurité sociale prend en charge les coûts."
CMP Villepinte,"Le Centre médico-psychologique (CMP) de Villepinte offre des consultations pour les personnes ayant des problèmes de santé mentale. Le CMP est un lieu où travaillent ensemble des médecins, des psychologues, des infirmières et des assistants sociaux. Ils ont deux objectifs : aider les personnes à se sentir mieux et prévenir les problèmes de santé mentale. Les consultations sont gratuites et confidentielles, prises en charge par la sécurité sociale."
CMP Lemesle,"Le Centre médico-psychologique (CMP) Lemesle offre des consultations pour les personnes ayant des problèmes de santé mentale. Des professionnels de la santé comme des psychiatres, des psychologues, des infirmières et des assistants sociaux travaillent ensemble pour aider les patients. Le CMP a deux objectifs : soigner et prévenir les problèmes de santé mentale. Les consultations sont gratuites et prises en charge par la sécurité sociale, et les personnes peuvent venir sans donner leur nom."
CMP Jules Valles,"Le Centre médico-psychologique (CMP) Jules Valles offre des consultations pour les personnes ayant des problèmes de santé mentale. Des professionnels de la santé comme des psychiatres, des psychologues, des infirmières et des assistants sociaux travaillent ensemble pour aider les patients. Le CMP a deux objectifs : soigner et prévenir les problèmes de santé mentale. Les consultations sont gratuites et prises en charge par la sécurité sociale, et les personnes peuvent venir sans donner leur nom."
CMP Gambetta - Sevran,"Le Centre médico-psychologique Gambetta offre des consultations pour les personnes ayant des problèmes de santé mentale à Sevran, Livry Gargan et Vaujours. Des professionnels de la santé comme des psychiatres, des psychologues, des infirmières et des assistants sociaux travaillent ensemble pour aider les patients. Le centre a deux objectifs : soigner et prévenir les problèmes de santé mentale. Les consultations sont gratuites et prises en charge par la sécurité sociale, et les personnes peuvent venir sans donner leur nom."
Secours Populaire - Comité de Stains,"Le Secours populaire français aide les gens dans plusieurs domaines : <b>nourriture</b>, <b>vêtements</b>, <b>logement</b>, <b>soins médicaux</b>, <b>travail</b> et <b>accès à la culture</b>. Le comité de Stains offre des services administratifs et donne des colis de nourriture aux personnes qui en ont besoin."
Association 7dreams,Notre association de quartier organise des activités amusantes et propose une aide pour les devoirs pour les enfants. Nous sommes là pour soutenir les familles et les jeunes de notre quartier. Nous proposons des animations pour tous les âges et des séances de soutien scolaire pour aider les enfants à réussir à l'école.
Etap' Ado,"Etap'ADO est un endroit où les jeunes peuvent venir sans rendez-vous et rester anonymes jusqu'à la veille de leur majorité. Des professionnels sont là pour les écouter et les aider si ils ont des problèmes, comme des conflits avec leur famille, des difficultés à l'école ou s'ils se sentent mal. L'objectif est de les aider à surmonter ces difficultés et à trouver des solutions. Etap'ADO travaille avec d'autres services pour aider les jeunes, comme les maisons des adolescents, les services de prévention, les commissariats et les écoles. Il y a aussi une plateforme téléphonique pour les jeunes et les familles de Seine-Saint-Denis, qui propose une écoute et une orientation vers différents services, comme l'aide scolaire, la santé, l'aide alimentaire et le soutien psychologique."
"Centre d'Accueil, de Soins et d'Orientation (CASO)","Le Centre d'accueil, de soins et d'orientation de Saint-Denis est ouvert à toutes les personnes en difficulté, sans besoin de rendez-vous. Il propose un accueil chaleureux et des soins médicaux adaptés à chaque personne. Les équipes qui y travaillent sont composées de personnes ayant différentes compétences et elles aident les patients à accéder aux droits et aux services de santé dont ils ont besoin. Le but est de les aider à améliorer leur situation et à trouver les solutions qui leur conviennent le mieux."
Accueil Demarillac,"L'Accueil Demarillac offre un petit déjeuner aux personnes sans-abri et isolées tous les samedis de 9h à 11h. L'accueil a lieu soit dans le jardin derrière l'église, soit dans une salle qui donne sur le jardin, selon la météo."
Unité Mobile PROSES Saint-Denis,L'association P.R.O.S.E.S est présente à côté de l'entrée de l'Hôpital Delafontaine avec son unité mobile. Elle offre des informations pour réduire les risques liés à la consommation de drogues et aux pratiques sexuelles. Vous pouvez également y trouver du matériel de consommation stérile. L'association propose également un soutien et un accompagnement pour vos démarches sanitaires et sociales.
Maraudes PROSES Pantin,L'association P.R.O.S.E.S propose des maraudes dans tout Pantin et près de la porte de la Villette. Les horaires changent. Les maraudes offrent des informations pour réduire les risques liés à la drogue et aux relations sexuelles. Elles fournissent également du matériel stérile pour consommer en toute sécurité. Les équipes sont là pour vous aider et vous soutenir dans vos démarches de santé et de vie sociale.
Centre Social Arc-en-Ciel,"Le Centre Social Arc-en-Ciel anime la vie du quartier. Il propose des activités comme des cours de français, des ateliers numériques, des ateliers de cuisine et des loisirs. Vous pouvez également y trouver des permanences juridiques et sociales pour obtenir de l'aide et des conseils sur des sujets tels que les démarches administratives, le logement et d'autres problèmes."
Secours Populaire - Comité de Saint-Denis,"Le Secours populaire français aide les personnes dans le besoin. Il offre de la nourriture, des vêtements, de l'aide pour trouver un logement et pour rester logé. Il aide aussi à accéder aux soins médicaux, à trouver un travail et à participer à la vie culturelle. L'objectif est de donner à tous les mêmes droits. Il y a des permanences d'accueil le mercredi et un pôle senior le dernier mardi du mois."
Auber sans la peur,"Auber sans la peur aide les familles et les élèves sans papiers qui risquent d'être expulsés. Le comité les oriente en fonction de leurs besoins et propose des consultations juridiques et administratives pour les aider à obtenir le droit de séjour. Cela inclut l'aide pour demander des titres de séjour, faire des démarches à la préfecture, résoudre les problèmes d'OQTF, etc. Il est important de noter qu'il n'y a pas d'accueil pendant les vacances scolaires."
CMP enfants et adolescents - Aubervilliers,"Le Centre médico-psychologique (CMP) d'Aubervilliers aide les enfants et adolescents qui ont des problèmes de santé mentale. Le CMP est un endroit où travaillent ensemble des médecins, des psychologues, des infirmières et d'autres professionnels de la santé pour aider les jeunes et leurs familles. Le CMP a deux objectifs : soigner et prévenir les problèmes de santé mentale. Il propose des consultations gratuites et anonymes, prises en charge par la sécurité sociale, et il est possible de prendre rendez-vous à d'autres heures si besoin."
CMP enfants et adolescents - Dugny,"Le Centre médico-psychologique (CMP) de Dugny aide les enfants et les adolescents qui ont des problèmes de santé mentale. Le CMP est un endroit où travaillent ensemble des médecins, des psychologues, des infirmières et d'autres professionnels de la santé pour aider les jeunes et leurs familles. Le CMP a deux objectifs : soigner et prévenir les problèmes de santé mentale. Il propose des consultations gratuites et anonymes, prises en charge par la sécurité sociale."
CMP enfants et adolescents - Drancy,"Le Centre médico-psychologique (CMP) de Drancy aide les enfants et les adolescents qui ont des problèmes de santé mentale. Le CMP est un endroit où travaillent ensemble des médecins, des psychologues, des infirmières et d'autres professionnels de la santé pour aider les jeunes et leurs familles. Le CMP a deux objectifs : soigner et prévenir les problèmes de santé mentale. Il propose des consultations gratuites et anonymes, prises en charge par la sécurité sociale."
CMP enfants et adolescents - Stains,"Le Centre médico-psychologique (CMP) de Stains aide les enfants et les adolescents qui ont des problèmes de santé mentale. Le CMP est un endroit où travaillent ensemble des médecins, des psychologues, des infirmières et d'autres professionnels de la santé pour aider les jeunes et leurs familles. Le CMP a deux objectifs : soigner et prévenir les problèmes de santé mentale. Il propose des consultations gratuites et anonymes, prises en charge par la sécurité sociale."
CMP enfants et adolescents - Bobigny,"Le Centre médico-psychologique (CMP) de Bobigny aide les enfants et les adolescents qui ont des problèmes de santé mentale. Le CMP est un endroit où travaillent ensemble des médecins, des psychologues, des infirmières et d'autres professionnels de la santé pour aider les jeunes et leurs familles. Le CMP a deux objectifs : soigner et prévenir les problèmes de santé mentale. Il propose des consultations gratuites et anonymes, prises en charge par la sécurité sociale, et fait partie d'un centre de jour et d'un service de traitement ambulatoire."
CMP enfants et adolescents - Noisy-le-Sec,"Le Centre médico-psychologique (CMP) de Noisy-le-Sec aide les enfants et adolescents qui ont des problèmes de santé mentale. Il y a aussi un centre de jour et un service spécialisé. Le CMP est un endroit où travaillent ensemble des médecins, des psychologues, des infirmières, des assistants sociaux et d'autres professionnels de la santé mentale. Ils aident les jeunes et leurs familles de manière personnalisée. Le CMP a deux objectifs : soigner et prévenir. Il propose des consultations gratuites et anonymes, prises en charge par la sécurité sociale."
CMP enfants et adolescents - Pantin,"Le Centre médico-psychologique (CMP) de Pantin aide les enfants et les adolescents qui ont des problèmes de santé mentale. Il y a aussi un centre de jour et un service pour les jeunes en difficulté. Le CMP est un endroit où travaillent ensemble des médecins, des psychologues, des infirmières, des assistants sociaux et d'autres professionnels de la santé mentale. Ils aident les jeunes et leurs familles de manière personnalisée. Le CMP a deux objectifs : soigner et prévenir les problèmes de santé mentale. Il propose des consultations gratuites et anonymes, prises en charge par la sécurité sociale."
Août Secours Alimentaire - Pantin,"Août Secours Alimentaire offre de l'aide alimentaire aux personnes dans le besoin. Pour en bénéficier, il faut être orienté par un travailleur social ou une association. Si vous êtes déjà aidé par une association comme Secours Populaire ou Restos du Coeur, vous pouvez aussi bénéficier d'Août Secours Alimentaire si votre association est fermée pendant l'été. Dans ce cas, vous devez vous rendre au centre pour obtenir une carte."
PMI Roger Salengro,"La PMI Roger Salengro est un centre qui aide les mères et les enfants de moins de 6 ans. Il accompagne les jeunes parents et les femmes enceintes pour les aider à prendre soin de leur santé et de celle de leur enfant. Le centre propose des consultations avant et après la naissance, des actions pour prévenir les problèmes de santé, des activités pour aider les parents à éduquer leurs enfants et des consultations pour les problèmes psychologiques. Des visites à domicile sont également possibles. Vous pouvez poser vos questions sur la contraception, la sexualité, les infections sexuellement transmissibles, l'interruption de grossesse, les relations de couple et de famille lors d'une consultation avec un médecin ou un entretien avec une conseillère. Le centre est ouvert à tous, gratuit et accessible avec ou sans couverture sociale."
PMI Anatole France,"La PMI Anatole France est un centre qui aide les mères et les enfants de moins de 6 ans. Nous accompagnons les jeunes parents et les femmes enceintes pour les aider à prendre soin de leur santé et de celle de leur enfant. Nous proposons des consultations avant et après la naissance, des actions pour prévenir les problèmes de santé, des activités pour apprendre à être parent, des consultations avec des psychologues et des puéricultrices. Nous faisons aussi des visites à domicile pour aider les familles. Vous pouvez nous poser des questions sur la contraception, la sexualité, les infections sexuellement transmissibles, l'avortement, les relations amoureuses et familiales. Notre centre est ouvert à tous, gratuitement, même si vous n'avez pas d'assurance maladie. Nous sommes là pour vous aider et vous soutenir."
Maison des Adolescents amica,"La Maison des Adolescents amica est un endroit pour les jeunes de 12 à 21 ans, leurs parents et les professionnels qui les aident. C'est un lieu où l'on écoute, où l'on donne des informations et où l'on aide les jeunes à trouver des solutions à leurs problèmes. Des psychologues et des éducateurs spécialisés sont là pour les aider, en travaillant avec d'autres professionnels qui peuvent également apporter leur aide."
APEIS - Saint-Ouen,"L'APEIS de Saint-Ouen aide les personnes qui ont des difficultés financières, les familles et les personnes seules. Elle les aide à trouver un emploi et à faire les démarches administratives nécessaires. L'association organise aussi des sorties culturelles, comme des visites de musées ou de lieux historiques. De plus, il y a une boutique solidaire qui est ouverte le mercredi et le samedi, selon la météo."
Association Bus Social Dentaire,"Le Bus Social Dentaire aide les personnes sans assurance maladie à obtenir des soins dentaires urgents. Il les aide ensuite à trouver un dentiste régulier. Le bus se trouve à Paris et en Seine-Saint-Denis chaque semaine. Pour prendre rendez-vous, il faut d'abord aller sur le site <a href=""https://busdentaire.fr/index.php/planning"">https://busdentaire.fr/index.php/planning</a> pour voir les horaires de la semaine. Le jeudi matin, le bus est à Montreuil, près des Restos du Coeur. Les inscriptions commencent à 9h00 au 70 rue Douy Delcupe. Il faut apporter une pièce d'identité. Il n'y a pas de consultations en juillet et août à cette adresse."
L'Inutile Utile,"L'Inutile Utile est une boutique solidaire qui propose différents objets comme des vêtements, du linge de maison, des petits électroménagers, des meubles, de la vaisselle, des jouets et du matériel pour les bébés. Pour prendre des objets, il faut être membre de l'association, mais pas pour faire un don. Les membres peuvent prendre jusqu'à trois objets par semaine sans payer supplémentairement. La boutique est ouverte les lundis et jeudis après-midi, ainsi que le 4ème samedi du mois de 9h30 à 12h30."
Bureau Information Jeunesse - Le Blanc-Mesnil,"Le Bureau Information Jeunesse (BIJ) du Blanc-Mesnil est un endroit où les jeunes peuvent trouver de l'aide et des informations sur différents sujets qui les concernent, comme les études, la santé, la vie affective, le logement et l'emploi. Le BIJ propose des documents, des ordinateurs avec accès internet et organise des événements tout au long de l'année. Il est ouvert aux jeunes de 13 à 29 ans, ainsi qu'aux parents, enseignants et professionnels qui travaillent avec les jeunes. L'accueil est gratuit, anonyme et sans besoin de rendez-vous."
La Passerelle - Point d'Information Jeunesse et Lieu d'Ecoute Santé,"La Passerelle est un lieu pour les jeunes de 18 à 25 ans de Seine-Saint-Denis. Elle offre de l'aide pour les problèmes personnels, la recherche d'un travail et l'utilisation d'ordinateurs. Des jeunes informateurs sont présents pour aider. Il y a aussi des ordinateurs disponibles pour utiliser librement. Chaque année, en mars, la Passerelle aide les jeunes à trouver un travail pour l'été. Une psychologue est également disponible pour des consultations sur rendez-vous."
Pôle Information Jeunesse Bobigny,"Le Bureau Information Jeunesse (BIJ) est un endroit où les jeunes de 13 à 25 ans peuvent venir gratuitement et sans rendez-vous. Ils peuvent poser toutes leurs questions sur la vie quotidienne, comme la santé, les déplacements, la culture et les loisirs. Le BIJ peut aussi aider pour la formation et la recherche d'emploi. Il y a des ordinateurs et des imprimantes disponibles pour tout le monde, ainsi que des documents et des informations de la CIDJ (Centre d'Information et de Documentation Jeunesse)."
Maison de la Jeunesse de Saint-Denis,"La Maison de la Jeunesse à Saint-Denis est un endroit où les jeunes peuvent se rencontrer et échanger. Il y a différents espaces : une cyberbase, des salles pour des ateliers artistiques, une salle de spectacles appelée ""La Ligne 13"". Vous pouvez appeler le 01 83 72 20 90 pour avoir des informations et réserver. Il y a aussi un espace pour les cultures urbaines et le hip hop. C'est un lieu où vous pouvez trouver des informations sur les activités de la ville et c'est un endroit populaire pour les collégiens et les lycéens pendant la pause déjeuner. Enfin, il y a un espace vert où vous pouvez vous reposer et admirer des graffitis."
Permanence CIDFF - Préfecture de Bobigny,"Le Centre d'information sur les droits des femmes et des familles (CIDFF) est là pour vous aider. Vous pouvez vous rendre à l'accueil principal de la Préfecture pour obtenir des informations juridiques sans rendez-vous. Les juristes du CIDFF peuvent vous aider sur différents sujets tels que le droit des personnes, la famille, le travail, la consommation et la lutte contre les discriminations. Ils répondent à vos questions de manière confidentielle et gratuite. Si vous êtes victime de violences, que ce soit au sein du couple, au travail ou d'autres formes de violences, le CIDFF est là pour vous aider. Vous pouvez prendre rendez-vous pour parler à un juriste. Il y a également une permanence téléphonique pour obtenir des informations juridiques sur rendez-vous au 01 48 36 99 02, les vendredis de 9h à 12h."
Permanence CIDFF - Hôtel de Ville de Bondy,"Le Centre d'information sur les droits des femmes et des familles (CIDFF) offre une aide juridique gratuite et confidentielle. Les juristes répondent à vos questions sur le droit des personnes, la famille, le travail, la consommation et plus. Ils aident également contre les discriminations et les violences, comme les violences au sein du couple ou les mariages forcés. Vous pouvez appeler le CIDFF au 01 48 36 99 02 le vendredi de 9h à 12h pour obtenir des conseils juridiques ou prendre rendez-vous pour rencontrer un juriste près de chez vous."
Permanence CIDFF - Mairie Annexe de Gagny,"Le Centre d'information sur les droits des femmes et des familles (CIDFF) est là pour vous aider. Nous proposons une permanence d'information et d'accompagnement pour les femmes victimes de violences. Nous luttons contre les violences au sein du couple, au travail, les mariages forcés et les mutilations sexuelles féminines. Le CIDFF 93 connaît bien les problèmes que rencontrent les femmes victimes de violences sexistes. Vous pouvez nous appeler au 01 48 36 99 02 le vendredi de 9h à 12h pour obtenir des conseils juridiques."
Relais des parents,"Le Relais des parents est un endroit où les parents peuvent parler de leurs préoccupations et recevoir de l'aide. Il aide les parents à être de bons éducateurs pour leurs enfants, quel que soit leur âge. Tout le monde est le bienvenu, pas seulement les parents, mais aussi les grands-parents, les beaux-parents, les amis, etc. C'est un lieu où vous pouvez : parler de vos difficultés et recevoir de l'écoute, obtenir de l'aide pour surmonter les moments difficiles et retrouver confiance en vous, trouver des informations pour mieux comprendre votre enfant et son développement, partager vos expériences avec d'autres parents, proposer des sujets de discussion pour aider les autres."
Maison de quartier Pierre Sémard,"La maison de quartier Pierre Sémard est un lieu ouvert à tous. Vous pouvez y être aidé pour vos démarches administratives. Vous pouvez également y pratiquer une activité manuelle, culturelle ou sportive. De plus, vous pouvez vous informer sur la vie de votre quartier et participer à des événements et des sorties."
Médiathèque Aimé Césaire,"La médiathèque Elsa Triolet offre de nombreux services : des livres et journaux à lire sur place, des espaces pour travailler et réviser, des animations comme des spectacles et des ateliers, des ordinateurs à utiliser librement, ainsi que la possibilité d'emprunter des documents. Tous les services des médiathèques de Plaine Commune sont gratuits et ouverts à tous. Pour en savoir plus, vous pouvez visiter le site : https://www.mediatheques-plainecommune.fr/loffre-des-mediatheques"
Secours Populaire - Comité de Clichy-sous-Bois,"Le Secours populaire français aide les gens dans plusieurs domaines. Il s'agit de l'aide alimentaire, des vêtements, du logement, des soins médicaux, de l'insertion professionnelle, de la culture et de l'accès aux droits. Le comité de Clichy-sous-bois donne des colis alimentaires tous les jeudis matin."
Les Marmites Solidaires - SAWA,"SAWA est une association qui aide les nouveaux arrivants à se sentir chez eux. Elle organise des repas ensemble pour favoriser l'échange entre les cultures. <b>Tous les dimanches</b>, SAWA prépare des repas au 6 rue du 11 novembre 1918 à Pantin. Les repas sont distribués dans la rue, en partant du local et en allant jusqu'à Porte de la Villette. Vous pouvez télécharger l'application mobile SAWA sur Android ou Apple Store pour avoir toutes les informations. <b>Pourquoi la cuisine ?</b> La cuisine est un langage universel qui permet de partager et de se rencontrer. C'est l'occasion de rassembler des personnes de tous âges et de toutes cultures pour favoriser l'échange et les rencontres. Le but est de faciliter l'inclusion des personnes qui arrivent dans un nouveau pays, en leur offrant un espace pour se rencontrer et partager. SAWA propose également une aide alimentaire en revalorisant les invendus alimentaires. Cette action a permis de préparer près de 20 000 repas pour les personnes dans le besoin, tout en formant les bénévoles auprès de chefs professionnels."
Amicale du Nid - Les Insoumises: Accueil de jour La Courneuve,"L'Amicale du Nid à la Courneuve propose un accueil de jour pour les femmes victimes de violences, avec ou sans enfant, qui ont des difficultés ou des problèmes de logement. <b>Nos services</b> : un espace sécurisé et convivial, de la nourriture et des prestations d'hygiène, des douches et des lessives. Nous offrons également des informations, des conseils, des animations pour renforcer l'estime de soi et des activités pour les mères et leurs enfants. <b>Nos objectifs</b> : évaluer les situations sociales, orienter les femmes vers les bons services, aider les mères à être de meilleures parentes et proposer des temps de partage et d'activités éducatives."
Episol du Bourget - Réseau Andes,"L'épicerie Episol est un magasin près de chez vous où les personnes en difficulté peuvent faire leurs courses. Les produits sont de qualité et moins chers que d'habitude, entre 10% et 30% du prix normal. Vous pouvez trouver des fruits, des légumes, des produits frais et même des produits pour les bébés. C'est aussi un endroit où vous pouvez rencontrer des gens et participer à des activités. Il y a des ateliers de cuisine et de couture. Episol fait partie d'un réseau qui aide les gens à avoir accès à de la nourriture de qualité en France."
Épicerie solidaire - A Cur Ouvert,L'épicerie <b>A Cur Ouvert</b> propose des produits alimentaires variés à des prix bas. Les prix varient en fonction du revenu de chaque personne. L'association aide aussi les personnes en grande difficulté en leur offrant des colis d'urgence ou un repas chaud.
CMPP de Sevran,"Le Centre Médico-Psycho-Pédagogique (CMPP) de Sevran est un lieu où les enfants et adolescents de 0 à 20 ans peuvent recevoir des soins pour leurs problèmes de santé mentale. Les CMPP aident les enfants qui ont des troubles psychiques. Ils offrent des consultations avec différents professionnels de la santé, comme des pédo-psychiatres, des psychologues, des orthophonistes, des psychomotriciens et des assistantes sociales. Ces consultations sont gratuites et confidentielles, et sont remboursées par la sécurité sociale. Le CMPP permet aux enfants de suivre une thérapie sans avoir à quitter leur environnement habituel. Les soins sont pris en charge à 100% par la sécurité sociale, si vous faites une demande de prise en charge préalable."
Centre Social Lounès Matoub,"Le centre social municipal Lounès Matoub est un lieu ouvert à tous. Des bénévoles et des professionnels y aident les habitants dans leur vie quotidienne et leurs projets. Vous pouvez y trouver des permanences pour obtenir des conseils sur l'emploi, des aides pour vos démarches, un écrivain public, des cours de français et des activités culturelles et de loisir. Le centre est ouvert le premier samedi de chaque mois."
Médiathèque Georges - Wolinski,"La médiathèque Georges-Wolinski est un lieu où vous pouvez trouver des livres, des films, des bandes dessinées, des CD et bien plus encore. Il y a quelque chose pour tous les goûts et tous les âges. Vous pouvez consulter les documents sur place ou les emprunter. Un catalogue en ligne vous permet de voir ce que la médiathèque propose. La médiathèque organise également des événements culturels tout au long de l'année, comme des rencontres avec des auteurs, des expositions, des projections de films et des concerts. Tous ces événements sont gratuits, mais il faut s'inscrire. Vous pouvez trouver les dates à venir sur le site de la médiathèque. Pour emprunter des documents, l'inscription est gratuite pour les jeunes de Noisy-le-Grand jusqu'à 18 ans, les étudiants et les personnes bénéficiant de minima sociaux. Pour les adultes et les personnes qui ne vivent pas à Noisy-le-Grand, vous pouvez consulter le site <a href=""https://mediathequegeorgeswolinski.fr/la-mediatheque/s-inscrire"">https://mediathequegeorgeswolinski.fr/la-mediatheque/s-inscrire</a> pour connaître les tarifs."
Pôle d'évaluation pour mineurs isolés étrangers (PEMIE),Le Pôle d'évaluation pour mineurs isolés étrangers (PEMIE) aide les jeunes étrangers seuls à comprendre leurs droits. On les accueille sans poser de questions si on pense qu'ils sont mineurs. On leur offre un endroit sûr où séjourner temporairement pendant qu'on vérifie s'ils sont vraiment mineurs.
Espace Mikado,"Le centre social offre différentes activités pour tous. Vous pouvez y trouver des permanences pour obtenir des conseils juridiques ou une écoute psychologique. Il y a aussi des cours de français pour améliorer votre langue. Les enfants et adolescents peuvent recevoir de l'aide pour leurs devoirs. Le centre propose également des activités de loisirs pour les petits et les grands. Un espace numérique est disponible avec des postes informatiques que vous pouvez utiliser gratuitement sans inscription. Vous pouvez également scanner et imprimer des documents. Des ateliers numériques sont organisés pour les débutants ou pour ceux qui veulent améliorer leurs compétences, mais il faut s'inscrire à l'avance."
Service social du CROUS de Créteil - Antenne de Saint Denis,"Les assistantes sociales du CROUS de Créteil sont là pour vous aider. Elles vous accueillent et vous écoutent si vous avez des problèmes personnels ou familiaux, des soucis de santé, des difficultés financières ou administratives. Elles vous informent sur les aides disponibles pour les étudiants, comme les bourses, les logements et les lois sociales. Elles vous aident également à faire vos démarches auprès des services administratifs du CROUS, des universités et d'autres organismes. Si vous avez besoin d'une aide financière, elles vous aident à faire votre demande. Pour voir une assistante sociale, vous devez prendre rendez-vous. Vous pouvez envoyer un mail à <a href=""mailto:social@crous-creteil.fr"">social@crous-creteil.fr</a> ou visiter le site <a href=""https://mesrdv.etudiant.gouv.fr/fr"">https://mesrdv.etudiant.gouv.fr/fr</a> pour prendre rendez-vous."
Epiceas Epicerie Aubervilliers Solidarité - Réseau Andes,"Epiceas est un lieu d'écoute et de partage. C'est un commerce de proximité qui aide les personnes en difficulté à faire leurs courses. On y trouve des produits frais, des fruits et des légumes, ainsi que des produits d'hygiène à bas prix (entre 10% et 30% du prix normal). Les clients sont orientés vers Epiceas par un travailleur social et ont accès à l'épicerie pour une durée limitée. Ils sont accompagnés pour travailler sur leur projet personnel. Il y a aussi des ateliers créatifs et d'insertion professionnelle, ainsi que des écrivains publics pour aider les usagers avec les démarches administratives et l'accès à leurs droits. Epiceas fait partie du Réseau Andes, qui est un réseau important d'aide alimentaire en France."
"Epicerie solidaire ""Un Panier pour tous""","L'épicerie solidaire de Gagny aide les personnes dans le besoin. Elle offre des colis avec de la nourriture et d'autres produits comme des produits d'entretien, d'hygiène et des produits pour les bébés. Elle reçoit aussi des visiteurs qui apportent des vêtements usagés à donner."
Association pour le logement des jeunes (ALJ),"L'association offre des logements pour les jeunes de 18 à 25 ans qui vivent à Plaine Commune. Elle aide également ces jeunes à atteindre leurs objectifs de vie grâce à un suivi régulier. Pour obtenir plus d'informations, il est nécessaire de prendre rendez-vous au préalable en appelant le <a href=""tel:0148365617"">0148365617</a>."
Casiers Solidaires - Rue de Paris,"Les Casiers Solidaires aident les personnes sans-abri qui n'ont pas de suivi social. Elles peuvent bénéficier de cet aide pendant 6 mois, renouvelable. Chaque semaine, un accompagnateur social les rencontre jusqu'à la fin du contrat. Cet accompagnement est personnalisé et comprend une aide physique et administrative. Les personnes bénéficiaires ont aussi accès à des casiers privés dans l'espace public, ouverts 24h/24 et 7j/7. Ces casiers leur permettent de sécuriser leurs affaires et d'avoir un espace à elles. L'accompagnement social a lieu près des casiers."
Action sociale Mazone,"L'association Mazone aide les familles qui ont besoin de nourriture et de soutien. Elle offre des colis de produits alimentaires chaque semaine aux familles qui s'inscrivent au téléphone. L'association aide également les familles de manière globale, en leur proposant des conseils juridiques et des soins médicaux. Les familles qui sont aidées par l'association peuvent également bénéficier d'autres services, tels que des soins médicaux et psychologiques, une aide pour rénover leur logement, des conseils et une boutique de vêtements neufs. Pour bénéficier de ces services, il faut s'inscrire auprès de l'association Mazone."
Mission Locale CODE - antenne de L'Île-Saint-Denis,"La Mission Locale est là pour aider les jeunes de 16 à 25 ans qui ont quitté l'école. Un conseiller vous aidera à trouver votre chemin. La Mission Locale peut vous aider à : définir votre projet professionnel, trouver un emploi ou une formation, partir travailler à l'étranger, connaître vos droits en matière de santé, de logement, de garde d'enfants, etc."
Epicerie Solidaire - Association Aurore,"L'épicerie solidaire de l'association Aurore est un magasin de proximité qui aide les personnes en difficulté à faire leurs courses. Elle propose des produits de qualité comme des fruits, des légumes et des produits frais à bas prix, entre 10% et 20% de leur valeur normale. Les clients sont orientés vers l'épicerie par un travailleur social et ont accès à des produits pour bébés si disponibles. L'épicerie est également un lieu d'accueil et d'échange qui organise des activités régulières. Elle propose une aide pour les démarches administratives et des ateliers pour trouver un emploi, comme des simulations d'entretien d'embauche et des conseils pour gérer son budget. Toutes ces activités sont réservées aux clients de l'épicerie. L'épicerie fait partie de deux réseaux importants : le Réseau Andes et le CESS IDF."
Villepinte dans la Maison,"Villepinte dans la Maison est une association qui aide les personnes dans le besoin. Elle offre des colis avec de la nourriture et des produits d'hygiène. Pour recevoir un colis, il faut appeler l'association pour prendre rendez-vous avant de passer."
Cap Emploi 93 Aulnay-sous-Bois,"Le réseau des Cap Emploi aide les personnes handicapées à trouver un emploi ou à garder leur travail. Il propose un accompagnement personnalisé, quel que soit leur statut : demandeur d'emploi, salarié ou travailleur indépendant."
Cap Emploi 93 Pantin,"Le réseau des Cap Emploi aide les personnes handicapées à trouver un emploi ou à garder leur travail. Il propose un accompagnement personnalisé, quel que soit leur statut : demandeur d'emploi, salarié ou travailleur indépendant."
Association Young Charity,"L'association <b>Young Charity</b> aide les personnes dans le besoin. Elle leur apporte de la nourriture à domicile, y compris des produits pour les bébés quand c'est possible. Elle fait aussi des distributions de nourriture dans la rue. L'association donne également des kits d'hygiène pour aider les gens à rester propres. Vous pouvez joindre l'association par téléphone le mercredi, samedi et dimanche, ou par mail tous les jours de la semaine."
Restaurant Le Bocal,L'association RAPID a un restaurant spécial. Il aide les gens qui ont du mal à trouver un travail. Le restaurant utilise des aliments qui seraient sinon jetés. Il propose aussi un salon de thé où les gens peuvent se détendre. Le but de RAPID est d'aider les gens à trouver un emploi grâce à son accompagnement.
Amicale pour l'Entraide et la Solidarité (APES) - Drancy,"L'APES Drancy offre un service pour aider les gens avec des problèmes sociaux et administratifs. Il propose aussi des ateliers pour améliorer les compétences en français et en société. Pendant l'été, des sorties pour les familles sont organisées."
Association Bomoyi Rue Carnot,"L'association Bomoyi aide des centaines de familles de Bobigny. Elle propose des activités comme l'aide pour les devoirs, la médiation sociale, l'aide pour les démarches administratives et les cours d'informatique. Il y a aussi des cours de français pour tous. L'association a deux sites : un au 6 rue de Vienne et un autre où l'on peut trouver de la nourriture au 25 rue de Rome."
Association Bomoyi Rue de Rome,"L'association Bomoyi offre de l'aide alimentaire à ses membres. Elle distribue des colis alimentaires une fois par semaine. Ces colis contiennent des produits frais et secs. Pour recevoir un colis, il faut s'inscrire. L'association propose aussi d'autres services comme l'accompagnement scolaire, la médiation sociale et l'aide pour les démarches administratives. Elle propose également des cours d'informatique. Vous pouvez trouver ces services à Bobigny, rue Carnot et rue de Vienne, ainsi que rue de Rome où se trouve le site principal de l'association."
Association P2i - Cours de Français,"L'Association P2i propose des cours de français à la LCR Georges Sand pour tous les niveaux. Vous pouvez vous inscrire pour des cours du lundi au vendredi, qui sont adaptés à votre niveau, de débutant à intermédiaire. Il y a aussi un cours le samedi matin pour tous les niveaux. L'association P2i aide les gens à s'intégrer et à trouver un travail. Elle propose également des activités pour aider les familles et les enfants à réussir à l'école et à apprendre le français."
Association P2i - Soutien scolaire,"L'Association P2i offre une aide pour les devoirs à Noisy-le-Grand. Les élèves de primaire, collège et lycée peuvent bénéficier de ce soutien. Des cours de mathématiques individuels ont lieu le samedi matin à la Maison pour Tous du Champy. L'association P2i existe depuis 2006 et aide les gens dans différents domaines : la vie en société, la vie de famille, les échanges entre cultures, l'aide pour les devoirs, la langue française et l'insertion dans le monde du travail."
Emergence 93 - Accueil de jour Pass'R'Ailes,"Emergence 93 est une association qui aide les personnes dans le besoin à Aubervilliers. Elle accueille et soutient ceux qui vivent dans la rue ou dans des conditions difficiles. L'association propose un accompagnement personnalisé, des activités hebdomadaires et un accès à des services essentiels comme la douche, le téléphone et la cuisine. Son but est de rendre la vie plus agréable et de favoriser la socialisation pour ses bénéficiaires. Elle crée également des emplois adaptés pour eux. L'association se concentre particulièrement sur les jeunes qui ont des problèmes avec la justice."
Permanences de l'Association P2i à la Maison pour Tous du Champy,"L'Association P2i est là pour vous aider. Elle propose une permanence pour vous aider avec vos démarches administratives à la Maison pour Tous du Champy. Vous pouvez également suivre des cours de mathématiques si vous êtes collégien ou lycéen, les samedis matins. L'association P2i existe depuis 2006 et aide les gens dans différents domaines : elle propose une aide pour les problèmes sociaux, familiaux et culturels, elle aide les enfants à réussir à l'école, elle enseigne le français et elle aide les gens à trouver un travail."
Association des Jeunes du Pavé Neuf Noisy-le-Grand (AJPN),"L'Association des Jeunes du Pavé Neuf de Noisy-le-Grand (AJPN) aide les jeunes et les jeunes adultes à se développer et à s'intégrer dans la société. Elle offre des services comme l'aide aux devoirs, des conseils juridiques, un chantier pour apprendre de nouvelles compétences et un atelier de cuisine. Chaque mercredi et samedi, l'association organise des sorties pour découvrir la culture."
Association P2i,"L'Association P2i est là pour aider les gens. Elle propose des permanences d'accueil et de médiation sociale tous les jours. Il y a aussi des ateliers numériques pour tous les niveaux. Vous pouvez vous inscrire pour participer à d'autres activités dans plusieurs lieux à Noisy-le-Grand. L'association P2i existe depuis 2006 et aide les gens dans différents domaines : la médiation sociale, la scolarité, la langue française et l'insertion professionnelle. Elle veut aider les gens à s'intégrer et à trouver un travail."
Maison de quartier 100 Hoche,"La Maison de quartier 100 Hoche est un lieu qui aide les gens de la communauté. Elle propose de l'aide pour les adultes avec les papiers administratifs et pour trouver un travail. Il y a aussi de l'aide pour les enfants et les jeunes avec leurs devoirs scolaires, de la maternelle au lycée. Pour tous, il y a des activités amusantes comme le théâtre, le jardinage et la cuisine. Pendant les vacances, il y a des animations spéciales. Vous pouvez trouver le programme à l'accueil. Si vous voulez partir en vacances pour la première fois, on peut vous aider à organiser votre voyage, y compris le budget, le lieu et le transport. Renseignez-vous à l'accueil pour plus d'informations."
Association De l'Autre Côté,"L'association de l'Autre Côté aide les habitants à améliorer leur vie sociale. Elle organise des actions et des ateliers pour favoriser la rencontre et la compréhension entre les gens. L'association propose des services comme des consultations juridiques, un accès au numérique pour les démarches administratives et des cours de français. Elle offre également une aide alimentaire avec des distributions de nourriture dans tout le département et des colis alimentaires une fois par mois. Les enfants peuvent bénéficier d'un soutien scolaire pour les aider à réussir à l'école. Enfin, l'association organise des sorties et des activités amusantes pour les familles. L'association est fermée pendant les vacances scolaires."
Association Danton Coeur,"L'Association Dantoncoeur aide les personnes en difficulté à s'intégrer dans la société. Elle offre des cours de langue comme le français, l'anglais et l'arabe. Elle aide aussi les gens à trouver un emploi avec des ateliers pour gagner confiance en soi et d'autres activités. Les enfants peuvent également recevoir de l'aide pour leurs devoirs. Il y a aussi des activités culturelles et des sorties tout au long de l'année, comme des ateliers de remise en forme et des cours de percussions. Pour savoir ce qui se passe, il faut contacter l'Association Dantoncoeur."
Emmaüs Alternatives - Service RSA,"Le service RSA d'Emmaüs Alternatives aide les personnes à faire leur demande de RSA et les accompagne socialement. Pour commencer, il faut téléphoner ou se déplacer pour prendre un rendez-vous. Une fois que la CAF confirme que vous avez droit au RSA, un chargé d'insertion vous sera attribué pour vous aider. Ce chargé d'insertion vous aidera à trouver un emploi, une formation, un logement, etc. Il travaillera avec vous et avec d'autres organismes pour vous aider à vous réinsérer dans la société. Toutes les personnes qui sont aidées par Emmaüs Alternatives peuvent également choisir l'association comme adresse de domicile."
Collectif Aclefeu,"Le collectif Aclefeu aide les familles dans le besoin. Il leur offre des colis alimentaires toutes les deux semaines. Les familles peuvent venir chercher ces colis dans les locaux de l'association. Aclefeu propose aussi des ateliers pour partager des connaissances sur la cuisine, la couture, le bricolage et le jardinage. De plus, il aide les enfants de primaire avec leurs devoirs scolaires."
Centre Socioculturel Coopératif  Le 110,"Le Centre Socioculturel le 110 est un lieu ouvert à tous à Saint-Denis. Il propose des services et des activités pour les enfants et les adultes. Vous pouvez y trouver : des permanences pour aider avec les papiers et les démarches, une aide pour trouver un logement, des cours de français, des cours d'informatique, des activités créatives et des jeux, des sorties en famille. Si la porte est fermée pendant les heures d'ouverture, n'hésitez pas à appeler."
PASS - Hôpital André Grégoire,"La PASS du CHI André Grégoire offre un accueil sans condition et un accompagnement pour les personnes qui ont besoin de soins médicaux mais qui n'y ont pas accès. Cela peut être dû à l'absence de protection sociale, à des conditions de vie difficiles ou à des problèmes financiers. <br> Vous pouvez consulter un médecin généraliste sur rendez-vous tous les mardis de 9h30 à 12h et de 14h à 16h30. Pour prendre rendez-vous, appelez le 01.49.20.71.00. <br> La PASS est ouverte à toute personne qui a un problème de santé et une difficulté sociale, comme : <br> - une rupture de lien social ou un sentiment d'isolement <br> - l'absence de logement stable ou un logement précaire <br> - des problèmes de couverture sociale <br> - des difficultés pour accéder aux soins médicaux. <br> Les personnes qui bénéficient de la PASS ont accès à : <br> - des consultations de médecine spécialisée <br> - un accompagnement social et une aide pour ouvrir des droits à l'assurance maladie avec une assistante sociale <br> - la possibilité de recevoir des médicaments sur ordonnance médicale <br> - l'accès au plateau technique de l'hôpital pour des examens médicaux comme des prises de sang."
Mobil'douche - Saint Denis,"Mobil'douche est un service pour les personnes sans abri ou vivant dans des logements vétustes. Il offre un espace pour se laver et se changer, ainsi que des vêtements propres. L'objectif est également d'aider ces personnes à accéder à d'autres services pour les soutenir. Mobil'douche se déplace dans différentes villes comme Saint Denis, Arcueil, Boulogne et Paris Ouest, en fonction des besoins signalés."
Pro Emploi Interim - Seine Saint Denis - SIAE,Pro Emploi est une entreprise qui aide les personnes à retrouver un emploi. Elle propose des missions temporaires et un accompagnement personnalisé pour aider les gens à se réinsérer dans le monde du travail. Un conseiller est attribué à chaque personne pour l'aider à atteindre son objectif : retrouver un emploi stable dans les deux ans.
Dressing  Solidaire en Ligne,"Il existe un site Internet en Île de France qui met en relation des personnes qui ont trop de vêtements et celles qui en ont besoin. Ces vêtements peuvent servir pour différentes occasions, comme une sortie en famille, un entretien d'embauche ou un rendez-vous administratif. L'association propose également des séances individuelles ou des ateliers pour aider les gens à utiliser le site, ainsi qu'un blog avec des conseils et des ateliers pour améliorer son image et ses compétences en ressources humaines."
Les Compagnons Bâtisseurs de Clichy-sous-Bois,"Les Compagnons Bâtisseurs aident les gens à améliorer leur logement depuis 1957. Ils veulent que tout le monde ait un endroit décent pour vivre. Leur projet s'appelle ""auto-réhabilitation accompagnée"" (ARA). Cela signifie qu'ils aident les familles à réparer leur logement eux-mêmes. Les Compagnons Bâtisseurs sont présents à chaque étape du projet : <b>ils viennent chez les gens</b> pour les aider pendant quelques heures ou plusieurs jours, <b>ils organisent des ateliers</b> pour apprendre des techniques de bricolage, <b>ils prêtent des outils</b> et donnent des conseils pour bien faire les réparations."
Les Compagnons Bâtisseurs de Bobigny,"Les Compagnons Bâtisseurs sont un mouvement qui aide les gens depuis 1957. Ils veulent que tout le monde ait un endroit décent pour vivre et un travail. Ils font cinq choses importantes : <b>insérer les gens dans la société en leur donnant un logement</b>, <b>les aider à trouver un travail grâce à des chantiers de rénovation</b>, <b>former des ouvriers du bâtiment</b>, <b>encourager les bénévoles</b> et <b>gérer une plateforme appelée Soli'Bat</b>."
Les Compagnons Bâtisseurs d'Epinay-sur-Seine,"Les Compagnons Bâtisseurs sont un mouvement qui aide les gens depuis 1957. Ils veulent que tout le monde ait un endroit décent pour vivre et un travail. Ils font cinq choses importantes : <b>insérer les gens dans la société en leur donnant un logement</b>, <b>les aider à trouver un travail grâce à des chantiers de rénovation</b>, <b>former des ouvriers du bâtiment</b>, <b>encourager les bénévoles</b> et <b>gérer une plateforme appelée Soli'Bat</b>."
Les Compagnons Bâtisseurs de Montreuil,"Les Compagnons Bâtisseurs sont un mouvement qui aide les gens depuis 1957. Ils veulent que tout le monde ait un endroit décent pour vivre et un travail. Ils font cinq choses importantes : <b>insérer les gens dans la société en leur donnant un logement</b>, <b>les aider à trouver un travail grâce à des chantiers de rénovation</b>, <b>former des ouvriers du bâtiment</b>, <b>encourager les bénévoles</b> et <b>gérer une plateforme appelée Soli'Bat</b>."
Les Compagnons Bâtisseurs de Villepinte,"Les Compagnons Bâtisseurs sont un mouvement qui aide les gens depuis 1957. Ils veulent que tout le monde ait un endroit décent pour vivre et un travail. Ils font cinq choses importantes : <b>insérer les gens dans la société en leur donnant un logement</b>, <b>les aider à trouver un travail grâce à des chantiers de rénovation</b>, <b>former des ouvriers du bâtiment</b>, <b>encourager les bénévoles</b> et <b>gérer une plateforme appelée Soli'Bat</b>."
Médiathèque Colette,"La médiathèque Colette offre de nombreux services : des livres et journaux à lire sur place, des espaces pour travailler et réviser, des animations comme des spectacles et des ateliers, des ordinateurs à disposition et la possibilité d'emprunter des documents. Tous les services des médiathèques de Plaine Commune sont gratuits et ouverts à tous, vous pouvez en savoir plus sur <a href=""https://www.mediatheques-plainecommune.fr/loffre-des-mediatheques"">le site des médiathèques</a>."
Médiathèque Albert Camus,"La médiathèque Albert Camus offre de nombreux services : des livres et journaux à lire sur place, des espaces pour travailler et réviser, des animations comme des spectacles et des ateliers, des ordinateurs à utiliser librement, ainsi que la possibilité d'emprunter des documents. Tous les services des médiathèques de Plaine Commune sont gratuits et ouverts à tous. Pour en savoir plus, vous pouvez visiter le site : https://www.mediatheques-plainecommune.fr/loffre-des-mediatheques"
Médiathèque Jules Vallès,"La médiathèque Jules Vallès offre de nombreux services. Vous pouvez lire des livres et des journaux sur place. Il y a des espaces pour travailler et réviser. Des animations comme des spectacles, des ateliers et des jeux sont également proposés. Vous pouvez utiliser des ordinateurs gratuitement. Vous pouvez également emprunter des documents. Tous les services des médiathèques de Plaine Commune sont gratuits et ouverts à tous. Pour en savoir plus, vous pouvez visiter le site : https://www.mediatheques-plainecommune.fr/loffre-des-mediatheques"
Médiathèque John Lennon,"La médiathèque John Lennon offre de nombreux services : des livres et journaux à lire sur place, des espaces pour travailler et réviser, des animations comme des spectacles et des ateliers, des ordinateurs à disposition et la possibilité d'emprunter des documents. Tous les services des médiathèques de Plaine Commune sont gratuits et ouverts à tous, vous pouvez en savoir plus sur <a href=""https://www.mediatheques-plainecommune.fr/loffre-des-mediatheques"">le site des médiathèques</a>."
Médiathèque Flora Tristan,"La médiathèque Flora Tristan offre de nombreux services : des livres et journaux à lire sur place, des espaces pour travailler et réviser, des animations comme des spectacles et des ateliers, des ordinateurs à utiliser librement, ainsi que la possibilité d'emprunter des documents. Tous les services des médiathèques de Plaine Commune sont gratuits et ouverts à tous. Pour en savoir plus, vous pouvez visiter le site : https://www.mediatheques-plainecommune.fr/loffre-des-mediatheques"
Médiathèque Centre-Ville Saint-Denis,"La médiathèque Centre-Ville Saint-Denis offre de nombreux services. Vous pouvez lire des livres et des journaux gratuitement. Il y a des espaces pour travailler et réviser. Vous pouvez également assister à des spectacles, participer à des ateliers et jouer. Des ordinateurs sont à votre disposition. Vous pouvez emprunter des documents sans frais. Tous les services des médiathèques de Plaine Commune sont gratuits et ouverts à tous. Pour en savoir plus, visitez <a href=""https://www.mediatheques-plainecommune.fr/loffre-des-mediatheques"">le site web des médiathèques</a>."
Médiathèque Don Quichotte,"La médiathèque Don Quichotte offre de nombreux services. Vous pouvez lire des livres et des journaux sur place. Il y a des espaces pour travailler et réviser. Des animations comme des spectacles, des ateliers et des jeux sont également proposés. Vous pouvez utiliser des ordinateurs gratuitement. Vous pouvez même emprunter des documents pour les prendre chez vous. Tous les services des médiathèques de Plaine Commune sont gratuits et ouverts à tous. Pour en savoir plus, vous pouvez visiter le site : https://www.mediatheques-plainecommune.fr/loffre-des-mediatheques"
Médiathèque Gulliver,"La médiathèque Gulliver offre de nombreux services : des livres et journaux à lire sur place, des espaces pour travailler et réviser, des animations amusantes comme des spectacles et des ateliers, des ordinateurs à utiliser librement, et la possibilité d'emprunter des documents. Tous les services des médiathèques de Plaine Commune sont gratuits et ouverts à tous. Pour en savoir plus, vous pouvez visiter le site : https://www.mediatheques-plainecommune.fr/loffre-des-mediatheques"
Médiathèque Ulysse,"La médiathèque Ulysse offre des livres et des journaux que vous pouvez lire sur place. Vous pouvez également travailler et réviser dans des espaces calmes. Il y a des animations amusantes comme des spectacles, des ateliers et des jeux. Vous pouvez utiliser des ordinateurs gratuitement et emprunter des documents. Tous les services des médiathèques de Plaine Commune sont gratuits et ouverts à tous. Pour en savoir plus, vous pouvez visiter le site : https://www.mediatheques-plainecommune.fr/loffre-des-mediatheques"
Médiathèque Persépolis,"La médiathèque Persépolis offre de nombreux services : des livres et journaux à lire sur place, des espaces pour travailler et réviser, des animations comme des spectacles et des ateliers, des ordinateurs à disposition et la possibilité d'emprunter des documents. Tous les services des médiathèques de Plaine Commune sont gratuits et ouverts à tous, vous pouvez en savoir plus sur <a href=""https://www.mediatheques-plainecommune.fr/loffre-des-mediatheques"">l'offre des médiathèques</a>."
Médiathèque Glarner,"La médiathèque Glarner offre de nombreux services : des livres et journaux à lire sur place, des espaces pour travailler et réviser, des animations comme des spectacles et des ateliers, des ordinateurs à disposition, ainsi que la possibilité d'emprunter des documents. Tous les services des médiathèques de Plaine Commune sont gratuits et ouverts à tous. Vous pouvez trouver plus d'informations sur <a href=""https://www.mediatheques-plainecommune.fr/loffre-des-mediatheques"">l'offre des médiathèques</a>."
Médiathèque Lucie Aubrac,"La médiathèque Lucie Aubrac offre de nombreux services : des livres et journaux à lire sur place, des espaces pour travailler et réviser, des animations comme des spectacles et des ateliers, des ordinateurs à utiliser librement, ainsi que la possibilité d'emprunter des documents. Tous les services des médiathèques de Plaine Commune sont gratuits et ouverts à tous. Pour en savoir plus, vous pouvez visiter le site : https://www.mediatheques-plainecommune.fr/loffre-des-mediatheques"
Médiathèque du Temps Libre,"La médiathèque du Temps Libre offre de nombreux services. Vous pouvez lire des livres et des journaux gratuitement. Il y a des espaces pour travailler et réviser. Vous pouvez également assister à des spectacles, participer à des ateliers et jouer à des jeux. Des ordinateurs sont à votre disposition pour une utilisation libre. Vous pouvez même emprunter des documents. Tous les services des médiathèques de Plaine Commune sont gratuits et ouverts à tous. Pour en savoir plus, vous pouvez visiter le site : https://www.mediatheques-plainecommune.fr/loffre-des-mediatheques"
Médiathèque Louis Aragon,"La médiathèque Louis Aragon offre de nombreux services. Vous pouvez lire des livres et des journaux sur place. Il y a des espaces pour travailler et réviser. Des animations comme des spectacles, des ateliers et des jeux sont également proposés. Vous pouvez utiliser des ordinateurs gratuitement. Vous pouvez également emprunter des documents. Tous les services des médiathèques de Plaine Commune sont gratuits et ouverts à tous. Pour plus d'informations, vous pouvez visiter le site : https://www.mediatheques-plainecommune.fr/loffre-des-mediatheques"
Aurore - Aubervilliers,"L'association Aurore offre un service pour les personnes qui vivent en Seine-Saint-Denis. Ce service comprend un endroit pour recevoir son courrier, un lieu pour déposer ses bagages, une aide sociale pour les personnes qui en ont besoin et un petit-déjeuner."
360 Degrés Sud,"360°SUD est une association qui travaille pour le développement durable. Elle propose des activités pour réduire les déchets et promouvoir l'environnement. L'association a un poulailler, des ruches, une mare écologique et des toilettes sèches. Elle organise des ateliers pour réparer des vélos et propose des repas solidaires à prix libre. L'association a également un four à pain itinérant qui permet de fabriquer des pains du monde entier. Pour participer aux activités, il faut adhérer à l'association. Les tarifs d'adhésion sont les suivants : 5  pour les adultes, 5  pour les enfants et les tarifs réduits, et 100  pour les structures. L'adhésion est valable pour un an et permet de participer à des ateliers, des trocs mensuels et à la permaculture. L'association organise également des événements spéciaux comme ""la semaine à 360"" en novembre. Elle propose des paniers alimentaires à prix réduit pour les familles en situation de précarité et des soirées familiales pour fabriquer des pizzas."
Bibliothèque de Clichy-Sous-Bois,"La Bibliothèque Municipale Cyrano de Bergerac à Clichy-sous-bois est ouverte à tous. Vous pouvez vous inscrire et emprunter des livres gratuitement. Pour vous inscrire, il faut apporter un justificatif de domicile et une autorisation parentale si vous êtes mineur. Avec votre carte, vous pouvez emprunter 10 livres, 10 magazines, 2 CD-ROM, 4 CD audio et 4 usuels pour un mois. La bibliothèque propose également du wifi, des ordinateurs, des salles d'études et est accessible aux personnes à mobilité réduite. Elle est ouverte un dimanche par mois de 14h à 18h, vous pouvez consulter les horaires sur le site."
Régie de quartier Les Rayons - Stains,"L'association Les Rayons est une structure qui aide les gens à trouver du travail et à améliorer leur quartier. Elle est située à Stains, en Seine-Saint-Denis. L'association a été créée en 2013 pour résoudre des problèmes comme le chômage, la propreté et la vie en communauté. Ses objectifs sont d'améliorer la vie quotidienne et de rendre le quartier plus beau. Elle aide les habitants de Stains à trouver un emploi et à s'intégrer dans la société. L'association a deux conventions : elle est une Entreprise d'Insertion et un Atelier Chantier d'Insertion. Elle travaille également pour renforcer les liens entre les gens du quartier, encourager la participation des habitants et développer les activités associatives."
Linkee - Université de Saint-Denis,"L'association Linkee Paris offre des paniers alimentaires gratuits aux étudiants. Ces paniers sont disponibles plusieurs fois par semaine à Paris et en banlieue. Chaque panier pèse 5 kilos et contient des produits biologiques et des plats préparés de qualité. Pour en bénéficier, il suffit de présenter une carte d'étudiant ou un certificat de scolarité. Vous pouvez vous inscrire en ligne pour chaque distribution, sans limite de participation. Les inscriptions sont simples et rapides, il suffit de remplir un formulaire."
Régie de quartier de Saint-Denis,"La régie de quartier de St Denis veut améliorer la vie quotidienne et rendre les quartiers plus beaux. Elle aide les habitants à trouver du travail et à se réinsérer dans la vie professionnelle. La régie propose aussi un Vide Grenier où l'on peut acheter des meubles, des accessoires de cuisine, des électroménagers et des vêtements à très bas prix, comme des tee-shirts à 0,10 centime."
Régie de quartier du Blanc-Mesnil (EI),Il semble qu'il n'y ait pas de texte à simplifier. Pourriez-vous me fournir le texte que vous souhaitez que je réécrive en langage clair et accessible à tous ? Je serai ravi de vous aider.
Ressourcerie 2 mains,"La Ressourcerie 2mains est une association qui aide les gens sans chercher à gagner de l'argent. Elle ramasse des objets qui peuvent encore servir comme des meubles, des appareils électriques, des vêtements, de la vaisselle, des jouets, des livres, des vélos, etc. Elle les rend présentables et les vend à bas prix pour que tout le monde puisse s'équiper. Cette association aide aussi des personnes qui ont du mal à trouver du travail en leur donnant un emploi et en les aidant à se réinsérer dans la vie professionnelle de manière durable."
IDEES INTERIM - Aulnay-sous-Bois,"ID'EES INTERIM est une entreprise qui aide les gens à trouver du travail temporaire. Elle propose ses employés à des entreprises qui travaillent dans différents domaines, comme <b>la construction</b>, <b>la collecte et le traitement des déchets</b>, <b>les travaux publics</b>, <b>le nettoyage</b> et <b>la logistique</b>. L'entreprise aide également ses employés à s'intégrer dans la société et à trouver un travail stable."
Services Perso,"Services Perso propose des emplois sur mesure pour les professionnels et les particuliers. Vous pouvez trouver des personnes pour aider avec des tâches comme le jardinage, le ménage, le bricolage, les déménagements, le rangement, les petits travaux, la préparation de repas, le repassage, les courses, le baby-sitting, les promenades, la manutention et les chantiers."
Femmes ACTIVES,"L'association Femmes ACTIVES offre un atelier appelé ""Fer et Refaire"" pour aider les hommes et les femmes des quartiers populaires à retrouver un emploi stable. Elle propose également des ateliers pour que les habitants de ces quartiers découvrent de nouvelles choses et s'impliquent dans leur communauté."
ID'EES INTERIM- Clichy-sous-Bois,"ID'EES INTERIM est une entreprise qui aide les gens à trouver du travail temporaire. Elle propose ses employés à des entreprises qui travaillent dans différents domaines, comme <b>la construction</b>, <b>la collecte et le traitement des déchets</b>, <b>les travaux publics</b>, <b>le nettoyage</b> et <b>la logistique</b>. L'entreprise aide également ses employés à s'intégrer dans la société et à trouver un travail stable."
Humando Insertion,L'agence Humando Insertion Pantin aide des personnes à trouver un emploi dans le bâtiment et les travaux publics en leur donnant une formation pour les préparer à ces métiers.
ACI Les saveurs de la passerelle,"L'ACI Les saveurs de la passerelle est un projet pour aider les gens à trouver un travail dans la restauration. Il est géré par l'association P2i. Si vous êtes intéressé, vous pouvez vous inscrire sur la plateforme de l'inclusion. L'association P2i existe depuis 2006 et aide les gens dans différents domaines comme la santé, la famille, l'école, la langue française et la recherche d'un emploi."
Self Intérim -  Bondy,"Self Intérim est une entreprise qui aide les gens à trouver un travail temporaire. Elle a été créée en 1998. L'entreprise propose un accompagnement pour trouver un emploi dans différents domaines comme la construction, le nettoyage, les jardins, les bureaux et la logistique."
Self Intérim - Neuilly-sur-Marne,"Self Intérim vous aide à trouver un emploi temporaire dans différents domaines comme le bâtiment, le nettoyage, les espaces verts et les bureaux."
Lemon Tri,"Lemon Tri est une entreprise qui aide les gens à trouver un travail stable. Ses équipes apprennent des métiers qui ont un avenir prometteur et où il y a beaucoup de chances de trouver du travail, comme la gestion des déchets et l'économie circulaire."
Association Philotechnique de Saint-Denis,"L'Association Philotechnique de Saint Denis existe depuis 1861. Elle aide les gens à apprendre la langue française pour trouver un emploi. L'association travaille avec des migrants pour les aider à s'intégrer dans la société française. Elle collabore avec différents organismes comme les centres de formation, l'OFII, la Région, le Département, etc. L'association propose des formations linguistiques pour les personnes qui viennent d'arriver en France, ainsi que pour celles qui sont déjà installées depuis moins de 5 ans. Elle offre également des formations pour les personnes qui ont du mal à trouver un emploi. Actuellement, l'association travaille avec des jeunes de 16 à 25 ans pour les aider à trouver un emploi et à développer leurs compétences professionnelles. Elle propose également un accueil individualisé pour les demandeurs d'emploi et les personnes qui veulent apprendre le français. L'association met en place des parcours d'orientation professionnelle et des parcours d'accueil pour les demandeurs de cours de français."
Atelier R-ARE,L'Atelier R-ARE est une association qui propose un atelier spécial pour recycler des bois usés du bâtiment. On les transforme en objets nouveaux ou en aménagements sur mesure.
Secours Catholique d'Aulnay - cité de l'Europe,"Le Secours Catholique d'Aulnay - cité de l'Europe offre deux services : 
- un accompagnement juridique pour les personnes étrangères ayant des problèmes administratifs, disponible le jeudi matin, 
- et une permanence d'accueil, d'écoute et d'accompagnement pour tous, le mercredi matin, pour aider les gens à comprendre leurs droits et les orienter."
Sol'eil - Solutions & Conseil en gestion de vie quotidienne,"Sol'eil est un service qui aide les gens avec leur logement, leur budget et leur vie quotidienne. Il est proposé par Nolwenn AIMÉ, une conseillère en économie sociale familiale diplômée depuis 2010. Ce service est pour les particuliers, les associations, les entreprises et les structures médico-sociales. Nolwenn aide les gens avec son expérience dans le logement et le maintien à domicile. Elle propose aussi des activités artistiques pour aider les gens de manière créative. Vous pouvez la contacter au 07 68 01 07 03 ou par mail à n.aime.soleil@gmail.com. Elle propose des consultations individuelles, des permanences ou des ateliers collectifs selon vos besoins."
Pimms Médiation Noisy-le-Grand,"Le Pimms Médiation Noisy-le-Grand aide les gens dans plusieurs domaines : accès aux droits, inclusion numérique et lutte contre la précarité énergétique. Cette association est reconnue par France Services et Point Conseil Budget. Elle propose : un accueil et une aide pour les démarches administratives comme l'ouverture des droits de santé, les impôts, l'inscription à France Travail ou la CAF. Elle aide aussi les personnes ayant des problèmes financiers, comme les dettes ou l'exclusion bancaire. Le Pimms organise des ateliers pour aider les gens à gérer leur budget et à se réinsérer dans la société. Elle propose également des ateliers pour apprendre les bases de l'informatique et aide les personnes qui ont des problèmes pour payer leurs factures d'énergie."
Vous et Votre Projet (PCB 93),"L'association Vous et Votre Projet est un point de conseil pour les problèmes de budget à Saint-Denis. Elle aide les personnes qui ont des difficultés avec leur argent. L'association accompagne ceux qui ont trop de dettes, qui ne peuvent pas avoir de compte en banque ou qui ont des problèmes avec leurs crédits. Elle aide également les personnes à gérer mieux leurs dépenses. L'association propose aussi des petits prêts pour aider les personnes à réaliser leurs projets. Vous pouvez joindre l'association par téléphone pendant les heures d'ouverture ou venir le mardi de 13h30 à 18h pour discuter de vos problèmes de budget."
Point Conseil Budget Bobigny - UDAF 93,Les Points Conseil Budget (PCB) sont des lieux où vous pouvez obtenir des conseils gratuits et confidentiels pour gérer votre budget. Ils aident les personnes qui ont des problèmes financiers ou qui veulent améliorer leur gestion d'argent. Les PCB sont des services gratuits agréés par l'État. Ils ont pour but de prévenir les problèmes de dettes et d'aider les gens à bien gérer leur argent. Les conseillers sociaux écoutent et aident les personnes à trouver des solutions pour équilibrer leur budget. Ils peuvent également aider pour les démarches liées aux problèmes de dettes. Les objectifs des PCB sont de prévenir les problèmes de dettes et d'éduquer les gens sur la gestion de leur argent. Le Point Conseil Budget de Bobigny se trouve dans les locaux de l'UDAF 93 et est ouvert à tous.
Alcooliques Anonymes Les Lilas,"Alcooliques Anonymes est un groupe international d'hommes et de femmes qui veulent arrêter de boire. Ils se réunissent pour s'entraider. La seule condition pour rejoindre le groupe est de vouloir arrêter de boire. Il n'y a pas de frais d'inscription ni de cotisation. Vous pouvez visiter leur <a href=""#"">site internet</a> pour connaître les dates des réunions. Les informations sont mises à jour régulièrement. Vous pouvez également appeler le <a href=""tel:0969394020"">09 69 39 40 20</a> 24 heures sur 24 pour obtenir de l'aide."
Alcooliques Anonymes Montreuil,"Alcooliques Anonymes est un groupe international d'hommes et de femmes qui veulent arrêter de boire. Ils se réunissent pour s'entraider. La seule condition pour rejoindre le groupe est de vouloir arrêter de boire. Il n'y a pas de frais d'inscription ni de cotisation. Vous pouvez visiter leur <a href=""#"">site internet</a> pour connaître les dates des réunions. Les informations sont mises à jour régulièrement. Vous pouvez également appeler le <a href=""tel:0969394020"">09 69 39 40 20</a> 24 heures sur 24 pour obtenir de l'aide."
Alcooliques Anonymes Saint-Denis,"Alcooliques Anonymes est un groupe d'hommes et de femmes qui veulent arrêter de boire. Ils se réunissent pour s'aider mutuellement. La seule condition pour rejoindre le groupe est de vouloir arrêter de boire. Il n'y a pas de frais d'inscription ni de cotisation. Vous pouvez visiter leur <a href=""#"">site internet</a> pour connaître les dates et heures des réunions. Les informations sont mises à jour régulièrement. Si vous avez besoin d'aide, vous pouvez appeler le <a href=""tel:0969394020"">09 69 39 40 20</a> 24 heures sur 24."
Wimoov - Pantin,Il semble qu'il n'y ait pas de texte à simplifier. Pourriez-vous me fournir le texte que vous souhaitez que je réécrive en langage clair et accessible à tous ? Je serai ravi de vous aider.
AL-ANON - Noisy le Grand,"Les groupes Al-Anon sont pour les familles et amis d'alcooliques. Ils se réunissent pour partager leurs expériences et trouver de l'aide. Le but est de résoudre les problèmes causés par la vie avec un alcoolique. Tous les membres restent anonymes. Vous pouvez trouver les horaires des réunions sur leur <a href=""#"">site internet</a>."
Bicyclo - La Maison du Vélo de Saint-Denis,"SoliCycle est un atelier de vélo solidaire qui existe depuis 2007. Il est géré par l'association Études et Chantiers Ile-de-France, qui propose des activités pour aider les gens à s'insérer dans la société. Les ateliers SoliCycle ont pour but de réparer des vélos et de les revendre, tout en aidant les gens à se former et à se réinsérer. <b>Voici ce que font les ateliers SoliCycle :</b> ils organisent des sessions d'autoréparation pour leurs adhérents tous les samedis, récupèrent plus de 2000 vélos par an pour les réparer et les revendre, et proposent des séances de ""vélo-école"" pour les adultes. <b>Pour nous contacter :</b> vous pouvez nous appeler pour prendre rendez-vous pour une autoréparation ou une prestation de réparation, ou venir sans rendez-vous pour une prestation de réparation express. Suivez-nous sur les réseaux pour être informé de nos fermetures exceptionnelles et de nos événements."
Fontaine à eau,Il semble qu'il n'y ait pas de texte à simplifier. Pourriez-vous me fournir le texte que vous souhaitez que je réécrive en langage clair et accessible à tous ? Je serai ravi de vous aider.
Secours Catholique - Les Pavillons-sous-Bois,"Le Secours Catholique aide les personnes dans le besoin. Il veut que tout le monde soit traité avec amour et respect. Pour cela, il travaille avec d'autres organisations pour aider ceux qui sont les plus seuls ou les plus marginalisés. Il lutte contre l'exclusion et veille à ce que chacun soit traité avec dignité. À Pavillons-sous-Bois, il propose un accueil chaleureux avec écoute, aide et soutien financier pour ceux qui en ont besoin."
TAE - Travailler et Apprendre Ensemble,Travailler et Apprendre Ensemble est une entreprise qui aide les gens. Elle vend des ordinateurs reconditionnés à des prix bas. Ces ordinateurs sont garantis et vendus directement aux clients. L'entreprise travaille avec le Chèque Réussite pour aider encore plus de personnes.
DOM'ASILE Permanence Droits Sociaux de Montreuil,"Aide pour les personnes exilées qui ont des problèmes pour accéder à leurs droits sociaux, comme les soins médicaux ou un endroit pour vivre. La permanence est ouverte le vendredi de 9h30 à 12h à la Maison des associations, 60 Rue Franklin, 93100 Montreuil."
Caisse Primaire Assurance Maladie (CPAM ) - agence d'Epinay sur Seine,"La CPAM a plusieurs missions : 
- elle s'occupe de l'inscription des personnes à l'Assurance Maladie et gère leurs droits, 
- elle traite les feuilles de soins et verse les prestations d'assurance maladie, 
- elle aide à prévenir les maladies et à promouvoir la santé, 
- elle propose des aides individuelles et collectives pour les personnes dans le besoin. 
Vous pouvez faire vos démarches en ligne avec le service Ameli, par exemple pour envoyer une feuille de soins, déclarer une perte de carte vitale, changer d'adresse, demander une carte européenne d'assurance maladie, consulter vos remboursements, trouver un professionnel de santé ou consulter votre calendrier vaccinal."
Caisse Primaire d'Assurance Maladie (CPAM) - agence d'Aulnay sous Bois,"Les missions de la CPAM sont : affilier les assurés sociaux et gérer leurs droits, traiter les feuilles de soins et assurer les remboursements, appliquer un plan d'action pour la gestion du risque, développer la prévention et la promotion de la santé, et assurer une politique d'action sanitaire et sociale. Vous pouvez effectuer vos démarches en ligne avec Ameli, comme envoyer une feuille de soins, signaler une perte de carte vitale, changer d'adresse, demander une carte européenne d'assurance maladie, consulter vos remboursements, trouver un professionnel de santé ou consulter votre calendrier vaccinal."
Caisse Primaire Assurance Maladie (CPAM) - agence de Saint Denis,"Les missions de la CPAM sont : affilier les assurés sociaux et gérer leurs droits, traiter les feuilles de soins et assurer les remboursements, appliquer un plan d'action pour la gestion du risque, développer la prévention et la promotion de la santé, et assurer des aides individuelles et collectives. Vous pouvez effectuer vos démarches en ligne avec Ameli, comme envoyer une feuille de soins, signaler une perte de carte vitale, changer d'adresse, demander une carte européenne d'assurance maladie, consulter vos remboursements, trouver un professionnel de santé ou consulter votre calendrier vaccinal."
Caisse Primaire Assurance Maladie (CPAM) - agence de Montreuil,"Les missions de la CPAM sont : affilier les assurés sociaux et gérer leurs droits, traiter les feuilles de soins et assurer les remboursements, appliquer un plan d'action pour la gestion du risque, développer la prévention et la promotion de la santé, et assurer des aides individuelles et collectives. Vous pouvez effectuer vos démarches en ligne avec Ameli, comme envoyer une feuille de soins, signaler une perte de carte vitale, changer d'adresse, demander une carte européenne d'assurance maladie, consulter vos remboursements, trouver un professionnel de santé ou consulter votre calendrier vaccinal."
Caisse Primaire d'Assurance Maladie (CPAM) - agence de Noisy-Le-Sec,"Les missions de la CPAM sont : affilier les assurés sociaux et gérer leurs droits, traiter les feuilles de soins et assurer les remboursements, appliquer un plan d'action pour la gestion du risque, développer la prévention et la promotion de la santé, et assurer une politique d'action sanitaire et sociale. Vous pouvez effectuer vos démarches en ligne avec Ameli, comme envoyer une feuille de soins, signaler une perte de carte vitale, changer d'adresse, demander une carte européenne d'assurance maladie, consulter vos remboursements, trouver un professionnel de santé, ou consulter votre calendrier vaccinal."
Linkee - Pantin,"L'association Linkee Paris offre des paniers alimentaires gratuits aux étudiants. Ces paniers sont disponibles plusieurs fois par semaine à Paris et en banlieue. Chaque panier pèse 5 kilos et contient des produits biologiques et des plats préparés de qualité. Pour en bénéficier, il suffit de présenter une carte d'étudiant ou un certificat de scolarité. Vous pouvez vous inscrire en ligne pour chaque distribution, sans limite de participation. Les inscriptions sont simples et rapides, il suffit de remplir un formulaire."
PASS de ville - CMS Henri Barbusse,La Permanence d'Accès aux Soins de Santé (PASS) à Saint-Ouen aide les personnes sans assurance maladie à obtenir des soins de base sans payer d'avance. La PASS est située au Centre Municipal de Santé Henri Barbusse. Elle offre : des consultations médicales ; des soins infirmiers ; des médicaments ; des analyses et des examens d'imagerie ; une aide pour comprendre les soins de santé et ouvrir ses droits à l'assurance maladie.
Cultures du Coeur 93,"L'association Cultures du Cur Seine-Saint-Denis existe depuis 20 ans dans le département. Elle pense que la culture et le sport doivent être accessibles à tous, sans condition. C'est un droit fondamental pour chaque personne. L'association travaille pour que les gens puissent accéder à la culture, au sport et aux loisirs, et pour aider les personnes qui sont exclues de la société. Elle demande à des structures culturelles et sportives d'ouvrir leurs portes à ces personnes. Elle propose des invitations, des visites, des ateliers et des stages pour découvrir les arts, la culture et les sports. L'association travaille également avec des partenaires sociaux, médico-sociaux et éducatifs pour identifier les personnes qui ont besoin d'aide et pour leur proposer des activités culturelles. Elle met en place des actions pour aider les gens à accéder à la culture et au sport, et pour promouvoir l'équité sociale."
Caisse Allocations Familiales (CAF) - Bobigny,"La Caisse d'Allocation Familiale (CAF) de Seine-Saint-Denis est là pour vous aider. Vous pouvez la contacter avec ou sans rendez-vous. Avant de prendre rendez-vous, vous pouvez trouver beaucoup d'informations sur le site de la CAF. En vous connectant à votre compte, vous pouvez faire beaucoup de choses en ligne, comme estimer vos droits, déclarer un changement de situation, demander une aide au logement, déclarer vos ressources annuelles, télécharger un formulaire et envoyer un mail à la CAF. Vous pouvez aussi appeler la CAF au 32 30 (prix d'un appel local) du lundi au vendredi de 9h à 16h30 pour parler à un conseiller. Il y a aussi des points d'accueil dans le département où vous pouvez utiliser des ordinateurs pour aller sur les sites de la CAF et d'autres services. Si vous avez une situation compliquée, vous devez prendre rendez-vous par téléphone ou dans un point d'accueil pour discuter avec un conseiller."
Caisse Allocations Familiales (CAF) - Aulnay sous Bois,"La Caisse d'Allocation Familiale (CAF) de Seine-Saint-Denis est là pour vous aider. Vous pouvez la contacter avec ou sans rendez-vous. Avant de prendre rendez-vous, vous pouvez trouver beaucoup d'informations sur le site de la CAF. En vous connectant à votre compte, vous pouvez faire beaucoup de choses en ligne, comme estimer vos droits, déclarer un changement de situation, demander une aide au logement, déclarer vos ressources annuelles, télécharger un formulaire et envoyer un mail à la CAF. Vous pouvez aussi appeler la CAF au 32 30 (prix d'un appel local) du lundi au vendredi de 9h à 16h30 pour parler à un conseiller. Il y a aussi des points d'accueil dans le département où vous pouvez utiliser des ordinateurs pour aller sur les sites de la CAF et d'autres services. Si vous avez une situation compliquée, vous devez prendre rendez-vous par téléphone ou dans un point d'accueil pour discuter avec un conseiller."
Caisse Allocations Familiales (CAF) - Noisy le Grand,"La Caisse d'Allocation Familiale (CAF) de Seine-Saint-Denis est là pour vous aider. Vous pouvez la contacter avec ou sans rendez-vous. Avant de prendre rendez-vous, vous pouvez trouver beaucoup d'informations sur le site de la CAF. En vous connectant à votre compte, vous pouvez faire beaucoup de choses en ligne, comme estimer vos droits, déclarer un changement de situation, demander une aide au logement, déclarer vos ressources annuelles, télécharger un formulaire et envoyer un mail à la CAF. Vous pouvez aussi appeler la CAF au 32 30 (prix d'un appel local) du lundi au vendredi de 9h à 16h30 pour parler à un conseiller. Il y a aussi des points d'accueil dans le département où vous pouvez utiliser des ordinateurs pour aller sur les sites de la CAF et d'autres services. Si vous avez une situation compliquée, vous devez prendre rendez-vous par téléphone ou dans un point d'accueil pour discuter avec un conseiller."
Caisse Allocations Familiales (CAF) - Rosny sous Bois,"La Caisse d'Allocation Familiale (CAF) de Seine-Saint-Denis est là pour vous aider. Vous pouvez la contacter avec ou sans rendez-vous. Avant de prendre rendez-vous, vous pouvez trouver beaucoup d'informations sur le site de la CAF. En vous connectant à votre compte, vous pouvez faire beaucoup de choses en ligne, comme estimer vos droits, déclarer un changement de situation, demander une aide au logement, déclarer vos ressources annuelles, télécharger un formulaire et envoyer un mail à la CAF. Vous pouvez aussi appeler la CAF au 32 30 (prix d'un appel local) du lundi au vendredi de 9h à 16h30 pour parler à un conseiller. Il y a aussi des points d'accueil dans le département où vous pouvez utiliser des ordinateurs pour aller sur les sites de la CAF et d'autres services. Si vous avez une situation compliquée, vous devez prendre rendez-vous par téléphone ou dans un point d'accueil pour discuter avec un conseiller."
Caisse Allocations Familiales (CAF) - Saint Denis,"La Caisse d'Allocation Familiale (CAF) de Seine-Saint-Denis est là pour vous aider. Vous pouvez la contacter avec ou sans rendez-vous. Avant de prendre rendez-vous, vous pouvez trouver beaucoup d'informations sur le site de la CAF. En vous connectant à votre compte, vous pouvez faire beaucoup de choses en ligne, comme estimer vos droits, déclarer un changement de situation, demander une aide au logement, déclarer vos ressources annuelles, télécharger un formulaire et envoyer un mail à la CAF. Vous pouvez aussi appeler la CAF au 32 30 (prix d'un appel local) du lundi au vendredi de 9h à 16h30 pour parler à un conseiller. Il y a aussi des points d'accueil dans le département où vous pouvez utiliser des ordinateurs pour aller sur les sites de la CAF et d'autres services. Si vous avez une situation compliquée, vous devez prendre rendez-vous par téléphone ou dans un point d'accueil pour discuter avec un conseiller."
Caisse Primaire d'Assurance Maladie (CPAM) - agence de Montfermeil,"Les missions de la CPAM sont : affilier les assurés sociaux et gérer leurs droits, traiter les feuilles de soins et assurer les remboursements, appliquer un plan d'action pour la gestion du risque, développer la prévention et la promotion de la santé, et assurer une politique d'action sanitaire et sociale. Vous pouvez effectuer vos démarches en ligne avec Ameli, comme envoyer une feuille de soins, signaler une perte de carte vitale, changer d'adresse, demander une carte européenne d'assurance maladie, consulter vos remboursements, trouver un professionnel de santé ou consulter votre calendrier vaccinal."
Caisse Primaire d'Assurance Maladie (CPAM) - agence de Noisy le Grand,"Les missions de la CPAM sont : affilier les assurés sociaux et gérer leurs droits, traiter les feuilles de soins et assurer les remboursements, appliquer un plan d'action pour la gestion du risque, développer la prévention et la promotion de la santé, et assurer des aides individuelles et collectives. Vous pouvez effectuer vos démarches en ligne avec Ameli, comme envoyer une feuille de soins, signaler une perte de carte vitale, changer d'adresse, demander une carte européenne d'assurance maladie, consulter vos remboursements, trouver un professionnel de santé ou consulter votre calendrier vaccinal."
Caisse Primaire d'Assurance Maladie (CPAM) - agence de Stains,"Les missions de la CPAM sont : affilier les assurés sociaux et gérer leurs droits, traiter les feuilles de soins et assurer les remboursements, appliquer un plan d'action pour la gestion du risque, développer la prévention et la promotion de la santé, et assurer une politique d'action sanitaire et sociale. Vous pouvez effectuer vos démarches en ligne avec Ameli, comme envoyer une feuille de soins, signaler une perte de carte vitale, changer d'adresse, demander une carte européenne d'assurance maladie, consulter vos remboursements, trouver un professionnel de santé, ou consulter votre calendrier vaccinal."
Caisse Primaire d'Assurance Maladie (CPAM) - agence de Tremblay en France,"Les missions de la CPAM sont : affilier les assurés sociaux et gérer leurs droits, traiter les feuilles de soins et assurer les remboursements, appliquer un plan d'action pour la gestion du risque, développer la prévention et la promotion de la santé, et assurer des aides individuelles et collectives. Vous pouvez effectuer vos démarches en ligne avec Ameli, comme envoyer une feuille de soins, signaler une perte de carte vitale, changer d'adresse, demander une carte européenne d'assurance maladie, consulter vos remboursements, trouver un professionnel de santé ou consulter votre calendrier vaccinal."
Caisse Primaire d'Assurance Maladie (CPAM) - agence de La Courneuve,"Les missions de la CPAM sont : affilier les assurés sociaux et gérer leurs droits, traiter les feuilles de soins et assurer les remboursements, appliquer un plan d'action pour la gestion du risque, développer la prévention et la promotion de la santé, et assurer une politique d'action sanitaire et sociale. Vous pouvez effectuer vos démarches en ligne avec le service ""Ameli"" pour des tâches comme l'envoi d'une feuille de soins, la perte de votre carte vitale, le changement d'adresse, la carte européenne d'assurance maladie, les remboursements, l'annuaire des professionnels de santé et le calendrier vaccinal."
Le 6b,"Le 6b est un lieu de création artistique et culturelle à Saint-Denis depuis 2010. Il propose des ateliers de création, des chantiers participatifs et des moments de rencontre. Vous pouvez y assister à des concerts, expositions, pièces de théâtre, karaoké et dj sets, la plupart étant gratuits. Le 6b accueille aussi des distributions alimentaires pour les étudiants de l'association Linkee."
Association Germinal Seine Saint-Denis,"L'association Germinal aide les entrepreneurs à développer leur entreprise. Nous leur offrons des solutions pratiques pour consolider et développer leur activité. Notre équipe à Paris est spécialisée dans plusieurs domaines et accompagne les entrepreneurs individuellement ou en groupe. Nous leur donnons les moyens de développer leurs compétences et de devenir plus autonomes. Cela leur permet d'acquérir de nouvelles compétences, d'être plus indépendants et de bénéficier de notre réseau de partenaires. L'association Germinal propose un accompagnement gratuit de 6 mois, renouvelable jusqu'à 2 ans, accessible avec le pass IAE."
SBC Insertion 93,Sbc Insertion aide les personnes à retrouver un emploi stable. Elle travaille avec des entreprises et des partenaires pour aider les gens à trouver un travail qui leur convient. L'objectif est de donner aux personnes en difficulté les outils et le soutien nécessaires pour obtenir un emploi durable et améliorer leur situation.
Solienka,"Solienka est une association qui aide les gens à prendre soin de leur santé mentale. Elle propose des séances de soutien psychologique, des groupes de discussion pour les parents, notamment ceux qui ont des enfants handicapés. Elle organise aussi des ateliers pour aider les parents à mieux élever leurs enfants et des entretiens pour soutenir les familles. Ces activités sont réservées aux personnes qui vivent à Montreuil, en particulier à celles qui habitent dans les quartiers qui ont le plus besoin d'aide. Pour les professionnels, Solienka propose des formations, des sensibilisations et des groupes de discussion pour améliorer leurs pratiques."
Bol d'Air - La Passerelle,"Bol d'Air - La Passerelle offre des séances d'écoute et de soutien pour aider les personnes à surmonter des difficultés et à trouver un sens à leur vie. Nous travaillons avec d'autres services pour vous aider à trouver l'aide dont vous avez besoin, comme des centres de santé mentale, des services sociaux, des professionnels de la santé et des avocats. Nous sommes également en lien avec des groupes de soutien mutuel à Bondy, Bobigny et Montreuil, qui proposent des activités culturelles, artistiques et sportives. Nous pouvons vous orienter vers ces services si vous en avez besoin."
Médiathèque Annie Ernaux,"La médiathèque Annie Ernaux offre de nombreux services : des livres et journaux à lire sur place, des espaces pour travailler et réviser, des animations comme des spectacles et des ateliers, des ordinateurs à utiliser librement, ainsi que la possibilité d'emprunter des documents. Tous les services des médiathèques de Plaine Commune sont gratuits et ouverts à tous. Pour en savoir plus, vous pouvez visiter le site : https://www.mediatheques-plainecommune.fr/loffre-des-mediatheques"
Consultation prénatale de prévention pour les pères au Centre Municipal de Santé Savattero,"L'arrivée d'un enfant est une bonne occasion pour le deuxième parent de vérifier son état de santé. La consultation prénatale est une visite de santé globale qui permet de discuter de vos habitudes de vie, de vérifier vos vaccins, de faire des dépistages même si vous vous sentez bien. C'est une façon de prévenir les problèmes de santé. <b>Pourquoi faire cette consultation ?</b> Vous pourrez ouvrir vos droits sociaux si vous n'en avez pas, trouver un médecin traitant si vous n'en avez pas, et être orienté vers un autre professionnel si besoin. <b>Comment ça marche ?</b> La consultation est confidentielle et gratuite, mais uniquement sur rendez-vous. Vous pouvez aller au CeGIDD de l'hôpital André Grégoire le lundi de 17h à 20h ou le mercredi de 14h à 19h."
Consultation prénatale de prévention pour les pères au CeGIDD de l'hôpital André Grégoire,"L'arrivée d'un enfant est une bonne occasion de vérifier votre santé. La consultation prénatale pour les futurs pères est une consultation de santé globale qui permet de discuter de vos habitudes de vie, de mettre à jour vos vaccins et de faire des dépistages, même si vous vous sentez bien. C'est une façon de prévenir les problèmes de santé. <span>Vous pourrez également ouvrir vos droits sociaux si vous n'en avez pas, trouver un médecin traitant si vous n'en avez pas et être orienté vers d'autres professionnels de santé si besoin.</span> <span>Cette consultation est gratuite, confidentielle et nécessite un rendez-vous.</span> <span>Elle est disponible au Centre Municipal de Santé Savatterro les lundis et mercredis de 9h à 12h, le mardi de 14h à 17h et le jeudi de 15h à 18h.</span>"
"Camion des Restos du Coeur - Le Bourget, La Courneuve, Bobigny, Saint-Denis","Le camion des Restos du Coeur distribue des repas chauds. Il est préférable d'arriver avant l'heure prévue, car le camion peut arriver plus tôt. Les horaires sont approximatifs et la distribution peut être annulée si il n'y a pas suffisamment de bénévoles."
"Camion des Restos du Coeur - Saint-Denis, Saint-Ouen","Le camion des Restos du Coeur distribue des repas chauds. Il est préférable d'arriver avant l'heure prévue, car le camion peut arriver plus tôt. Les horaires sont approximatifs et la distribution peut être annulée si il n'y a pas suffisamment de bénévoles."
"Camion des Restos du Coeur - Drancy, Aubervilliers","Le camion des Restos du Coeur distribue des repas chauds. Il est préférable d'arriver avant l'heure prévue, car le camion peut arriver plus tôt. Les horaires sont approximatifs et la distribution peut être annulée si il n'y a pas assez de bénévoles."
"Camion des Restos du Coeur - Pantin, Montreuil","Le camion des Restos du Coeur distribue des repas chauds. Il est préférable d'arriver avant l'heure prévue, car le camion peut arriver plus tôt. Les horaires sont approximatifs et la distribution peut être annulée si il n'y a pas assez de bénévoles."
"Camion des Restos du Coeur - Aulnay, Rosny, Pantin, Les Lilas, Montreuil","Le camion des Restos du Coeur distribue des repas chauds. Il est préférable d'arriver avant l'heure prévue, car le camion peut arriver plus tôt. Les horaires sont approximatifs et la distribution peut être annulée si il n'y a pas assez de bénévoles."
"Camion des Restos du Coeur - Drancy, Sevran","Le camion des Restos du Coeur distribue des repas chauds. Il est préférable d'arriver avant l'heure prévue, car le camion peut arriver plus tôt. Les horaires sont approximatifs et la distribution peut être annulée si il n'y a pas suffisamment de bénévoles."
"Camion des Restos du Coeur - Aulnay, Sevran, Villepinte, Tremblay-en-France, Noisy-le-Grand","Le camion des Restos du Coeur distribue des repas chauds. Il est préférable d'arriver avant l'heure prévue, car le camion peut arriver plus tôt. Les horaires sont approximatifs et la distribution peut être annulée si il n'y a pas suffisamment de bénévoles."
La Blague - Café Associatif,La Blague est un espace ouvert à tous à Aubervilliers. C'est un endroit où les habitants du quartier de la Maladrerie - Émile Dubois peuvent se rencontrer et échanger. Vous pouvez y trouver un café et une restauration à bas prix. Il y a aussi des permanences pour aider les gens avec des problèmes sociaux ou numériques. Les enfants peuvent recevoir de l'aide pour leurs devoirs. Des cours de français pour les étrangers sont également proposés. Vous pouvez y participer à des activités culturelles.
Paniers étudiants de la Croix-Rouge et du Secours Populaire - Université Paris 8,La Croix-Rouge et le Secours Populaire offrent un service d'épicerie mobile pour les étudiants qui ont des problèmes d'argent. Les services sociaux de l'université orientent les étudiants vers ce service. Le Secours Populaire et la Croix-Rouge se relaient pour proposer ce service.
Permanence de Pimms Médiation - Neuilly-sur-Marne,"Le Pimms aide les gens à faire leurs démarches administratives en ligne, comme ouvrir des droits de santé, faire sa déclaration d'impôts, contacter France Travail ou la CAF."
Permanence de Pimms Médiation - Villemomble,"Le Pimms Mobile aide les gens à faire leurs démarches administratives en ligne, comme ouvrir des droits de santé, faire sa déclaration d'impôts, contacter France Travail ou la CAF."
Pimms Médiation - Bus France Services  - Cosmonautes,"Le Bus France Service aide les gens à faire leurs démarches en ligne. Il peut aider pour des choses comme l'ouverture des droits de santé, les impôts, le chômage ou les allocations familiales. L'équipe du bus va rencontrer les habitants du quartier Cosmonautes pour les aider."
FSGT 93 (Fédération Française et Gymnique du Travail),"Le comité de Seine-Saint-Denis de la Fédération Sportive et Gymnique du Travail veut que tout le monde puisse faire du sport. Nous voulons que les gens sachent que le sport est bon pour la santé et qu'il peut être amusant. Nous sommes ouverts à tout le monde : femmes, hommes, personnes handicapées, personnes âgées, personnes qui ont des problèmes de santé ou qui sont seules. Nous voulons que tout le monde puisse se rencontrer, partager et vivre ensemble. Nous n'avons pas de limites ni de catégories, nous sommes là pour aider le plus de gens possible. <a href=""https://www.youtube.com"">Vidéo de présentation : La FSGT 93, c'est quoi ?</a>"
Alter'Nature - Bobigny,"Alter'Nature est une épicerie qui aide les étudiants de l'Université Sorbonne Paris Nord. Elle propose des paniers avec des produits d'hygiène et des aliments pour les étudiants qui ont des difficultés. L'objectif est de réduire le gaspillage alimentaire et de promouvoir une alimentation saine. Alter'Nature aide également les étudiants à trouver des stages ou des emplois, organise des activités pour le développement durable et les aide avec les démarches administratives. Pour recevoir des colis alimentaires, il y a deux options : être orienté par les services sociaux de l'université ou devenir membre de l'association (gratuitement) et participer à ses activités quelques heures par mois."
Alter'Nature - Villetaneuse,"Alter'Nature est une épicerie qui aide les étudiants de l'Université Sorbonne Paris Nord. Elle propose des paniers avec des produits d'hygiène et des aliments pour les étudiants qui ont des difficultés. L'objectif est de réduire le gaspillage alimentaire et de promouvoir une alimentation saine. Alter'Nature aide également les étudiants à trouver des stages ou des emplois, organise des activités pour le développement durable et les aide avec les démarches administratives. Pour recevoir des colis alimentaires, il y a deux options : être orienté par les services sociaux de l'université ou devenir membre de l'association (gratuitement) et participer à ses activités quelques heures par mois."
MaMaMa,"L'association MaMaMa est actuellement fermée. Elle aide les mères en difficulté en leur donnant des colis d'urgence pour les bébés de 0 à 3 ans. Ces colis contiennent de la nourriture, des produits d'hygiène, des vêtements et du matériel pour les bébés. L'association donne la priorité aux personnes qui vivent dans la rue, aux femmes qui ont subi des violences, aux enfants mineurs, aux personnes handicapées et aux mères qui élèvent seules leurs enfants. Elle propose également des vêtements pour toute la famille. Les mères peuvent bénéficier d'un rendez-vous par mois pendant que leur enfant a moins de 3 ans. Les assistants sociaux et les professionnels de la protection maternelle et infantile (PMI) peuvent faire une demande pour les mères en remplissant un formulaire sur le site internet de l'association. Il est important de prendre rendez-vous avant de venir à l'association, car les personnes qui viennent sans rendez-vous ne pourront pas être accueillies."
Office Français de l'Immigration et de l'Intégration - Bobigny,"L'OFII est l'organisme qui aide les étrangers à s'intégrer en France. Il dépend du ministère de l'Intérieur. L'OFII a plusieurs missions : <b>accueillir et aider les demandeurs d'asile</b>, <b>gérer les démarches pour les étrangers qui veulent vivre et travailler en France</b>, <b>aider les immigrés à s'intégrer en France</b>, <b>aider les étrangers qui doivent quitter la France à retourner dans leur pays</b>, <b>donner des avis médicaux pour les étrangers qui ont besoin de soins en France</b>. Pour en savoir plus, vous pouvez visiter le site <a href=""http://www.ofii.fr"">www.ofii.fr</a>."
La Voix des Rroms,"La Voix des Rroms est une association qui lutte contre le racisme et défend l'égalité pour tous. Elle se concentre sur la lutte contre l'antitsiganisme. Son projet ""Mouvement du 16 mai"" offre une aide juridique et une médiation sociale aux personnes considérées comme ""tsiganes"", ""roms"" ou ""gens du voyage"". Cette aide est disponible en français, en langue rromani et en roumain. Il y a deux façons d'accéder à ces services : une permanence physique à Saint-Denis (sur rendez-vous) et une permanence téléphonique. L'association propose également des formations pour les professionnels et les bénévoles qui travaillent avec les Rroms. Ces formations visent à comprendre l'antitsiganisme et à dépasser les malentendus et les préjugés. Elles aident à améliorer la qualité du travail avec les personnes concernées."
Le Sens de l'Humus,"Le Sens de l'Humus est une association qui aide les gens à se remobiliser en pratiquant le jardinage et en travaillant la terre. Nous aidons également nos bénéficiaires à faire leurs démarches et à construire un parcours professionnel, notamment dans les métiers du jardinage, de l'agriculture urbaine et des espaces verts. Nous proposons des formations et des accompagnements, notamment sur le compostage. Nous suivons chaque personne individuellement, avec des entretiens réguliers pour discuter de son parcours et de son projet. Nous observons également les évolutions sur la durée et proposons un soutien si nécessaire. Enfin, nous faisons un bilan final avec la personne et son référent pour déterminer les suites à donner."
"Bains-Douches ""La source d'Olympe""","Les Bains-Douches ""La source d'Olympe"" sont ouverts du mardi au dimanche matin. Tout le monde est bienvenu, hommes et femmes, dans un espace commun. Il y a 12 cabines de douches individuelles, dont une pour les personnes à mobilité réduite. Les cabines sont nettoyées après chaque utilisation. Les personnes de moins de 18 ans doivent être accompagnées d'un parent ou tuteur. La dernière entrée est 20 minutes avant la fermeture. Chaque personne a 15 minutes pour se doucher. Il faut apporter son propre nécessaire d'hygiène, y compris une serviette. Chaque personne est responsable de ses biens. Il est préférable de ne pas laisser ses affaires sans surveillance, mais les cabines sont assez grandes pour les garder à l'intérieur. Il est interdit de manger, boire ou fumer dans l'établissement."
Norauto Neuilly-sur-Marne,"Norauto propose un programme appelé Mana Ara pour aider les gens à réparer leur voiture. Si vous avez un revenu limité, vous pouvez obtenir un devis gratuit dans un garage partenaire près de chez vous pour réparer votre véhicule. Il suffit de nous contacter pour en savoir plus et bénéficier de ce programme."
Norauto Bobigny,"Norauto propose un programme appelé Mana Ara pour aider les gens à réparer leur voiture. Si vous avez un revenu limité, vous pouvez obtenir un devis gratuit dans un garage partenaire près de chez vous pour réparer votre véhicule. Il suffit de nous contacter pour en savoir plus et bénéficier de ce programme."
Norauto Livry Gargan,"Norauto propose un programme appelé Mana Ara pour aider les gens à réparer leur voiture. Si vous avez un revenu limité, vous pouvez obtenir un devis gratuit dans un garage partenaire près de chez vous pour réparer votre véhicule. Il suffit de nous contacter pour en savoir plus et bénéficier de ce programme."
Norauto Epinay,"Norauto propose un programme appelé Mana Ara pour aider les gens à réparer leur voiture. Si vous avez un revenu limité, vous pouvez obtenir un devis gratuit dans un garage partenaire près de chez vous pour réparer votre véhicule. Il suffit de nous contacter pour en savoir plus et bénéficier de ce programme."
Norauto Sevran,"Norauto propose un programme appelé Mana Ara pour aider les gens à réparer leur voiture. Si vous avez un revenu limité, vous pouvez obtenir un devis gratuit dans un garage partenaire près de chez vous pour réparer votre véhicule. Il suffit de nous contacter pour en savoir plus et bénéficier de ce programme."
Fontaine à eau,Il y a un point d'eau potable au Square Barbara où vous pouvez vous approvisionner en eau gratuite.
Fontaine à eau,"Il y a un point d'eau potable au Square Clara Zetkin, un parc près de l'école de la Boissière et du Square Casanova."
Fontaine à eau,Il y a un point d'eau potable au terrain de football de Ruffins.
Fontaine à eau,Il y a un point d'eau potable à la Place Guernica où vous pouvez vous approvisionner en eau gratuite et potable.
Fontaine à eau,Il y a un point d'eau potable à la Place Langevin où vous pouvez vous approvisionner en eau gratuite et potable.
Fontaine à eau,Il y a un point d'eau potable au terrain Édouard Vaillant où vous pouvez vous approvisionner en eau potable.
Fontaine à eau,Il y a un point d'eau potable au Square de l'Église où vous pouvez vous approvisionner en eau gratuite.
Maison du Centre MC2,"La Ville d'Épinay-sur-Seine a 4 centres socioculturels dans les quartiers. Ces centres proposent des activités pour tous, petits et grands, comme des cours de danse, des jeux et des ateliers d'apprentissage. Les objectifs de ces centres sont de proposer des activités culturelles et sportives, d'aider les jeunes à grandir et à apprendre, et d'améliorer la vie quotidienne des habitants. Ils offrent également des ateliers d'aide administrative, des permanences d'accès au droit et des sorties en famille. Chaque année, des événements spéciaux ont lieu, comme la galette des rois et la journée des femmes. Pour plus d'informations, vous pouvez contacter le service ""Vie de Quartier"" à l'adresse <a href=""mailto:viedesquartiers@epinay-sur-seine.fr"">viedesquartiers@epinay-sur-seine.fr</a>. Les centres sont fermés les samedis après-midi pendant les vacances scolaires."
Passerelle des Donateurs,"L'association Passerelle des Donateurs a été créée pendant le confinement à Rosny-sous-Bois. Elle a ouvert une épicerie socio-solidaire en mai 2022. Cette épicerie propose des produits alimentaires et d'hygiène à des prix réduits. Les produits sont vendus 30% à 50% moins chers que leur prix d'origine. Cela permet de lutter contre la précarité et l'inflation, tout en réduisant le gaspillage alimentaire. L'épicerie est ouverte du lundi au samedi, sauf le jeudi, de 15h à 19h. Elle est gérée par des bénévoles. Les produits sont récupérés grâce à la loi Garot de 2016, qui vise à prévenir le gaspillage alimentaire. L'argent collecté finance le loyer et les frais de fonctionnement. Les personnes dont les revenus sont inférieurs au SMIC peuvent adhérer. Les familles monoparentales et les femmes seules sont nombreuses parmi les adhérents. La priorité est donnée aux habitants de Rosny-sous-Bois et des communes voisines. L'association constate une augmentation des besoins en produits, notamment d'hygiène, début 2023."
Solidarité Active Saint-Ouen - Réseau Andes,"L'épicerie solidaire Sol.A.So est un magasin de proximité qui aide les personnes en difficulté à faire leurs courses. Les produits proposés sont de qualité, comme des fruits et légumes frais, et sont vendus entre 10% et 30% de leur prix normal. C'est aussi un endroit où les gens peuvent se rencontrer et participer à des activités. L'association propose également de l'aide pour trouver un emploi, des cours de français, un atelier pour apprendre à utiliser les ordinateurs et des activités culturelles. Cette épicerie fait partie d'un réseau appelé Andes, qui regroupe des épiceries solidaires et aide les personnes dans le besoin en France."
Action14,"L'association Action 14 à Bondy offre à ses membres des produits alimentaires et non alimentaires comme des vêtements et des articles sportifs. Ces produits sont récupérés en grande quantité et changent en fonction des arrivages. L'association propose également des activités sportives pour les femmes et les enfants, ainsi que des sorties culturelles et de loisirs. Les jours de distribution des produits varient en fonction des arrivages de stock. Les horaires indiqués sont pour contacter l'association par téléphone, et non pour visiter le local. Les membres seront informés des heures d'ouverture."
Service Prévention Santé,"Le service Prévention Santé est là pour aider les habitants de Villepint. Il les accueille et leur donne des informations sur la santé et le handicap. Son but principal est de promouvoir des actions pour prévenir les problèmes de santé et éduquer les gens, en travaillant avec les partenaires locaux."
La Petite Ruche - Réseau Andes,"L'épicerie La Petite Ruche est un lieu où les personnes en difficulté de Noisy-le-Sec peuvent acheter des produits de qualité à bas prix, entre 10% et 30% de leur valeur normale. Pour y accéder, les familles doivent être suivies par un travailleur social. Les clients bénéficient d'un accompagnement personnalisé pour atteindre leurs objectifs personnels. L'épicerie propose également un espace de convivialité avec des activités comme des ateliers de cuisine, de couture, de design, de bricolage, des cours de français et des activités pour les enfants. Ces activités sont prioritaires pour les bénéficiaires du RSA, mais sont également ouvertes à d'autres personnes dans la limite des places disponibles. L'épicerie La Petite Ruche fait partie du Réseau Andes, un réseau d'épiceries solidaires qui aide les personnes en difficulté en France."
Fontaine à eau,Il y a un point d'eau potable au Square Blumenthal où vous pouvez vous approvisionner en eau gratuite.
Fontaine à eau,Il y a un point d'eau potable au Parc Jean Monnet où vous pouvez vous approvisionner en eau gratuite et potable.
Fontaine à eau,"Il y a un point d'eau potable au Parc Écondeaux, également appelé Parc Joanny Berlioz."
Fontaine à eau,"Il y a un point d'eau potable au Parc d'Orgemont, vous pouvez y accéder par la rue de Strasbourg."
Fontaine à eau,"Il y a un point d'eau potable au Parc d'Orgemont, vous pouvez y accéder par la rue de Marseille."
Fontaine à eau,Il y a un point d'eau potable au terrain de football situé rue de Strasbourg.
Fontaine à eau,Il y a un point d'eau potable au Square Charline Blandin où vous pouvez vous approvisionner en eau gratuite et potable.
Fontaine à eau,Il y a un point d'eau potable au Square Gabriel Déneux où vous pouvez vous approvisionner en eau gratuite et potable.
Fontaine à eau,Il y a un point d'eau potable au Parc de la Chevrette et au Parc municipal des sports où vous pouvez vous approvisionner en eau gratuite.
Fontaine à eau,"Un point d'eau potable est un endroit où l'on peut trouver de l'eau propre et sûre à boire. C'est un lieu important pour les gens qui ont besoin d'eau pour se désaltérer, se laver ou préparer des repas. Les points d'eau potable sont souvent équipés de robinets, de pompes ou de systèmes de distribution d'eau pour fournir de l'eau aux personnes qui en ont besoin. Ils sont généralement entretenus par des autorités locales ou des organisations pour garantir que l'eau est propre et sûre à consommer."
Fontaine à eau,"Un point d'eau potable est un endroit où l'on peut trouver de l'eau propre et sûre à boire. C'est un lieu important pour les gens qui ont besoin d'eau pour se désaltérer, se laver ou préparer des repas. Les points d'eau potable sont souvent équipés de robinets, de pompes ou de systèmes de distribution d'eau pour fournir de l'eau aux personnes qui en ont besoin. Ils sont généralement entretenus par des autorités locales ou des organisations pour garantir que l'eau est propre et sûre à consommer."
Fontaine à eau,Il y a un point d'eau potable au City-Stade Saint-Gratien où vous pouvez vous approvisionner en eau gratuite.
Fontaine  à eau,"Il y a un point d'eau potable au Parc des Presles, vous pouvez y accéder par la rue Henri Wallon."
Fontaine à eau,Il y a un point d'eau potable au Square Ali Zebboudj où vous pouvez vous approvisionner en eau gratuite et potable.
Fontaine à eau,Il y a un point d'eau potable au Gymnase Félix où vous pouvez vous désaltérer.
Unité Mobile PROSES Paris 13,"L'association P.R.O.S.E.S a une équipe mobile qui se trouve à l'intérieur de la FAC Paris 13, dans le bâtiment Agora. Elle offre des informations pour réduire les risques liés à la consommation de drogues et aux pratiques sexuelles. Vous pouvez y trouver du matériel de consommation stérile. L'équipe est également là pour vous soutenir et vous aider dans vos démarches de santé et de services sociaux."
Permanence RESF Pantin - Maison de quartier des Quatre Chemins,"La permanence RESF Pantin aide les jeunes et les familles avec enfants scolarisés pour leurs demandes de titres de séjour. Elle est ouverte les 1er et 3ème mercredi de chaque mois. Les horaires sont : 18h-20h au 1er mercredi à la Maison de quartier des Quatre Chemins et 10h-13h au 3ème mercredi à la Maison du Projet et de l'Habitat. Pour prendre rendez-vous, appelez le 06 01 48 31 68 ou envoyez un mail à resfpantin@gmail.com."
SFM AD (Solidarite Formation Mobilisation Accueil et développement) Stains II,"SFMAD aide les personnes et les familles à bien vivre dans leur environnement. L'association propose des actions pour aider chacun à développer ses capacités. <b>L'espace de vie sociale SFM-AD offre</b> : accueil et information, aide pour avoir accès à ses droits, apprentissage du français, aide pour les devoirs des enfants, activités de loisirs pour les enfants, crèche et aide pour trouver une solution de garde pour les enfants, soutien pour les parents, aide pour trouver un emploi pour les jeunes. <b>Formation</b> : SFMAD propose des formations pour aider les jeunes à trouver un emploi, des formations linguistiques pour travailler, des formations pour devenir aide à la personne, gardien d'immeuble, ou pour travailler dans la restauration. <b>Les formations</b> ont lieu à Epinay/Seine, notamment pour devenir assistante de vie aux familles, accompagnant éducatif petite enfance, ou pour passer le certificat Clé."
EMPP ESTIM93,"<p>L'Equipe Mobile Psychiatrie Précarité (EMPP) ""ESTIM'93"" aide les personnes en situation de précarité et d'exclusion à accéder aux soins de santé mentale. Elle intervient sur les communes de Saint-Denis, Dugny, La Courneuve, Stains, Villetaneuse, Pierrefitte-sur-Seine et Epinay-sur-Seine. L'équipe est joignable du lundi au vendredi de 9h00 à 17h00. Elle peut se déplacer pour rencontrer les personnes ou les recevoir dans ses locaux.</p>
<p>Les consultations et les visites à domicile ont lieu le mercredi matin et le jeudi toute la journée. Chaque intervention est faite par deux personnes. L'équipe a trois axes d'intervention : aller vers les personnes en situation de précarité, assurer une interface entre les équipes de psychiatrie et les acteurs de première ligne, et respecter les limites de son intervention.</p>
<p>L'équipe propose des entretiens individuels, des permanences dans des lieux sociaux, des prises en charge en groupe et des ateliers thérapeutiques. Elle travaille en partenariat avec les secteurs de psychiatrie et les acteurs de première ligne pour offrir une prise en charge coordonnée. L'équipe répond aux nouvelles demandes dans un délai de 48 heures et n'intervient que sur rendez-vous.</p>"
Juris Secours Drancy,"Nous sommes une association qui aide les gens à comprendre et à exercer leurs droits. Nous proposons des services tels que des consultations juridiques, des conseils administratifs, des services d'écriture publique et un accompagnement social. Nous nous occupons particulièrement des femmes et des jeunes filles qui ont subi des violences ou des discriminations. Pour nous rencontrer, il faut prendre rendez-vous au préalable en nous appelant par téléphone aux heures indiquées."
Juris Secours Rosny-sous-Bois,"Nous sommes une association qui aide les gens à comprendre et à exercer leurs droits. Nous proposons des services tels que des consultations juridiques, des conseils administratifs, des services d'écriture publique et un accompagnement social. Nous nous occupons particulièrement des femmes et des jeunes filles qui ont subi des violences ou des discriminations. Pour nous rencontrer, il faut prendre rendez-vous au préalable en nous appelant par téléphone aux heures indiquées."
Juris Secours Dugny,"Juris Secours est une association qui aide les gens à comprendre leurs droits et à résoudre leurs problèmes. Elle propose des services comme des consultations juridiques, des conseils administratifs, un écrivain public et un accompagnement social. Elle aide particulièrement les femmes et les jeunes filles qui ont subi des violences ou des discriminations. Pour utiliser ces services, il faut prendre rendez-vous par téléphone aux heures indiquées."
EMPP Robert Ballanger,"<p>L'Equipe Mobile Psychiatrie Précarité (EMPP) ""EMPP Robert Ballanger"" aide les personnes en situation de précarité et d'exclusion à accéder aux soins de santé mentale. Elle intervient sur les communes de Aulnay-Sous-Bois, Villepinte, Le Blanc-Mesnil, Tremblay-en-France, Sevran, Livry-Gargan et Vaujours. L'équipe est joignable du lundi au vendredi de 9h à 16h30 et peut se déplacer pour rencontrer les personnes ou les recevoir dans ses locaux.</p>
<p>L'équipe a deux axes d'intervention : aller vers les personnes en situation de précarité pour les aider à accéder aux soins et assurer une fonction d'interface entre les équipes de psychiatrie et les acteurs de première ligne. Elle propose des entretiens individuels, des permanences et des ateliers de prévention en santé mentale.</p>
<p>L'équipe travaille en partenariat avec d'autres acteurs pour offrir une prise en charge coordonnée. Elle n'est pas une équipe d'intervention d'urgence et ne remplace pas les missions des équipes de secteurs psychiatriques et des institutions médico-sociales.</p>"
EMPP Rivages,"L'Equipe Mobile Psychiatrie Précarité (EMPP) Rivages aide les personnes en situation de précarité et d'exclusion à accéder aux soins de santé mentale. Elle intervient sur les communes d'Aubervilliers, St-Ouen, Bobigny, Pantin, Drancy, Le Bourget, Ile St-Denis, Sud St-Denis. L'équipe est joignable du lundi au vendredi et peut se déplacer pour rencontrer les personnes ou les recevoir dans ses locaux. <br> 
L'EMPP Rivages a deux axes d'intervention : <br> 
1. Aller vers les personnes en situation de précarité pour les aider à accéder aux soins de santé mentale. Cela peut se faire par des entretiens individuels, des groupes ou des permanences en accueil de jour ou centre d'hébergement. <br> 
2. Travailler avec les équipes de psychiatrie et les acteurs de première ligne pour coordonner les prises en charge et intégrer les actions dans un partenariat dense et formalisé. Cela peut se faire par des actions de formation, des échanges de pratiques et de savoirs, et un soutien aux équipes de première ligne. <br> 
L'EMPP Rivages intervient uniquement sur rendez-vous et n'est pas une équipe d'intervention dans le cadre de l'urgence. Elle ne remplace pas les missions de droit commun des équipes de secteurs de psychiatrie et des institutions médico-sociales."
EMPP La Cordée,"L'Equipe Mobile Psychiatrie Précarité (EMPP) La Cordée est un service qui aide les personnes en difficulté. Elle travaille avec les associations et les hôpitaux pour améliorer la santé mentale de ceux qui ont besoin d'aide. Elle intervient dans plusieurs villes comme Rosny-sous-Bois, Villemomble, Neuilly-Plaisance, Clichy-sous-Bois, Montfermeil, Le Raincy, Coubron, Gagny, Neuilly-sur-Marne, Gournay-sur-Marne et Noisy-le-Grand. Vous pouvez joindre l'EMPP du lundi au vendredi de 9h à 17h. Elle peut se déplacer pour rencontrer les personnes ou les recevoir dans ses locaux. <br> L'EMPP a deux axes principaux : <br> 1. Aider les personnes en difficulté en les accueillant, en les orientant et en les suivant. <br> 2. Soutenir les professionnels et les bénévoles qui travaillent avec les personnes en difficulté. <br> L'EMPP propose des entretiens individuels pour évaluer les besoins des personnes et les aider à trouver des solutions. Elle peut également les aider à trouver un logement ou à préparer leur sortie de l'hôpital. <br> L'EMPP travaille également avec les associations et les hôpitaux pour former les professionnels et les bénévoles sur les problèmes de santé mentale liés à la précarité. Elle aide également les équipes de première ligne en leur fournissant des informations, des conseils et une supervision. <br> Il est important de noter que l'EMPP n'est pas un service d'urgence et qu'il est nécessaire de prendre rendez-vous pour être reçu. Elle ne remplace pas les services de santé mentale existants, mais les complète pour aider les personnes en difficulté."
EMPP La Boussole,"L'Equipe Mobile Psychiatrie Précarité (EMPP) La Boussole aide les personnes en situation de précarité et d'exclusion à accéder aux soins de santé mentale. Elle intervient sur les communes de Montreuil, Romainville, Noisy-Le-Sec, Bagnolet, Les Lilas, Le Pré Saint-Gervais, Bondy et le Pavillons-sous-bois. L'équipe est disponible du lundi au vendredi et peut se déplacer pour rencontrer les personnes ou les recevoir dans ses locaux. <br> 
L'EMPP La Boussole a deux axes d'intervention : <br> 
1. Aller vers les personnes en situation de précarité pour les aider à accéder aux soins de santé mentale. Elle travaille avec les partenaires ressources pour faciliter la prévention, le repérage précoce et l'orientation vers les soins. <br> 
L'équipe propose des entretiens individuels pour évaluer les besoins des personnes, notamment celles qui sont en hébergement précaire ou à la rue. Elle les aide à accéder aux prises en charge de ""droit commun"" et les accompagne vers l'hospitalisation ou les sorties d'hospitalisation. <br> 
2. Travailler avec les équipes de psychiatrie et les acteurs de première ligne pour faciliter une prise en charge coordonnée. L'équipe propose des formations, des échanges de pratiques et de savoirs, et développe le travail en réseau. Elle soutient et accompagne les équipes de première ligne. <br> 
Il est important de noter que l'EMPP La Boussole intervient uniquement sur rendez-vous et n'est pas une équipe d'intervention en cas d'urgence. Elle ne remplace pas les missions de droit commun des équipes de secteurs de psychiatrie et des institutions médico-sociales."
Prévention des Expulsions Locatives des Ménages Assignés  : Diagnostic Social et Financier - UDAF 93,"Le Conseil Départemental a mis en place un dispositif pour aider les locataires qui ont des problèmes de paiement de leur loyer. Lorsqu'un locataire reçoit une assignation, les services sociaux sont informés et réalisent un ""diagnostic social et financier"" pour comprendre la situation du ménage. Cela permet de : <b>sensibiliser le locataire</b> à la procédure en cours et de lui apporter des informations, <b>mettre en évidence</b> sa situation et trouver des solutions adaptées, <b>orienter le ménage</b> vers des services sociaux si nécessaire, et <b>assurer un suivi</b> après l'audience. Une équipe mobile peut également intervenir pour prendre contact avec les ménages qui n'ont pas répondu aux premières sollicitations, réaliser des diagnostics à domicile, ou engager une médiation avec le bailleur privé."
Médiathèque de Bagnolet,"Bibliothèque gratuite pour tous. Vous pouvez utiliser des ordinateurs et internet sans payer. Pour emprunter des livres, apportez une pièce d'identité, une preuve de domicile et une autorisation de vos parents si vous avez moins de 18 ans."
Association de Conseil et d'Insertion ACI93 (Saint-Denis),"L'association aide les familles et les personnes vulnérables dans leur vie quotidienne. Elle propose différents types d'aide selon les besoins des personnes et des lieux où elle intervient. Il y a quatre domaines d'aide : <b>l'aide juridique et pour le logement</b>, <b>la gestion de l'argent et la résolution des dettes</b>, <b>l'aide pour trouver un emploi</b> et <b>la prévention pour la santé et le bien-être social</b>."
Mission Locale de Stains,"La Mission locale de Stains aide les jeunes de 16 à 25 ans qui ont quitté l'école à trouver un emploi. Elle propose un accompagnement personnalisé pour <b>définir un projet professionnel</b>, <b>rechercher un emploi ou une formation</b>, <b>travailler à l'étranger</b> et <b>rédiger un CV et une lettre de motivation</b>. Les conseillers de la Mission locale vous informent également sur vos <b>droits à la santé</b>, <b>au logement</b> et <b>à la garde d'enfants</b>. Ils vous aident dans vos démarches quotidiennes et administratives, et vous orientent vers les bons interlocuteurs pour répondre à vos questions sur vos <b>droits</b>, <b>le logement</b>, <b>la santé</b> et <b>la mobilité</b>."
Bus Santé - Pantin,"Le Bus Santé est un projet qui aide les personnes éloignées des soins à accéder à la santé. Il permet de bénéficier de consultations médicales, de soins infirmiers, de dépistage et d'accompagnement pour ouvrir les droits de santé. Le Bus Santé est géré par l'Hôpital Jean Verdier et se rend à Pantin tous les deux jeudis. Il est ouvert à tous, notamment aux migrants, aux personnes vivant en foyers, aux jeunes adultes déscolarisés, aux personnes âgées isolées et à celles qui ont des difficultés à accéder aux soins. <a href=""#"">Cliquez ici pour plus d'informations</a>."
Bus Santé - Bondy,"Le Bus Santé est un projet qui aide les personnes éloignées des soins à accéder à la santé. Il permet de bénéficier de consultations médicales, de soins infirmiers, de dépistage et d'accompagnement pour ouvrir les droits de santé. Le Bus Santé est géré par l'Hôpital Jean Verdier et se rend à Bondy tous les 2 semaines, le lundi. Il est ouvert à tous, notamment aux migrants, aux personnes vivant en foyers, aux jeunes adultes déscolarisés, aux personnes âgées isolées et à celles qui ont des difficultés à accéder aux soins. <a href=""#"">Cliquez ici pour plus d'informations</a>."
Bus Santé - Bobigny,"Le Bus Santé est un projet qui aide les personnes éloignées des soins à accéder à la santé. Il permet de bénéficier de consultations médicales, de soins infirmiers, de dépistage et d'aide pour ouvrir ses droits à la santé. Le Bus Santé est géré par l'Hôpital Jean Verdier et se rend à Bobigny tous les 15 jours, le lundi. Il est ouvert à tous, notamment aux migrants, aux personnes vivant en foyers, aux jeunes adultes déscolarisés, aux personnes âgées isolées et à celles qui ont du mal à accéder aux soins. <a href=""#"">Cliquez ici pour plus d'informations</a>."
GRDR,"Le Grdr propose un accompagnement personnalisé pour aider les femmes réfugiées et nouvelles arrivantes à trouver un emploi. Cet accompagnement combine des activités individuelles et collectives pour les aider à créer un projet professionnel. Il s'agit d'un processus flexible avec des entrées et sorties régulières, qui vise à faciliter l'accès aux droits sociaux, à l'autonomie, à l'acquisition de compétences et à la mise en relation avec les acteurs de l'insertion sociale et professionnelle."
Point Conseil Budget Montreuil - UDAF 93,"Les Points conseil budget (PCB) sont des lieux où vous pouvez obtenir des conseils gratuits et confidentiels pour gérer votre budget. Ils aident les personnes qui ont des problèmes financiers ou qui veulent améliorer leur gestion d'argent. Les PCB sont des services gratuits labellisés par l'État, qui proposent un accueil inconditionnel et un accompagnement personnalisé. Les objectifs des PCB sont de prévenir les problèmes de dettes et de vous aider à mieux gérer votre argent. Les conseillers sociaux vous aident à comprendre votre situation financière et à trouver des solutions pour améliorer votre budget. Ils peuvent également vous aider à déposer un dossier de surendettement et à suivre les démarches nécessaires. Les PCB visent à vous aider à prendre le contrôle de vos finances et à éviter les problèmes de dettes."
Point Conseil Budget Pierrefitte - UDAF 93,"Les Points conseil budget (PCB) sont des lieux où vous pouvez obtenir des conseils gratuits et confidentiels pour gérer votre budget. Ils aident les personnes qui ont des problèmes financiers ou qui veulent améliorer leur gestion d'argent. Les PCB sont des services gratuits labellisés par l'État, qui proposent un accueil inconditionnel et un accompagnement personnalisé. Les objectifs des PCB sont de prévenir les problèmes de dettes et d'aider les gens à mieux gérer leur argent. Les conseillers sociaux vous aident à comprendre votre situation financière et à trouver des solutions pour améliorer votre budget. Ils peuvent également vous aider si vous avez des problèmes de dettes et besoin d'aide pour résoudre ces problèmes. Les PCB proposent différents types de services, notamment : l'accueil, l'écoute et l'information, l'accompagnement budgétaire et l'accompagnement pour les problèmes de dettes."
Point Conseil Budget Aulnay-sous-Bois - UDAF 93,"Les Points conseil budget (PCB) sont des lieux où vous pouvez obtenir des conseils gratuits et confidentiels pour gérer votre budget. Ils aident les personnes qui ont des problèmes financiers ou qui veulent améliorer leur gestion d'argent. Les PCB sont des services gratuits labellisés par l'État, qui proposent un accueil inconditionnel et un accompagnement personnalisé. Les objectifs des PCB sont de prévenir les problèmes de dettes et d'aider les gens à mieux gérer leur argent. Les conseillers sociaux vous aident à comprendre votre situation financière et à trouver des solutions pour améliorer votre budget. Ils peuvent également vous aider si vous avez des problèmes de dettes et besoin d'aide pour résoudre ces problèmes. Les PCB proposent différents types de services, notamment : l'accueil, l'écoute et l'information, l'accompagnement budgétaire et l'accompagnement pour les problèmes de dettes."
La Contremarque,"La Contremarque est une association qui aide les personnes en difficulté. Elle propose des accompagnements pour les aider à retrouver leur place dans la société, au travail et dans la culture. Les personnes peuvent bénéficier d'aide individuelle, comme des séances de thérapie, ou participer à des activités de groupe, comme des ateliers d'art, du sport ou des cours d'informatique. Cette association est ouverte à tous ceux qui vivent en Seine-Saint-Denis et qui ont besoin d'aide pour sortir de l'exclusion."
Association Bomoyi Rue de Vienne,"L'association Bomoyi aide des familles de Bobigny qui ont besoin de soutien. Elle propose des activités comme : l'aide pour les devoirs, l'aide pour les papiers administratifs, des cours d'informatique et des cours de français pour tous. L'association a deux sites : un au 5 rue Carnot et un autre où elle distribue des colis alimentaires au 25 rue de Rome."
Epicerie Solidaire de Livry Gargan - Réseau Andes,"L'épicerie solidaire de Livry-Gargan est un magasin de proximité qui aide les personnes en difficulté. Il est géré par le Centre Communal d'Action Social de la ville. Les clients peuvent acheter des produits de qualité à bas prix, entre 10% et 30% de leur valeur normale. Les produits proposés incluent des fruits, des légumes et d'autres denrées fraîches. Les clients sont orientés vers l'épicerie par un travailleur social et ont accès à l'épicerie pour une durée limitée. Pendant ce temps, ils sont accompagnés pour travailler sur leur projet personnel. L'épicerie est également un lieu de rencontre qui organise des activités régulières. Elle fait partie du Réseau Andes, un réseau important d'épiceries solidaires qui aide les personnes en difficulté en France."
Epicerie Solidaire de Pierrefitte - Réseau Andes,"L'épicerie solidaire est un magasin de proximité qui aide les personnes en difficulté à faire leurs courses. Les produits proposés sont de qualité, comme des fruits et légumes frais, et sont vendus entre 10% et 30% de leur prix normal. Les clients sont orientés vers l'épicerie par un travailleur social et ont accès à l'épicerie pour une durée limitée. Pendant ce temps, ils sont aidés à atteindre leurs objectifs personnels. L'épicerie est également un lieu de rencontre où des activités sont organisées régulièrement. Elle fait partie du Réseau Andes, qui est un réseau important d'aide alimentaire en France."
Epicerie solidaire POM CASSIS - Réseau Andes,"L'épicerie solidaire est un magasin qui aide les personnes en difficulté. Elle propose des produits de qualité à bas prix, entre 10% et 30% de leur valeur normale. Les clients sont orientés vers ce magasin par un travailleur social et ont accès à l'épicerie pour une durée limitée. Pendant ce temps, ils sont aidés à atteindre leurs objectifs personnels. L'épicerie est également un lieu de rencontre où des activités sont organisées régulièrement. Elle fait partie du Réseau Andes, qui est un réseau important d'aide alimentaire en France."
Epicerie Sociale de Sevran - Réseau Andes,"L'épicerie sociale de Sevran est un magasin de proximité qui aide les personnes en difficulté. Il est géré par la ville et propose des produits de qualité à bas prix, environ 10% de leur valeur normale. Les clients peuvent choisir parmi des fruits, légumes et produits frais. L'épicerie sociale aide les personnes qui ont des problèmes financiers à accéder à des produits sains. Les clients sont orientés vers l'épicerie par un travailleur social et reçoivent un accompagnement pour améliorer leur situation. L'épicerie fait partie d'un réseau qui aide les personnes dans le besoin en France."
AL-ANON - Saint-Denis,"Les groupes Al-Anon sont pour les familles et les amis d'alcooliques. Ils se réunissent pour partager leurs expériences et trouver de l'aide. Le but est de résoudre les problèmes créés par la vie avec un alcoolique. Les réunions sont anonymes, ce qui signifie que personne ne saura qui est là. Les réunions ont lieu le premier mardi de chaque mois, de 17h à 19h."
Secours Populaire - Comité de Bondy,"Le Secours populaire français aide les gens dans plusieurs domaines : <b>nourriture</b>, <b>vêtements</b>, <b>logement</b>, <b>soins médicaux</b>, <b>travail</b> et <b>accès à la culture</b>. Le comité de Bondy offre également des conseils administratifs pour aider les gens à résoudre leurs problèmes."
Secours Populaire - Comité de Montfermeil,"Le Secours populaire français aide les gens dans plusieurs domaines : <b>nourriture</b>, <b>vêtements</b>, <b>logement</b>, <b>soins médicaux</b>, <b>travail</b>, <b>culture</b> et <b>droits</b>. Le comité de Montfermeil offre des conseils administratifs et distribue des colis de nourriture aux personnes dans le besoin."
Secours Populaire - Comité de Noisy-le-Grand,"Le Secours populaire français aide les personnes dans le besoin. Il leur offre de la nourriture, des vêtements, un toit et l'accès aux soins médicaux. Il les aide également à trouver un travail et à accéder à la culture. Son but est de donner à tous les mêmes chances et les mêmes droits."
SFM AD (Solidarite Formation Mobilisation Accueil et développement): Agence locale d'insertion Epinay,L'agence locale d'insertion aide les personnes qui reçoivent le RSA à trouver un emploi et à s'intégrer dans la société. Elle propose un accueil et un accompagnement personnalisé pour les aider à atteindre leurs objectifs.
SFM AD (Solidarite Formation Mobilisation Accueil et développement) Agence locale d'insertion Villetaneuse,L'agence locale d'insertion aide les personnes qui reçoivent le RSA à trouver un emploi et à s'intégrer dans la société. Elle propose un accueil et un accompagnement personnalisé pour les aider à atteindre leurs objectifs.
Permanences de l'Association P2i au LCR Pré aux Grillons,"L'Association P2i propose des activités à Noisy-le-Grand au LCR Pré aux Grillons. Il y a des ateliers de couture, de cuisine, de sophrologie, des temps sociaux et du tricot. L'association P2i existe depuis 2006 et aide les gens dans différents domaines : médiation sociale, soutien scolaire, apprentissage du français et recherche d'emploi."
Centre de Psychopathologie de l'enfant et de l'adolescent de Montreuil,"Le CMP-CATTP de Montreuil offre une aide complète aux jeunes en difficulté psychique, dès la naissance jusqu'à l'adolescence. L'équipe mobile aide les mamans et les parents en souffrance psychique et leur bébé. Le centre propose des consultations de psychologie, de psycho-pédologie et d'assistance sociale, ainsi que des activités thérapeutiques. Pour se rendre au centre, il existe des options : les patients pris en charge à 100% par l'assurance maladie peuvent utiliser une ambulance, un VSL ou un taxi conventionné. Les enfants et les familles vulnérables qui ont des difficultés à se déplacer peuvent bénéficier d'une attention particulière pour accéder au site, en lien avec les services sociaux de proximité et les équipes de protection de l'enfance."
Mission Locale Paris Terres d'Envol - Antenne du Bourget,"La Mission locale est là pour aider les jeunes de 16 à 25 ans qui ont quitté l'école. Un conseiller vous aidera à trouver votre chemin. La Mission locale vous aide à : définir votre projet professionnel, trouver un emploi ou une formation, partir travailler à l'étranger, connaître vos droits à la santé, au logement, à la garde d'enfants, etc. Vous pouvez venir du lundi au vendredi, mais les conseillers ne sont présents que du lundi au jeudi."
Mission Locale Paris Terres d'Envol - Antenne de Dugny,"La Mission locale est là pour aider les jeunes de 16 à 25 ans qui ont quitté l'école. Un conseiller vous aidera à trouver votre chemin. La Mission locale vous aide à : définir votre projet professionnel, trouver un emploi ou une formation, partir travailler à l'étranger, connaître vos droits à la santé, au logement, à la garde d'enfants, etc. Vous pouvez venir du lundi au vendredi, mais les conseillers ne sont présents que du lundi au jeudi."
PMI Président Wilson,"La PMI Président Wilson est un centre qui aide les mères et les enfants de moins de 6 ans. Il accompagne les jeunes parents et les femmes enceintes pour les aider à prendre soin de leur santé et de celle de leur enfant. Le centre propose des consultations avant et après la naissance, des actions pour prévenir les problèmes de santé, des activités pour apprendre à éduquer et à planifier sa famille, des consultations pour les problèmes psychologiques et des activités pour les parents et les enfants. Des visites à domicile sont également possibles. Vous pouvez poser vos questions sur la contraception, la sexualité, les infections sexuellement transmissibles, l'interruption de grossesse, les relations de couple et de famille lors d'une consultation avec un médecin ou en parlant avec une conseillère. Le centre est ouvert à tous, gratuitement, avec ou sans assurance maladie."
PMI Paul Vaillant Couturier,"La PMI Paul Vaillant Couturier est un centre qui aide les mères et les enfants de moins de 6 ans. Nous accompagnons les jeunes parents et les femmes enceintes pour les aider à prendre soin de leur santé et de celle de leur enfant. Nous proposons des consultations avant et après la naissance, des actions pour prévenir les problèmes de santé, des activités pour aider les parents à éduquer leurs enfants et à planifier leur famille. Nous offrons également des consultations avec des psychologues et des spécialistes de la motricité, ainsi que des activités pour les parents et les enfants ensemble. Des visites à domicile peuvent être organisées pour vous aider. Vous pouvez nous poser toutes vos questions sur la contraception, la sexualité, les infections sexuellement transmissibles, l'interruption de grossesse, les relations de couple et de famille. Notre centre est ouvert à tous, gratuitement, avec ou sans assurance maladie."
Restos du Coeur - Centre dactivités de Montreuil Bébé,"Les centres d'activités offrent de l'aide en cas d'urgence et pour aider les gens à s'intégrer dans la société. Ils proposent un accueil chaleureux, une écoute attentive, de l'aide pour manger, des objets de première nécessité, des conseils pour trouver son chemin et un accompagnement personnalisé. Cela peut inclure de l'aide pour trouver un emploi, des vacances, des cours de français, une initiation à l'informatique et une distribution de nourriture. Un centre situé à Montreuil propose un accueil spécial pour les familles avec de jeunes enfants et offre des produits adaptés à leur âge, comme des petits pots, du lait, des couches, des vêtements et du matériel pour les bébés de 0 à 18 mois."
Permanence CIDFF - Ghett'Up,"Le Centre d'information sur les droits des femmes et des familles (CIDFF) 93 propose un accompagnement pour les femmes qui cherchent une formation ou un emploi à Saint-Denis. Les services offerts incluent : élaboration d'un projet professionnel, recherche de formation, valorisation de votre parcours en France ou à l'étranger, création d'outils pour la recherche d'emploi et simulations d'entretiens. Tout cela est disponible sur rendez-vous dans les locaux de Ghett'up."
Centre socio-culturel Nelson Mandela,"La Ville d'Épinay-sur-Seine a 4 centres socioculturels dans les quartiers. Ces centres proposent des activités pour tous, petits et grands, comme des cours de danse, des jeux et des ateliers d'apprentissage. Les objectifs de ces centres sont de proposer des activités culturelles et sportives, d'aider les jeunes à grandir et à apprendre, et d'améliorer la vie quotidienne des habitants. Ils offrent également des ateliers d'aide administrative, des permanences d'accès au droit et des sorties en famille. Chaque année, des événements spéciaux ont lieu, comme la galette des rois et la journée des femmes. Pour plus d'informations, vous pouvez contacter le service ""Vie de Quartier"" à l'adresse <a href=""mailto:viedesquartiers@epinay-sur-seine.fr"">viedesquartiers@epinay-sur-seine.fr</a>. Les centres sont fermés les samedis après-midi pendant les vacances scolaires."
Centre socio-culturel Félix Merlin,"La Ville d'Épinay-sur-Seine a 4 centres socioculturels dans les quartiers. Ces centres proposent des activités pour tous, petits et grands. Ils visent à : proposer des activités culturelles et sportives, aider les jeunes à grandir et apprendre, améliorer la vie quotidienne et l'accès aux droits. Les centres organisent des événements spéciaux tout au long de l'année. Le centre Félix Merlin est situé au 67 rue Félix Merlin et a une annexe au 28 Rue d'Argenteuil. Pour plus d'informations, appelez le 01 71 29 13 34. Les centres sont fermés les samedis après-midi pendant les vacances scolaires. Ils offrent un accueil chaleureux pour discuter et obtenir des conseils."
Agence Locale d'Insertion - Neuilly Sur Marne/Neuilly Plaisance/Gagny - Germinal,"Une Agence Locale d'insertion est un endroit où les personnes qui reçoivent le RSA peuvent venir pour obtenir de l'aide. Elles sont orientées vers cet endroit par le Département. L'agence a une équipe avec des personnes de différents domaines, comme des conseillers pour l'emploi, des travailleurs sociaux, des psychologues et des personnes qui viennent du monde de l'entreprise. Cela permet de répondre à tous les problèmes que les personnes qui reçoivent le RSA peuvent rencontrer. L'agence propose des accompagnements individuels et collectifs, comme de l'aide pour les problèmes sociaux ou professionnels, des ateliers pour gagner confiance en soi, des stages pour découvrir un métier, etc. Ces accompagnements durent généralement un an et peuvent être renouvelés une fois."
Agence Locale d'Insertion - Noisy Le Grand/ Gournay - Germinal,"Une Agence Locale d'insertion est un endroit où les personnes qui reçoivent le RSA peuvent venir pour obtenir de l'aide. Elles sont orientées vers cet endroit par le Département. L'agence a une équipe avec des personnes de différents domaines, comme des conseillers pour l'emploi, des travailleurs sociaux, des psychologues et des personnes qui viennent du monde de l'entreprise. Cela permet de répondre à tous les problèmes que les personnes qui reçoivent le RSA peuvent rencontrer. L'agence propose des accompagnements individuels et collectifs, comme de l'aide pour les problèmes sociaux ou professionnels, des ateliers pour gagner confiance en soi, des stages pour découvrir un métier, etc. Ces accompagnements durent généralement un an et peuvent être renouvelés une fois."
Permanence CIDFF - Centre commercial Beau Sevran,"Le Centre d'Information du Droit des Femmes et des Familles (CIDFF) est présent au Centre commercial Beau Sevran. Les juristes du CIDFF aident les personnes victimes de violences sexistes, comme les violences au sein du couple, au travail, les mariages forcés ou les mutilations sexuelles féminines. Ils répondent de manière confidentielle et gratuite à vos questions. Cependant, les informations fournies ne remplacent pas les conseils d'un avocat ou d'un notaire, qui sont les seuls à pouvoir vous donner des conseils juridiques adaptés à votre situation. Vous pouvez également contacter le CIDFF par téléphone au 01 48 36 99 02, le vendredi de 9h à 12h."
Cop 1 - Solidarités Etudiantes Aubervilliers,"Cop1 Solidarités Étudiantes est une association qui aide les étudiants en difficulté. Nous organisons des distributions de nourriture et de produits essentiels comme des kits d'hygiène et des protections périodiques. Ces distributions sont gratuites et ouvertes à tous les étudiants, sans conditions de ressources, une semaine sur deux, grâce à nos bénévoles."
Agence Locale d'Insertion (ALI) - Saint-Ouen / L'Île Saint-Denis - Bimbamjob / ARES,"L'Agence Locale d'insertion (ALI) est un endroit où les personnes qui reçoivent le RSA peuvent venir pour obtenir de l'aide. L'ALI de Saint-Ouen et l'Île Saint-Denis est gérée par deux organisations : ARES et BIMBAMJOB. Elles proposent un programme qui aide les personnes à trouver un emploi ou une formation, et à résoudre des problèmes sociaux comme le logement, la santé ou la garde des enfants. Ce programme est personnalisé pour chaque personne, mais il y a aussi des activités en groupe pour aider les participants à atteindre leurs objectifs."
Service de Santé des Etudiants (SSE) - Université Paris 8,"L'Université Paris 8 offre une aide pour la santé à ses étudiants sans frais. Des professionnels de santé sont là pour vous aider, vous pouvez prendre rendez-vous pour les consulter."
Pôle d'Accompagnement Social aux Etudiants de l'Université Paris 8,"L'Université Paris 8 aide les étudiants en difficulté. Le Pôle d'Accompagnement Social les aide pour trouver un logement, obtenir des aides financières et demander des bourses."
Permanence d'Accès aux Soins de Santé (PASS) de ville - Montreuil,"La PASS de Montreuil est un service qui aide les personnes qui ont besoin de soins médicaux mais qui n'y ont pas accès. Elle est située dans le Centre Municipal de Santé Savattero. Ce service accueille tout le monde, sans condition. Il aide les personnes qui n'ont pas d'argent, qui n'ont pas de protection sociale ou qui ont des difficultés dans leur vie quotidienne. La PASS examine la situation de chaque personne et vérifie si elle a droit à des soins de santé. Si c'est le cas, elle permet d'accéder à des soins de base sans avoir à payer d'avance."
Permanence d'Accès aux Soins de Santé (PASS) de ville Pierre-Rouquès - Le Blanc-Mesnil,"La PASS du Blanc-Mesnil est un service qui aide les personnes qui ont besoin de soins médicaux mais qui n'y ont pas accès. Elle est située dans le Centre municipal de santé Pierre-Rouquès. Ce service accueille tout le monde, sans condition, et aide les personnes qui n'ont pas d'argent ou qui ont des problèmes pour accéder aux soins. Il examine la situation de chaque personne et vérifie si elles ont droit à des soins gratuits. Si c'est le cas, il leur permet d'accéder à des soins de base sans avoir à payer d'avance."
Permanence d'Accès aux Soins de Santé (PASS) de ville Henri Barbusse - Saint-Denis,La PASS de Saint-Denis est un service qui aide les personnes qui n'ont pas d'assurance maladie. Il est situé dans le Centre Municipal de Santé Henri Barbusse. Les personnes qui ont un lien avec Saint-Denis et qui ont besoin de soins médicaux peuvent venir ici. Les équipes de la PASS les aident à obtenir des soins médicaux et à faire valoir leurs droits. Les patients peuvent ainsi bénéficier d'un suivi médical et de traitement sans avoir à payer d'avance.
Permanence d'Accès aux Soins de Santé (PASS) de ville - Aubervilliers,"La PASS d'Aubervilliers est un service qui aide les personnes qui ont besoin de soins médicaux mais qui n'y ont pas accès. Elle est située dans le Centre Municipal de Santé Docteur Pesqué. Ce service accueille tout le monde, sans condition. Il aide les personnes qui n'ont pas d'argent, qui n'ont pas de protection sociale ou qui ont des difficultés dans leur vie quotidienne. La PASS examine la situation de chaque personne et vérifie si elle a droit à des soins gratuits. Si c'est le cas, elle permet d'accéder à des soins de base sans avoir à payer d'avance."
Permanence d'Accès aux Soins de Santé (PASS) de ville - La Courneuve,"La PASS de La Courneuve est un service qui aide les personnes qui ont besoin de soins médicaux mais qui n'y ont pas accès. Elle est située dans le Centre Municipal de Santé Salvador Allende. Ce service accueille tout le monde, sans condition, et aide les personnes qui n'ont pas d'argent ou de protection sociale. Il propose des soins de base et aide les gens à obtenir leurs droits à la santé."
Permanence d'Accès aux Soins de Santé (PASS) de ville - Stains,"La PASS de Stains est un service qui aide les personnes qui ont besoin de soins médicaux mais qui n'y ont pas accès. Elle est située dans le Centre Municipal de Santé Colette Coulon. Ce service accueille tout le monde, sans condition. Il aide les personnes qui n'ont pas d'argent, qui n'ont pas de protection sociale ou qui ont des difficultés dans leur vie quotidienne. La PASS examine la situation de chaque personne et vérifie si elle a droit à des soins de santé. Si c'est le cas, elle permet d'accéder à des soins de base sans avoir à payer d'avance."
Permanence d'Accès aux Soins de Santé (PASS) de ville - Livry-Gargan,"La PASS de Livry-Gargan est un service qui aide les personnes qui ont besoin de soins médicaux mais qui n'y ont pas accès. Elle est située dans le Centre Municipal de Santé Simone Veil. Ce service accueille tout le monde, sans condition. Il aide les personnes qui n'ont pas d'argent, qui n'ont pas de protection sociale ou qui ont des difficultés dans leur vie quotidienne. La PASS examine la situation de chaque personne et vérifie si elle a droit à des soins gratuits. Si c'est le cas, elle permet d'accéder à des soins de base sans avoir à payer d'avance."
Permanence d'Accès aux Soins de Santé (PASS) de ville - Tremblay-en-France,"La PASS de Tremblay-en-France est un service qui aide les personnes qui ont besoin de soins médicaux mais qui n'y ont pas accès. Elle est située dans le Centre Municipal de Santé Dolto. Ce service accueille tout le monde, sans condition, et aide les personnes qui n'ont pas d'argent ou qui ont des problèmes pour accéder aux soins. Il examine la situation de chaque personne et vérifie si elles ont droit à des soins gratuits. Si c'est le cas, il leur permet d'accéder à des soins de base sans avoir à payer d'avance."
Permanence d'Accès aux Soins de Santé (PASS) de ville - Pierrefitte-sur-Seine,"La PASS de Pierrefitte-sur-Seine est un service qui aide les personnes qui ont besoin de soins médicaux mais qui n'y ont pas accès. Elle est située dans le Centre Municipal de Santé. Ce service accueille tout le monde, sans condition. Il aide les personnes qui n'ont pas d'argent, qui n'ont pas de protection sociale ou qui ont des difficultés dans leur vie quotidienne. La PASS examine la situation de chaque personne et vérifie si elle a droit à des soins gratuits. Si c'est le cas, elle permet d'accéder à des soins de base sans avoir à payer d'avance."
Bus Santé - Noisy-le-Sec,"Le Bus Santé est un projet qui aide les personnes éloignées des soins à accéder à la santé. Il permet de bénéficier de consultations médicales, de soins infirmiers, de dépistage et d'accompagnement pour ouvrir les droits de santé. Le Bus Santé est géré par l'Hôpital Jean Verdier et se rend à Noisy-le-Sec tous les 15 jours, le jeudi. Il est ouvert à tous, notamment aux migrants, aux personnes vivant en foyers, aux jeunes adultes déscolarisés, aux personnes âgées isolées et à celles qui ont des difficultés à accéder aux soins. <a href=""#"">Cliquez ici pour plus d'informations</a>."
LAbri,"L'Abri est un endroit où les victimes de violences sexistes et sexuelles peuvent être accueillies, écoutées et aidées. Il est situé à Saint-Ouen, au siège de la Région Île-de-France. L'accueil est gratuit et confidentiel. Les victimes peuvent bénéficier d'un suivi psychologique et juridique gratuit, assuré par l'association Île-de-France Aide aux victimes. Ce suivi peut être ponctuel ou prolongé. Toute personne qui se sent victime de violence peut venir, même si elle n'a pas déposé de plainte. L'Abri est ouvert 24h/24 et 7j/7 pour les cas de danger, d'agression ou de harcèlement. En dehors des heures d'ouverture, des agents de sécurité formés seront présents pour accueillir les personnes. Il y a aussi un espace pour les enfants."
Centre de Soins d'Accompagnement et de Prévention en Addictologie (CSAPA) - Le Corbillon,"Le CSAPA Le Corbillon est un lieu qui aide les personnes ayant des problèmes avec des substances ou des comportements addictifs. Il accueille également les familles et les proches de ces personnes. Le centre existe depuis 1981 et fait partie de l'hôpital Delafontaine. Il est gratuit et anonyme, et aide les personnes dépendantes de substances comme l'alcool, le tabac ou des médicaments, ainsi que celles ayant des problèmes avec l'internet, la vidéo ou d'autres addictions. Pour commencer, les personnes contactent la secrétaire médicale, qui les oriente vers un psychologue. L'équipe du centre est composée de médecins, psychologues, travailleurs sociaux et infirmiers. Le centre est situé à l'hôpital Casanova et s'adresse principalement aux habitants de Saint-Denis, mais accueille également des personnes d'autres communes. Le CSAPA Le Corbillon propose différents services, notamment des consultations médicales et psychologiques, des entretiens infirmiers, un suivi socio-éducatif et des consultations pour les jeunes consommateurs. Il propose également des services à l'hôpital Delafontaine, comme une unité de liaison addictologie et un suivi psychologique pour les patients hospitalisés."
Koezion,"Koezion est une association à Saint-Ouen. Elle aide les gens à trouver un emploi, à faire des démarches administratives et à s'occuper en faisant du sport ou de la culture. Elle fait aussi des maraudes chaque lundi, vous pouvez les contacter pour qu'ils passent chez vous."
Permanence d'Accès aux Soins de Santé (PASS) de ville Le Cygne - Saint-Denis,La PASS de Saint-Denis est un service qui aide les personnes qui n'ont pas d'assurance maladie. Il est situé dans le Centre Municipal de Santé Le Cygne. Les personnes qui ont un lien avec Saint-Denis et qui ont besoin de soins médicaux peuvent venir ici. Les équipes de la PASS les aident à obtenir des soins médicaux et à faire valoir leurs droits. Les patients peuvent ainsi bénéficier d'un suivi médical et de traitement sans avoir à payer d'avance.
Permanence d'Accès aux Soins de Santé (PASS) de ville Les Moulins - Saint-Denis,"La PASS de Saint-Denis est un service qui aide les personnes qui n'ont pas d'assurance maladie. Il est situé dans le Centre Municipal de Santé Les Moulins. Ce service accueille tout le monde, sans condition, et aide les personnes qui ont besoin de soins médicaux mais qui n'y ont pas accès. Les personnes qui vont à la PASS peuvent avoir un suivi médical et de l'aide pour obtenir leurs droits de santé. Elles peuvent également avoir des traitements et des examens médicaux sans avoir à payer d'avance."
Permanence d'Accès aux Soins de Santé (PASS) de ville La Plaine - Saint-Denis,La PASS de Saint-Denis est un service qui aide les personnes qui n'ont pas d'assurance maladie. Il est situé dans le Centre Municipal de Santé La Plaine. Les personnes qui ont un lien avec Saint-Denis et qui ont besoin de soins médicaux peuvent venir ici. Les équipes de la PASS les aident à obtenir des soins médicaux et à faire valoir leurs droits. Les patients peuvent ainsi bénéficier d'un suivi médical et de traitement sans avoir à payer d'avance.
Espace Joséphine Baker,"La Ville d'Épinay-sur-Seine a 4 centres socioculturels dans les quartiers. Ces centres proposent des activités pour tous, petits et grands, comme des cours de danse, des jeux et des ateliers d'apprentissage. Les objectifs de ces centres sont de proposer des activités culturelles et sportives, d'aider les jeunes à grandir et à apprendre, et d'améliorer la vie quotidienne des habitants. Ils offrent également des ateliers d'aide administrative, des permanences d'accès au droit et des sorties en famille. Chaque année, des événements spéciaux ont lieu, comme la galette des rois et la journée des femmes. Pour plus d'informations, vous pouvez contacter le service ""Vie de Quartier"" à l'adresse <a href=""mailto:viedesquartiers@epinay-sur-seine.fr"">viedesquartiers@epinay-sur-seine.fr</a>. Les centres sont fermés les samedis après-midi pendant les vacances scolaires."
Permanence d'Accès aux Soins de Santé (PASS) de ville Isabet - Pantin,"La PASS de Pantin est un service qui aide les personnes qui ont besoin de soins médicaux mais qui n'y ont pas accès. Elle est située dans le Centre Municipal de Santé Isabet. Ce service accueille tout le monde, sans condition. Il aide les personnes qui n'ont pas d'argent, qui n'ont pas de protection sociale ou qui ont des difficultés dans leur vie quotidienne. La PASS examine la situation de chaque personne et vérifie si elle a droit à des soins de santé. Si c'est le cas, elle permet d'accéder à des soins de base sans avoir à payer d'avance."
Permanence d'Accès aux Soins de Santé (PASS) de ville Sainte-Marguerite - Pantin,"La PASS de Pantin est un service qui aide les personnes qui ont besoin de soins médicaux mais qui n'y ont pas accès. Elle est située dans le Centre Municipal de Santé Sainte-Marguerite. Ce service accueille tout le monde, sans condition. Il aide les personnes qui n'ont pas d'argent, qui n'ont pas de protection sociale ou qui ont des difficultés dans leur vie quotidienne. La PASS examine la situation de chaque personne et vérifie si elle a droit à des soins gratuits. Si c'est le cas, elle permet d'accéder à des soins de base sans avoir à payer d'avance."
Permanence d'Accès aux Soins de Santé (PASS) de ville Ténine - Pantin,"La PASS de Pantin est un service qui aide les personnes qui ont besoin de soins médicaux mais qui n'y ont pas accès. Elle est située dans le Centre Municipal de Santé Ténine. Ce service accueille tout le monde, sans condition. Il aide les personnes qui n'ont pas d'argent, qui n'ont pas de protection sociale ou qui ont des difficultés dans leur vie quotidienne. La PASS examine la situation de chaque personne et vérifie si elle a droit à des soins de santé. Si c'est le cas, elle permet d'accéder à des soins de base sans avoir à payer d'avance."
VRAC Plaine Commune - Aubervilliers,"VRAC Plaine Commune est une association qui aide les habitants de Seine-Saint-Denis à acheter des produits de qualité, comme des fruits et légumes bio, à des prix bas. L'association organise des achats en groupe pour réduire les coûts et propose des produits locaux et équitables. Les ventes ont lieu une fois par mois aux Laboratoires d'Aubervilliers, où vous pouvez trouver des produits comme des fruits secs, de l'huile d'olive, des légumes, des pâtes, du miel, etc. Il y a aussi des animations et des discussions sur l'alimentation. Vous pouvez trouver les dates et horaires de ventes sur le site internet de l'association. Les horaires indiqués sont ceux où vous pouvez joindre l'association par téléphone."
VRAC Plaine Commune - Stains,"VRAC Plaine Commune est une association qui aide les habitants de Seine-Saint-Denis à acheter des produits de qualité à des prix bas. Elle organise des achats groupés de produits bio et locaux, comme des fruits, des légumes, des pâtes, du miel, etc. Les ventes ont lieu une fois par mois à la Maison des associations de Stains. L'association propose également des animations et des informations sur l'alimentation. Vous pouvez trouver les dates et horaires de ventes sur le site internet. Les horaires indiqués sont ceux où vous pouvez joindre l'association par téléphone."
VRAC Plaine Commune - Saint-Denis,"VRAC Plaine Commune est une association qui aide les habitants de Seine-Saint-Denis à acheter des produits de qualité à bas prix. Elle organise des achats groupés de produits bio et locaux, comme des fruits, des légumes, des pâtes et du miel. Les ventes ont lieu une fois par mois à la Maison de Quartier Floréal à Saint-Denis. L'association propose également des animations et des informations sur l'alimentation. Vous pouvez trouver les dates et horaires de ventes sur le site internet. Les horaires téléphoniques sont également disponibles pour vous aider à contacter l'association."
Epicerie Bondy Solidarités,"L'Epicerie Bondy Solidarités est une épicerie qui aide les familles en difficulté à Bondy. Elle propose des produits alimentaires et non-alimentaires pour les bébés à des prix réduits, entre 10% et 30% de leur valeur normale."
FaSol,"FaSol est une association qui aide les gens à Rosny-sous-Bois et ailleurs. Elle veut que les gens soient heureux et autonomes. L'association fait trois choses importantes : elle propose des activités pour les personnes âgées de plus de 50 ans dans un lieu appelé tiers-lieu, où des médiateurs écoutent et aident. Elle offre des formations pour apprendre à utiliser les ordinateurs et aide les gens à comprendre leurs droits. Elle a aussi un atelier de menuiserie où elle recycle du bois pour créer de nouvelles choses."
Fontaine à eau,"Un point d'eau potable est un endroit où l'on peut trouver de l'eau propre et sûre à boire. C'est un lieu important pour les gens qui ont besoin d'eau pour se désaltérer, se laver ou préparer des repas. Les points d'eau potable peuvent être des fontaines, des pompes à eau, des robinets ou des systèmes de distribution d'eau. Ils sont souvent installés dans les villes, les villages ou les camps de réfugiés pour fournir de l'eau aux personnes qui en ont besoin. L'eau potable est essentielle pour la santé et le bien-être des gens, c'est pourquoi les points d'eau potable sont très importants. Ils aident à prévenir les maladies liées à l'eau sale et à assurer que les gens ont accès à une eau de qualité."
Fontaine à eau,Le Parc de La Légion d'Honneur a un point d'eau potable où vous pouvez vous approvisionner en eau gratuite et propre.
Fontaine à eau,Il y a un point d'eau potable dans le centre commercial Domus. C'est un endroit où vous pouvez vous arrêter pour boire de l'eau fraîche. C'est pratique et gratuit. Vous pouvez vous désaltérer en vous rendant à ce point d'eau potable. Il est à votre disposition pour vous aider à rester hydraté pendant votre visite au centre commercial.
Toilettes publiques,Les toilettes publiques dans le Parc Montreau sont ouvertes à tous. Elles sont gratuites et accessibles aux personnes à mobilité réduite. Les toilettes sont nettoyées régulièrement pour garantir la propreté et le confort des usagers. Il est possible de les utiliser pendant les heures d'ouverture du parc. Les toilettes publiques sont équipées de tout le nécessaire pour un usage hygiénique et confortable.
Fontaine à eau,"Il y a un point d'eau potable dans le cimetière de Montreuil. C'est un endroit où vous pouvez vous arrêter pour boire de l'eau gratuite et propre. Il est situé à l'intérieur du cimetière communal de Montreuil, où les habitants et les visiteurs peuvent s'approvisionner en eau potable."
Fontaine à eau,Il y a un point d'eau potable dans le Cimetière des Lilas. C'est un endroit où vous pouvez vous arrêter pour boire de l'eau fraîche. Le point d'eau est accessible à tous et est entretenu pour garantir la qualité de l'eau. Vous pouvez vous y rendre pour vous désaltérer pendant votre visite au cimetière.
Fontaine à eau,"Il y a des points d'eau potable accessibles dans l'aéroport du Bourget, vous pouvez vous désaltérer gratuitement."
Fontaine à eau,Il y a un point d'eau potable dans le Parc de la Bergère où vous pouvez vous approvisionner en eau gratuite et propre.
Fontaine à eau,Il y a un point d'eau potable dans le Parc départemental de l'Ile Saint-Denis où vous pouvez vous approvisionner en eau gratuite et potable.
Fontaine à eau,Il y a un point d'eau potable dans le Parc Lucie Aubrac où vous pouvez vous approvisionner en eau gratuite et potable.
Point wifi,Il y a un point d'accès wifi publique dans le Parc départemental Georges Valbon.
Fontaine à eau,Il y a un point d'eau potable dans le Parc départemental Georges Valbon.
Agence Locale d'Insertion - Pantin,Il semble qu'il n'y ait pas de texte à simplifier. Pourriez-vous me fournir le texte que vous souhaitez que je réécrive en langage clair et accessible à tous ? Je serai ravi de vous aider.
Pantin Insertion,"Le GIP Pantin Insertion travaille pour aider les gens à s'intégrer dans la société à Pantin. Il regroupe différents acteurs pour trouver des solutions aux problèmes des habitants. Il utilise tous les outils et dispositifs disponibles pour aider les gens. Le GIP Pantin Insertion fait partie d'un réseau local qui comprend la commune de Pantin, le CCAS de Pantin, la Mission Locale de la Lyr, les Relais Solidaires, le Club face 93, l'Université Paris 8 et Emmaüs Connect. Il organise des actions pour aider les gens, comme des formations pour les professionnels, des partenariats avec des entreprises locales et des actions pour aller vers les gens qui en ont besoin. Il favorise également la collaboration entre les différents acteurs pour trouver des solutions ensemble."
Permanence d'Accès aux Soins de Santé (PASS) de ville Docteur Kaplan  - Le Blanc-Mesnil,"La PASS du Blanc-Mesnil est un service qui aide les personnes qui ont besoin de soins médicaux mais qui n'y ont pas accès. Elle est située dans le Centre municipal de santé pluridisciplinaire Docteur Kaplan. Ce service accueille tout le monde, sans condition, et aide les personnes qui n'ont pas d'argent ou qui ont des problèmes pour accéder aux soins. Il examine la situation de chaque personne et vérifie si elles ont droit à des soins gratuits. Si c'est le cas, il leur permet d'accéder à des soins de base sans avoir à payer d'avance."
Services d'Accueil et d'Urgence (SAU) - CHI Montfermeil,"Les hôpitaux de Seine-Saint-Denis ont des équipes psychiatriques pour les urgences. Ces équipes sont disponibles 24 heures sur 24 et 7 jours sur 7. Vous pouvez les trouver dans trois hôpitaux : le CHI de Saint-Denis, le CHI de Montfermeil et le CHU Avicenne de Bobigny. Les habitants du nord-ouest du département peuvent aller à l'hôpital Robert Ballanger d'Aulnay-sous-Bois. Pour accéder à ces équipes, appelez les urgences généralistes des hôpitaux. Cela permet de mieux aider les patients et de les orienter vers les bons endroits pour leur suivi. Vous pouvez trouver plus d'informations sur le site de l'EPS Ville-Evrard : <a href=""https://www.eps-ville-evrard.fr/offre-de-soins/urgences-psychiatrique"">https://www.eps-ville-evrard.fr/offre-de-soins/urgences-psychiatrique</a>"
Services d'Accueil et d'Urgence (SAU) - CHI Saint-Denis,"Les hôpitaux de Seine-Saint-Denis ont des équipes psychiatriques pour les urgences. Ces équipes sont disponibles 24 heures sur 24 et 7 jours sur 7. Vous pouvez les trouver dans trois hôpitaux : le CHI de Saint-Denis, le CHI de Montfermeil et le CHU Avicenne de Bobigny. Les habitants du nord-ouest du département peuvent aller à l'hôpital Robert Ballanger d'Aulnay-sous-Bois. Pour accéder à ces équipes, appelez les urgences généralistes des hôpitaux. Cela permet de mieux aider les patients et de les orienter vers les bons endroits pour leur suivi. Vous pouvez trouver plus d'informations sur le site de l'EPS Ville-Evrard : <a href=""https://www.eps-ville-evrard.fr/offre-de-soins/urgences-psychiatrique"">https://www.eps-ville-evrard.fr/offre-de-soins/urgences-psychiatrique</a>"
Services d'Accueil et d'Urgence (SAU) - CHU Avicenne,"Les hôpitaux de Seine-Saint-Denis ont des équipes psychiatriques pour les urgences. Ces équipes sont disponibles 24 heures sur 24 et 7 jours sur 7. Vous pouvez les trouver dans trois hôpitaux : le CHI de Saint-Denis, le CHI de Montfermeil et le CHU Avicenne de Bobigny. Les habitants du nord-ouest du département peuvent aller à l'hôpital Robert Ballanger d'Aulnay-sous-Bois. Pour accéder à ces équipes, appelez les urgences généralistes des hôpitaux. Cela permet de mieux aider les patients et de les orienter vers les bons endroits pour leur suivi. Vous pouvez trouver plus d'informations sur le site de l'EPS Ville-Evrard : <a href=""https://www.eps-ville-evrard.fr/offre-de-soins/urgences-psychiatrique"">https://www.eps-ville-evrard.fr/offre-de-soins/urgences-psychiatrique</a>"
Fontaine à eau,"La fontaine à eau est liée aux usines du SEDIF, qui gère l'eau en Île-de-France."
Fontaine à eau,"La fontaine à eau est liée aux usines du SEDIF, qui gère l'eau en Île-de-France."
Centre Ressources Jane Vialle - (CRJV),"Nous proposons un espace d'accueil pour les jeunes femmes enceintes ou mères de moins de 22 ans. Nous les accueillons dans une maison à Bobigny, les mardi, mercredi et jeudi. Nous organisons des ateliers pour les aider à devenir de meilleures mères. Nous parlons de la santé, du développement de l'enfant et de la prévention. Nous sommes là pour les soutenir et les aider à prendre soin de leurs bébés."
Le P'tit Marché - Réseau ANDES,"L'épicerie solidaire Le P'tit Marché est un magasin de proximité qui aide les personnes en difficulté à faire leurs courses. Elle propose des produits de qualité comme des fruits, des légumes et des produits frais à 30% de leur prix normal. Vous pouvez également y trouver des produits pour les bébés et l'hygiène. Le magasin est situé dans le Pôle Social à Epinay-sur-Seine. Seuls les habitants de la ville peuvent y accéder. Pour aller à l'épicerie, il faut être orienté par un travailleur social. Chaque personne qui y va est aidée à réaliser son projet personnel pendant le temps où elle peut aller au magasin. Cette épicerie fait partie d'un réseau qui aide les personnes à avoir accès à de la nourriture de qualité."
La Cité Fertile,"La Cité Fertile est un lieu spécial à Pantin, installé dans une ancienne gare de marchandises SNCF depuis 2018. C'est un endroit où les gens se réunissent pour penser à l'avenir de la planète et à la façon de vivre ensemble de manière plus responsable. La Cité Fertile organise des événements pour les citoyens, les entrepreneurs et les professionnels qui veulent faire une différence. Vous pouvez y trouver des ateliers de yoga les vendredis de 19h à 20h, ouverts à tous et à prix libre, sur inscription. Il y a aussi une distribution alimentaire gratuite pour les étudiants tous les samedis de 12h à 14h, proposée par Linkee. Pour en savoir plus, vous pouvez visiter <a href=""https://soliguide.fr/fr/fiche/linkee-pantin-24807"">le site de Linkee</a>. La Cité Fertile est un lieu où l'on peut apprendre, partager et agir pour un monde plus durable."
Equipe spécialisée de soins infirmiers précarité  (ESSIP) - La Main Tendue,"L'équipe de La Main Tendue aide les personnes très démunies dans le département de Seine-Saint-Denis. Elle leur dispense des soins sur prescription médicale, comme des soins infirmiers techniques, des soins d'hygiène et une éducation thérapeutique. L'équipe se déplace pour rencontrer les personnes chez elles ou dans les endroits où elles se rendent. Les professionnels du secteur social, médico-social ou sanitaire peuvent contacter l'équipe pour demander de l'aide en appelant la régulation des équipes mobiles médico-sociales."
Caisse Primaire Assurance Maladie (CPAM ) - agence de Bobigny,"Les missions de la CPAM sont : affilier les assurés sociaux et gérer leurs droits, traiter les feuilles de soins et assurer les remboursements, appliquer un plan d'action pour la gestion du risque, développer la prévention et la promotion de la santé, et assurer une politique d'action sanitaire et sociale. Vous pouvez effectuer vos démarches en ligne avec le service ""Ameli"" pour des tâches comme l'envoi d'une feuille de soins, la perte de votre carte vitale, le changement d'adresse, la carte européenne d'assurance maladie, les remboursements, l'annuaire des professionnels de santé et le calendrier vaccinal."
Permanence RESF Romainville,"Le Réseau Education sans Frontières aide les enfants, les familles et les adultes qui n'ont pas de papiers. Il informe ceux qui étudient, travaillent et vivent ici sans autorisation de séjour et les aide à régulariser leur situation. Il soutient ceux qui risquent d'être expulsés. Il y a des permanences d'accueil pour les familles et les jeunes adultes, à la Salle République, un lundi sur deux, de 19h à 21h."
Upromi - Neuilly-Plaisance,"UPROMI est un organisme de formation qui propose des cours de français et des formations pour aider les demandeurs d'emploi à trouver un travail. Ces formations sont destinées aux personnes orientées par la Mission Locale, France Travail ou qui se sont inscrites seules. UPROMI propose aussi des formations pour devenir Accompagnant Educatif Petite Enfance ou Responsable de Secteur, spécialement pour les demandeurs d'emploi de la région Île-de-France."
Maison des femmes de Pantin,"La Maison des femmes de Pantin est un lieu pour toutes les femmes, quelle que soit leur origine, leur âge ou leur situation financière. Elle offre des ateliers comme la sophrologie, l'art-thérapie et des discussions de groupe. Des professionnels sont également présents pour aider les femmes sur des questions juridiques et psychologiques. La Maison des femmes de Pantin travaille avec la police locale pour aider les femmes victimes de violences à déposer plainte sur place. Ce lieu a ouvert en janvier 2024 et est géré par la ville de Pantin."
MAISON DEPARTEMENTALE DES SOLIDARITES Dugny Le Bourget Le Blanc Mesnil. Site du Bourget,"Nous proposons un accueil téléphonique et physique pour aider les personnes à accéder à leurs droits et à s'insérer dans la société et le monde du travail. Nous offrons des informations et une orientation pour tous, en particulier pour ceux qui habitent à Dugny et Le Bourget, principalement sur rendez-vous. Nous organisons également des actions collectives et des ateliers numériques sur différents thèmes tout au long de l'année, n'hésitez pas à nous contacter pour en savoir plus. Nous avons également mis en place un accueil en horaires élargis les 1er et 3ème mardis de chaque mois jusqu'à 19h, avec ou sans rendez-vous."
Saint-Vincent-de-Paul Noisy-le-Grand,"L'association Saint-Vincent-de-Paul aide les personnes seules ou en difficulté à Noisy-le-Grand et Gournay-sur-Marne. Elle rend visite aux familles et personnes isolées chez elles pour voir comment elles vont et si elles ont besoin d'aide. Elle va aussi voir les personnes âgées seules dans les maisons de retraite. L'association donne de la nourriture à ceux qui en ont besoin, soit en leur apportant des paniers, soit en les accompagnant pour faire leurs courses. Elle peut également aider pour les papiers administratifs, comme la retraite ou les démarches à la mairie. Enfin, elle propose de l'aide pour les devoirs aux enfants du primaire, du collège et du lycée."
Equipe mobile santé précarité (EMSP) - Hôtel Social 93,"L'équipe mobile santé précarité (EMSP) d'Hôtel Social 93 aide les personnes très précaires à prendre soin de leur santé. Elle les accompagne dans tout le département de Seine-Saint-Denis, où qu'elles soient. L'équipe fait plusieurs choses : elle aide les personnes à avoir accès aux soins médicaux, elle les oriente vers les bons services, elle fait des bilans de santé et elle les aide à comprendre leurs droits. L'équipe est composée d'un médecin, de deux infirmières et d'une travailleuse sociale. Ils vont voir les personnes où elles vivent ou où elles passent leur temps. N'importe quel professionnel de la santé ou du social peut demander de l'aide à l'équipe en contactant la régulation des équipes mobiles médico-sociales."
Equipe mobile santé précarité (EMSP) - Interlogement 93,"L'équipe mobile santé précarité (EMSP) d'Interlogement 93 aide les personnes très précaires à accéder aux soins de santé dans le département de Seine-Saint-Denis. Elle accompagne les personnes à la rue ou hébergées dans leur parcours de santé. L'équipe propose : un accompagnement médico-social, une coordination des soins, une orientation vers les droits de santé, un accès aux soins et aux droits de santé, des bilans de santé. L'équipe est composée de deux infirmières et d'une travailleuse sociale qui se déplacent pour rencontrer les personnes. Les professionnels du secteur social, médico-social ou sanitaire peuvent contacter l'équipe pour obtenir de l'aide en appelant la mission de régulation des équipes mobiles médico-sociales."
Circonscription de service social de  Noisy le Grand/Gournay sur Marne,"Accueil téléphonique et physique pour tout public, notamment ceux liés à Noisy le Grand et Gournay sur Marne. Nous proposons des informations et une orientation sur rendez-vous. Nous organisons également des ateliers numériques et des actions collectives tout au long de l'année sur différents thèmes. Pour en savoir plus, n'hésitez pas à nous contacter. Nous sommes désormais ouverts les 1er et 3ème mardis de chaque mois jusqu'à 19h, avec ou sans rendez-vous."
Circonscription de service sociale de Tremblay Villepinte. Site de Villepinte,"Accueil téléphonique et physique pour tous, sur rendez-vous ou sans. Nous vous accueillons et vous informons sur les services disponibles. Nous proposons des ateliers numériques et des actions collectives tout au long de l'année, avec des thèmes variés. Contactez-nous pour en savoir plus. Nous sommes ouverts les 1er et 3ème mardis de chaque mois jusqu'à 19h, avec ou sans rendez-vous."
Circonscription de service social d'Aulnay Sous Bois,"Accueil téléphonique et physique pour tous, sur rendez-vous ou sans. Nous vous accueillons et vous informons sur les services disponibles. Nous proposons des ateliers numériques et des actions collectives tout au long de l'année, avec des thèmes variés. Contactez-nous pour en savoir plus. Nous sommes ouverts les 1er et 3ème mardis de chaque mois jusqu'à 19h, avec ou sans rendez-vous."
Fontaine à eau,"Il y a une fontaine à eau installée par le SEDIF, c'est-à-dire le Syndicat des Eaux d'Île-de-France, qui gère l'eau en région parisienne."
Fontaine à eau,"Il y a une fontaine à eau installée par le SEDIF, c'est-à-dire le Syndicat des Eaux d'Île de France, qui gère l'eau en Île de France."
Fontaine à eau,"Il y a une fontaine à eau installée par le SEDIF, c'est-à-dire le Syndicat des Eaux d'Île-de-France, qui gère l'eau en région parisienne."
Fontaine à eau,"Il y a une fontaine à eau installée par le SEDIF, c'est-à-dire le Syndicat des Eaux d'Île-de-France, qui gère l'eau en région parisienne."
Fontaine à eau,"Il y a une fontaine à eau installée par le SEDIF, c'est-à-dire le Syndicat des Eaux d'Île-de-France, qui gère l'eau en région parisienne."
Fontaine à eau,"Il y a une fontaine à eau installée par le SEDIF, c'est-à-dire le Syndicat des Eaux d'Île-de-France, qui gère l'eau en région parisienne."
Fontaine à eau,"Il y a une fontaine à eau installée par le SEDIF, c'est-à-dire le Syndicat des Eaux d'Île-de-France, qui gère l'eau en région parisienne."
Fontaine à eau,"Il y a une fontaine à eau installée par le SEDIF, c'est-à-dire le Syndicat des Eaux d'Île-de-France, qui gère l'eau en région parisienne."
Fontaine à eau,"Il y a une fontaine installée par le SEDIF, c'est-à-dire le Syndicat des Eaux d'Île de France."
Fontaine à eau - Parc Frédérick Lemaître,"Une fontaine à eau potable est un endroit où les gens peuvent aller boire de l'eau propre et gratuite. Elle est souvent installée dans les parcs, les places publiques ou les quartiers résidentiels. Les fontaines à eau potable sont utiles pour les personnes qui ont soif et qui n'ont pas d'eau à boire. Elles sont également bénéfiques pour l'environnement car elles réduisent la consommation d'eau en bouteille. Les fontaines à eau potable sont généralement entretenues par la commune ou la ville pour garantir que l'eau soit toujours propre et potable."
Fontaine à eau - Parc Mandela,"La fontaine à eau potable est un endroit où les gens peuvent aller boire de l'eau propre et gratuite. Elle est souvent installée dans les parcs, les places publiques ou les quartiers résidentiels. L'eau qui en sort est saine et peut être bue sans danger. Les fontaines à eau potable sont très utiles, surtout pendant les périodes de grande chaleur ou pour les personnes qui n'ont pas accès à de l'eau potable chez elles. Elles contribuent également à réduire les déchets plastiques en encourageant les gens à utiliser des bouteilles réutilisables."
Fontaine à eau - Place des Tirailleurs Africains,"La fontaine à eau potable est un endroit où les gens peuvent aller boire de l'eau propre et gratuite. Elle est souvent installée dans les parcs, les places publiques ou les quartiers résidentiels. L'eau qui en sort est saine et peut être bue sans danger. Les fontaines à eau potable sont très utiles, surtout pendant les périodes de grande chaleur ou pour les personnes qui n'ont pas accès à de l'eau potable chez elles. Elles contribuent également à réduire les déchets plastiques en encourageant les gens à utiliser des bouteilles réutilisables."
Fontaine à eau - Place de la République,"La fontaine à eau potable est un endroit où les gens peuvent aller boire de l'eau propre et gratuite. Elle est souvent installée dans les parcs, les places publiques ou les quartiers résidentiels. L'eau qui en sort est saine et peut être bue sans danger. Les fontaines à eau potable sont très utiles, surtout pendant les périodes de grande chaleur ou pour les personnes qui n'ont pas accès à de l'eau potable chez elles. Elles contribuent également à réduire les déchets plastiques en encourageant les gens à utiliser des bouteilles réutilisables."
Fontaine à eau - Parc Henriette Vornière,"Une fontaine à eau est un endroit où l'on trouve de l'eau qui coule. Elle est souvent utilisée pour boire, se laver les mains ou faire des activités de loisirs. Les fontaines à eau peuvent être trouvées dans les parcs, les places publiques ou les jardins. Elles sont généralement équipées d'un robinet ou d'un système de distribution d'eau pour que les gens puissent y accéder facilement. Les fontaines à eau peuvent également être décoratives et agrémenter les espaces publics avec leur présence."
Fontaine à eau,"La fontaine à eau potable est un endroit où les gens peuvent aller boire de l'eau propre et gratuite. Elle est souvent installée dans les parcs, les places publiques ou les quartiers résidentiels. L'eau qui en sort est saine et peut être bue sans danger. Les fontaines à eau potable sont très utiles, surtout pendant les périodes de grande chaleur ou pour les personnes qui n'ont pas accès à de l'eau potable chez elles. Elles contribuent également à réduire les déchets plastiques en encourageant les gens à utiliser des bouteilles réutilisables."
Fontaine à eau - Square Evelyne Dupont,"Une fontaine à eau potable est un endroit où les gens peuvent aller boire de l'eau propre et gratuite. Elle est souvent installée dans les parcs, les places publiques ou les quartiers résidentiels. Les fontaines à eau potable sont utiles pour les personnes qui ont soif et qui n'ont pas d'eau à boire. Elles sont également bénéfiques pour l'environnement car elles réduisent la consommation d'eau en bouteille. Les fontaines à eau potable sont généralement entretenues par la commune ou la ville pour garantir que l'eau soit toujours propre et potable."
Fontaine à eau - Mail Brassens,"Une fontaine à eau potable est un endroit où les gens peuvent aller boire de l'eau propre et gratuite. Elle est souvent installée dans les parcs, les places publiques ou les quartiers résidentiels. Les fontaines à eau potable sont utiles pour les personnes qui ont soif et qui n'ont pas d'eau à boire. Elles sont également bénéfiques pour l'environnement car elles réduisent la consommation d'eau en bouteille. Les fontaines à eau potable sont généralement entretenues par la commune ou la ville pour garantir que l'eau soit toujours propre et potable."
Fontaine à eau - Square Gisèle Halimi,"Une fontaine à eau est un endroit où l'on trouve de l'eau qui coule. Elle est souvent utilisée pour boire, se laver les mains ou faire des activités de loisirs. Les fontaines à eau peuvent être trouvées dans les parcs, les places publiques ou les jardins. Elles sont généralement équipées d'un robinet ou d'un système de distribution d'eau pour que les gens puissent y accéder facilement. Les fontaines à eau peuvent également être décoratives et agrémenter les espaces publics avec leur présence."
Agence Locale d'Insertion (ALI) - Bagnolet / Les Lilas / Le Pré-Saint-Gervais Bimbamjob / ARES,"L'Agence Locale d'insertion (ALI) est un endroit où les personnes qui reçoivent le RSA peuvent venir pour obtenir de l'aide. Le Département les envoie à l'ALI. L'ALI de Bagnolet, Les Lilas et Le Pré-Saint-Gervais est gérée par deux organisations : ARES et BIMBAMJOB. Elles proposent un programme qui aide les personnes à trouver un emploi ou une formation, et à résoudre des problèmes sociaux comme le logement, la santé ou la garde des enfants. Ce programme est composé d'entretiens individuels et de réunions en groupe."
La Ruche - Saint-Denis,La Ruche aide les gens qui veulent créer une entreprise ou une association. Elle accueille des groupes et des entrepreneurs qui ont besoin d'un espace pour travailler. La Ruche propose également un espace de co-working où les gens peuvent travailler ensemble.
Agence Locale d'Insertion (ALI) - La Courneuve - C2DI 93,"L'Agence Locale d'insertion (ALI) est un endroit où les personnes qui reçoivent le RSA peuvent venir pour obtenir de l'aide. L'ALI de la Courneuve offre plusieurs services : un accompagnement personnalisé, des rencontres avec des entreprises, et l'accès à des emplois et des formations dans différents domaines."
LES RELAIS SOLIDAIRES,"Relais Restauration est un lieu important pour l'Economie Sociale et Solidaire en Seine-Saint-Denis depuis 30 ans. Les Relais Solidaires à Pantin ont deux projets : une Entreprise d'Insertion et un Atelier Chantier d'Insertion. Ces projets aident les gens à apprendre des métiers liés à la restauration, comme commis de cuisine, commis de salle et employé polyvalent."
La Ruche - Stains,La Ruche aide les gens qui veulent créer une entreprise ou une association. Elle accueille des groupes et des entrepreneurs qui ont besoin d'un espace pour travailler. La Ruche propose également un espace de co-working où les gens peuvent travailler ensemble.
Agence Locale d'Insertion (ALI) - Saint-Denis - CODE,"L'Agence Locale d'insertion (ALI) de Saint-Denis est un lieu d'accueil pour les personnes qui reçoivent le RSA. Elle les aide à trouver un emploi. L'ALI propose : un accompagnement social pour résoudre les problèmes qui empêchent de trouver un travail, un suivi personnalisé, des rencontres avec des entreprises, et des formations pour tous les métiers. L'ALI travaille avec les habitants de Saint-Denis qui ont droit au RSA pour les aider à atteindre leurs objectifs de vie, d'emploi, de formation ou de création d'entreprise. Elle collabore avec les institutions, les associations et les employeurs pour offrir un accompagnement efficace."
Agence Locale d'Insertion (ALI) - Pierrefitte-sur-Seine - Plaine Impact Inclusion,"L'Agence Locale d'insertion (ALI) de Pierrefitte est un lieu où les personnes qui reçoivent le RSA peuvent venir pour obtenir de l'aide. L'ALI propose : un accompagnement personnalisé pour chaque personne, des réunions avec des groupes pour discuter de leurs besoins, des rencontres avec des entreprises pour trouver un emploi, et des formations pour apprendre de nouveaux métiers."
Agence Locale d'Insertion (ALI) - Stains - Plaine Impact Inclusion,"L'Agence Locale d'insertion (ALI) de Stains est un lieu où les personnes qui reçoivent le RSA peuvent venir pour obtenir de l'aide. L'ALI propose : un accompagnement personnalisé pour chaque personne, des réunions avec des groupes pour discuter de leurs besoins, des rencontres avec des entreprises pour trouver un emploi, et des formations pour apprendre de nouveaux métiers."
Restos du Cur - Atelier et Chantier d'Insertion de Saint-Denis,"Nous proposons un programme d'aide pour trouver un emploi. Il comprend un contrat de travail spécial pour des activités comme le jardinage, la logistique, la cuisine, etc. Nous offrons également un soutien personnalisé pour aider les personnes à réussir dans leur vie professionnelle et personnelle."
Secours Catholique de La Plaine Saint-Denis,"Le Secours Catholique de La Plaine Saint-Denis offre différents services. Tous les lundis soirs, il y a un accueil social. Les mercredis après-midi, vous pouvez vous rendre au café intergénérationnel. Le dernier samedi de chaque mois, il y a un atelier cuisine suivi de goûters d'anniversaires. Le Secours Catholique est une association qui aide les personnes dans le besoin et cherche à rendre la société plus juste. Elle lutte contre la pauvreté et l'exclusion."
Permanence RESF Pantin - Maison du Projet et de l'Habitat,"La permanence RESF Pantin aide les jeunes et les familles avec enfants scolarisés pour leurs demandes de titres de séjour. Elle est ouverte les 1er et 3ème mercredi de chaque mois. Les horaires sont : 18h-20h au 1er mercredi à la Maison de quartier des Quatre Chemins et 10h-13h au 3ème mercredi à la Maison du Projet et de l'Habitat. Pour prendre rendez-vous, appelez le 06 01 48 31 68 ou envoyez un mail à resfpantin@gmail.com."
La Butinerie,"La Butinerie est un lieu à Pantin où les gens peuvent manger et cuisiner ensemble. Il y a une cantine où vous pouvez venir manger et payer ce que vous voulez. C'est aussi un endroit pour discuter sur des sujets comme la nourriture saine et respectueuse de l'environnement. Les professionnels peuvent travailler avec La Butinerie pour des projets avec des associations et des institutions publiques, notamment pour aider les gens à bien manger."
Alter'Nature - Saint-Denis,"Alter'Nature est une épicerie qui aide les étudiants de l'IUT de Saint-Denis. Elle propose des paniers avec des produits d'hygiène et des aliments pour ceux qui ont des difficultés. L'objectif est de réduire le gaspillage alimentaire et de promouvoir une alimentation saine. Alter'Nature aide également les étudiants à trouver des stages ou des emplois, organise des activités pour un développement durable et les aide avec les démarches administratives. Pour recevoir des colis alimentaires, il y a deux options : être orienté par les services sociaux de l'université ou devenir membre de l'association (gratuitement) et participer à ses activités quelques heures par mois."
Association Médée,"L'association Médée à Saint-Ouen aide les femmes victimes de violences sexistes et sexuelles. Elle accueille les femmes de moins de 25 ans pendant la journée, sur rendez-vous. Une équipe de professionnels, dont des travailleurs sociaux, des psychologues et des ostéopathes, les aide. Médée propose aussi des formations pour les professionnels, comme les travailleurs sociaux, les médecins et les policiers, qui veulent en savoir plus sur ce sujet."
Pimms Médiation - Permanence France Services  - Carrefour Pleyel,"La permanence France Service aide les gens à faire leurs démarches en ligne. Elle peut aider pour des choses comme l'ouverture des droits de santé, les impôts, l'emploi ou les allocations familiales. L'équipe va rencontrer les habitants du quartier Carrefour Pleyel pour les aider avec ces démarches administratives."
Abajad 93,"ABAJAD aide des adultes qui ne parlent pas français à trouver un emploi en leur enseignant la langue française. L'association propose des formations courtes et spécifiques à un métier, ainsi qu'un accompagnement pour les aider à s'intégrer dans la société et à trouver un travail."
L'Îlot - Programmes,L'Îlot aide les personnes sous main de justice pendant 6 à 24 mois. Il les aide à trouver un emploi et à résoudre leurs problèmes administratifs. Vous pouvez rencontrer l'Îlot sur rendez-vous à Pantin ou dans certaines maisons d'arrêt où ils ont des permanences.
Sport Dans la Ville,Il semble qu'il n'y ait pas de texte à simplifier. Pourriez-vous me fournir le texte que vous souhaitez que je réécrive en langage clair et accessible à tous ? Je serai ravi de vous aider.
bge Parif,Il semble qu'il n'y ait pas de texte à simplifier. Pourriez-vous me fournir le texte que vous souhaitez que je réécrive en langage clair et accessible à tous ? Je serai ravi de vous aider.
Jupiter.insertion.multiservices Jupiter Insertion Multiservices,Il semble qu'il n'y ait pas de texte à simplifier. Pourriez-vous me fournir le texte que vous souhaitez que je réécrive en langage clair et accessible à tous ? Je serai ravi de vous aider.
Positiv,Il semble qu'il n'y ait pas de texte à simplifier. Pourriez-vous me fournir le texte que vous souhaitez que je réécrive en langage clair et accessible à tous ? Je serai ravi de vous aider.
Positiv,Il semble qu'il n'y ait pas de texte à simplifier. Pourriez-vous me fournir le texte que vous souhaitez que je réécrive en langage clair et accessible à tous ? Je serai ravi de vous aider.
Positiv,Il semble qu'il n'y ait pas de texte à simplifier. Pourriez-vous me fournir le texte que vous souhaitez que je réécrive en langage clair et accessible à tous ? Je serai ravi de vous aider.
Positiv,Il semble qu'il n'y ait pas de texte à simplifier. Pourriez-vous me fournir le texte que vous souhaitez que je réécrive en langage clair et accessible à tous ? Je serai ravi de vous aider.
Croix-Rouge française - Antenne Locale de Bobigny-aubervilliers-la Courneuve-stains,Il semble qu'il n'y ait pas de texte à simplifier. Pourriez-vous me fournir le texte que vous souhaitez que je réécrive en langage clair et accessible à tous ? Je serai ravi de vous aider.
Croix-Rouge française - Antenne Locale Aeroport le Bourget,Il semble qu'il n'y ait pas de texte à simplifier. Pourriez-vous me fournir le texte que vous souhaitez que je réécrive en langage clair et accessible à tous ? Je serai ravi de vous aider.
Croix-Rouge française - Antenne Locale de Sevigne la Dhuys,Il semble qu'il n'y ait pas de texte à simplifier. Pourriez-vous me fournir le texte que vous souhaitez que je réécrive en langage clair et accessible à tous ? Je serai ravi de vous aider.
Croix-Rouge française - Antenne Locale de Pantin le pre Saint Gervais,Il semble qu'il n'y ait pas de texte à simplifier. Pourriez-vous me fournir le texte que vous souhaitez que je réécrive en langage clair et accessible à tous ? Je serai ravi de vous aider.
Adie Aubervilliers - Association Pour le Droit à Linitiative Économique,Il semble qu'il n'y ait pas de texte à simplifier. Pourriez-vous me fournir le texte que vous souhaitez que je réécrive en langage clair et accessible à tous ? Je serai ravi de vous aider.
Adie Montreuil - Association Pour le Droit à Linitiative Économique,Il semble qu'il n'y ait pas de texte à simplifier. Pourriez-vous me fournir le texte que vous souhaitez que je réécrive en langage clair et accessible à tous ? Je serai ravi de vous aider.
Adie Aulnay-sous-bois - Association Pour le Droit à Linitiative Économique,Il semble qu'il n'y ait pas de texte à simplifier. Pourriez-vous me fournir le texte que vous souhaitez que je réécrive en langage clair et accessible à tous ? Je serai ravi de vous aider.
Adie Saint-denis - Association Pour le Droit à Linitiative Économique,Il semble qu'il n'y ait pas de texte à simplifier. Pourriez-vous me fournir le texte que vous souhaitez que je réécrive en langage clair et accessible à tous ? Je serai ravi de vous aider.
Boutique Club Emploi - Centre de Formation Municipal,Il semble qu'il n'y ait pas de texte à simplifier. Pourriez-vous me fournir le texte que vous souhaitez que je réécrive en langage clair et accessible à tous ? Je serai ravi de vous aider.
Croix-Rouge française - Antenne Locale de Bondy-villemomble,Il semble qu'il n'y ait pas de texte à simplifier. Pourriez-vous me fournir le texte que vous souhaitez que je réécrive en langage clair et accessible à tous ? Je serai ravi de vous aider.
Croix-Rouge française - Antenne Locale Aeroport le Bourget,Il semble qu'il n'y ait pas de texte à simplifier. Pourriez-vous me fournir le texte que vous souhaitez que je réécrive en langage clair et accessible à tous ? Je serai ravi de vous aider.
Croix-Rouge française - Antenne Locale Terre d'Avenir,Il semble qu'il n'y ait pas de texte à simplifier. Pourriez-vous me fournir le texte que vous souhaitez que je réécrive en langage clair et accessible à tous ? Je serai ravi de vous aider.
Croix-Rouge française - Antenne Locale Terre d'Avenir,Il semble qu'il n'y ait pas de texte à simplifier. Pourriez-vous me fournir le texte que vous souhaitez que je réécrive en langage clair et accessible à tous ? Je serai ravi de vous aider.
